{"type":"FeatureCollection","features":[{"type":"Feature","properties":{"nom":"L'Ajoupa-Bouillon","code":"97201"},"geometry":{"type":"Polygon","coordinates":[[[-61.16385,14.81248],[-61.16387,14.81293],[-61.16377,14.81319],[-61.16366,14.81334],[-61.16361,14.81348],[-61.16357,14.81385],[-61.1636,14.81403],[-61.16366,14.81412],[-61.16371,14.81436],[-61.16365,14.81443],[-61.16365,14.81456],[-61.16356,14.81485],[-61.16358,14.81512],[-61.16352,14.81517],[-61.16351,14.8153],[-61.16358,14.81539],[-61.16352,14.81563],[-61.16337,14.81542],[-61.16322,14.81527],[-61.16312,14.81513],[-61.16274,14.81419],[-61.16204,14.81353],[-61.16155,14.8133],[-61.1612,14.81318],[-61.16103,14.8131],[-61.16077,14.81303],[-61.16046,14.81297],[-61.1603,14.81296],[-61.16011,14.8129],[-61.16005,14.81284],[-61.15969,14.81274],[-61.15958,14.81265],[-61.15921,14.81265],[-61.15908,14.81261],[-61.15867,14.81266],[-61.15837,14.81264],[-61.15821,14.81266],[-61.15795,14.81262],[-61.15778,14.81267],[-61.15765,14.81251],[-61.1574,14.81248],[-61.15707,14.81235],[-61.15693,14.81232],[-61.15674,14.81237],[-61.15642,14.81228],[-61.15619,14.8123],[-61.15608,14.81225],[-61.15586,14.81222],[-61.15552,14.81237],[-61.15529,14.81233],[-61.15511,14.81236],[-61.15494,14.81236],[-61.15464,14.81221],[-61.15439,14.81231],[-61.15426,14.81226],[-61.15411,14.81227],[-61.15378,14.81233],[-61.15358,14.81231],[-61.1533,14.81221],[-61.15305,14.81201],[-61.15275,14.81193],[-61.15257,14.81183],[-61.15234,14.8118],[-61.15206,14.81171],[-61.15187,14.8116],[-61.15165,14.81177],[-61.15156,14.81179],[-61.15098,14.81152],[-61.15081,14.81146],[-61.15063,14.81135],[-61.15039,14.81115],[-61.15004,14.81107],[-61.14988,14.81092],[-61.1497,14.81083],[-61.14934,14.81091],[-61.14923,14.81088],[-61.14908,14.81076],[-61.14878,14.8106],[-61.14866,14.81049],[-61.14858,14.81034],[-61.14844,14.81022],[-61.14844,14.81014],[-61.14856,14.80995],[-61.14863,14.80973],[-61.14856,14.80957],[-61.14827,14.80946],[-61.14807,14.80931],[-61.14786,14.80918],[-61.14764,14.809],[-61.14736,14.80906],[-61.14711,14.80899],[-61.14684,14.80874],[-61.1466,14.80865],[-61.14648,14.80851],[-61.14638,14.8085],[-61.1462,14.80854],[-61.1459,14.80857],[-61.14576,14.80848],[-61.1454,14.80835],[-61.14522,14.80834],[-61.14497,14.8085],[-61.14478,14.80876],[-61.14457,14.8089],[-61.14438,14.80885],[-61.14436,14.80866],[-61.14429,14.80855],[-61.14406,14.80846],[-61.14387,14.80846],[-61.14371,14.80839],[-61.14363,14.80841],[-61.14343,14.8086],[-61.1432,14.80868],[-61.14303,14.80891],[-61.1429,14.80899],[-61.14267,14.80903],[-61.14244,14.80897],[-61.14224,14.80901],[-61.14197,14.80919],[-61.14187,14.80931],[-61.14191,14.80956],[-61.14169,14.80973],[-61.1415,14.81014],[-61.14134,14.81035],[-61.14107,14.81062],[-61.14091,14.81072],[-61.14078,14.81092],[-61.1407,14.81112],[-61.14077,14.81142],[-61.14077,14.81161],[-61.14089,14.81181],[-61.14085,14.81203],[-61.14077,14.81215],[-61.14055,14.81231],[-61.14045,14.81244],[-61.14039,14.8126],[-61.1404,14.81295],[-61.14048,14.81319],[-61.14047,14.81341],[-61.14018,14.81371],[-61.1401,14.81376],[-61.13989,14.81377],[-61.13971,14.81385],[-61.13953,14.81417],[-61.1395,14.81433],[-61.1395,14.81458],[-61.13954,14.81472],[-61.13954,14.81489],[-61.13942,14.8151],[-61.13917,14.81526],[-61.13895,14.81528],[-61.13865,14.81538],[-61.13839,14.81552],[-61.13819,14.81572],[-61.13806,14.81598],[-61.138,14.81618],[-61.13769,14.81638],[-61.13738,14.81677],[-61.1373,14.81684],[-61.13711,14.81691],[-61.13691,14.81694],[-61.13669,14.81691],[-61.13651,14.81686],[-61.13635,14.81673],[-61.1362,14.81668],[-61.13596,14.81676],[-61.13582,14.81692],[-61.13567,14.81724],[-61.13552,14.81775],[-61.13536,14.81794],[-61.13521,14.81832],[-61.13502,14.81841],[-61.13488,14.81827],[-61.13474,14.81824],[-61.13462,14.81826],[-61.13448,14.81834],[-61.13432,14.81851],[-61.13413,14.81856],[-61.13394,14.81873],[-61.13379,14.81901],[-61.13361,14.81924],[-61.13355,14.81947],[-61.13341,14.81958],[-61.13324,14.81967],[-61.13296,14.81977],[-61.13271,14.82007],[-61.13246,14.82029],[-61.13223,14.82043],[-61.13209,14.82048],[-61.1317,14.82047],[-61.13145,14.82043],[-61.13116,14.82047],[-61.13092,14.82056],[-61.13072,14.82068],[-61.13055,14.82082],[-61.13029,14.82108],[-61.13019,14.82123],[-61.13015,14.82142],[-61.13014,14.82175],[-61.13005,14.82191],[-61.12987,14.82201],[-61.12957,14.82197],[-61.12942,14.82198],[-61.12908,14.82218],[-61.12876,14.82234],[-61.12854,14.82243],[-61.12837,14.82253],[-61.12816,14.82278],[-61.128,14.82283],[-61.12782,14.82279],[-61.12769,14.8228],[-61.12741,14.82296],[-61.12698,14.82304],[-61.12683,14.82315],[-61.12675,14.82331],[-61.1268,14.8236],[-61.12685,14.8237],[-61.12683,14.82381],[-61.12674,14.82395],[-61.12665,14.824],[-61.12616,14.82417],[-61.12601,14.82441],[-61.12564,14.82472],[-61.12535,14.82504],[-61.12507,14.82522],[-61.12495,14.82532],[-61.12475,14.82557],[-61.12472,14.82572],[-61.12472,14.826],[-61.12458,14.82611],[-61.12432,14.82613],[-61.12373,14.82621],[-61.12349,14.82619],[-61.12319,14.82623],[-61.12294,14.82615],[-61.12268,14.82593],[-61.12248,14.82592],[-61.12237,14.82595],[-61.12228,14.82607],[-61.12206,14.82612],[-61.12192,14.82624],[-61.12167,14.82636],[-61.12141,14.82643],[-61.12126,14.82641],[-61.12115,14.82646],[-61.12095,14.8264],[-61.12082,14.82652],[-61.12063,14.82661],[-61.12039,14.82695],[-61.12017,14.82701],[-61.12004,14.82697],[-61.11996,14.8269],[-61.11973,14.82643],[-61.11967,14.82634],[-61.11951,14.82625],[-61.11931,14.82628],[-61.11915,14.82636],[-61.11899,14.82649],[-61.11872,14.82666],[-61.11866,14.82679],[-61.11863,14.82695],[-61.11852,14.82711],[-61.11855,14.82728],[-61.11848,14.82747],[-61.11833,14.8276],[-61.11823,14.82763],[-61.11795,14.82766],[-61.11783,14.82763],[-61.11755,14.82749],[-61.11718,14.82746],[-61.117,14.82754],[-61.11684,14.82773],[-61.11671,14.82784],[-61.11657,14.82804],[-61.11652,14.82818],[-61.11646,14.82851],[-61.11648,14.82885],[-61.11645,14.82904],[-61.11638,14.82917],[-61.11612,14.82935],[-61.11587,14.82939],[-61.11554,14.82925],[-61.11528,14.8291],[-61.11505,14.82892],[-61.11487,14.8289],[-61.11451,14.82899],[-61.11428,14.82911],[-61.11416,14.82928],[-61.11412,14.82948],[-61.11397,14.82969],[-61.11389,14.82973],[-61.11375,14.82971],[-61.11352,14.82961],[-61.11334,14.82948],[-61.11308,14.82935],[-61.11229,14.82877],[-61.11199,14.8286],[-61.1117,14.8286],[-61.1113,14.82894],[-61.1111,14.82911],[-61.1108,14.82946],[-61.11043,14.82976],[-61.11004,14.83016],[-61.10966,14.83045],[-61.10934,14.83062],[-61.10846,14.83086],[-61.10816,14.83089],[-61.1078,14.83098],[-61.10766,14.83106],[-61.10727,14.83111],[-61.10674,14.83116],[-61.1065,14.83127],[-61.10641,14.83148],[-61.10633,14.83184],[-61.10624,14.83197],[-61.1061,14.83208],[-61.10575,14.83241],[-61.10554,14.83248],[-61.10531,14.83239],[-61.10514,14.83239],[-61.1047,14.83247],[-61.10464,14.83251],[-61.10443,14.83244],[-61.10426,14.83245],[-61.10416,14.83258],[-61.10408,14.83273],[-61.10408,14.83297],[-61.10399,14.83303],[-61.10384,14.83305],[-61.10351,14.83304],[-61.10338,14.83296],[-61.10321,14.83268],[-61.10312,14.83262],[-61.10292,14.83258],[-61.10254,14.83264],[-61.10245,14.83261],[-61.10215,14.83238],[-61.10193,14.83236],[-61.1016,14.83244],[-61.10148,14.83259],[-61.10137,14.83262],[-61.10116,14.83261],[-61.10074,14.83239],[-61.10054,14.83222],[-61.10043,14.83209],[-61.10013,14.83191],[-61.09996,14.83176],[-61.0998,14.83172],[-61.0994,14.83143],[-61.09923,14.83139],[-61.09883,14.83146],[-61.09859,14.83141],[-61.098,14.8314],[-61.09749,14.83152],[-61.09714,14.83141],[-61.09749,14.83125],[-61.098,14.83086],[-61.09819,14.83066],[-61.09838,14.83042],[-61.09847,14.83011],[-61.09847,14.82983],[-61.09842,14.8297],[-61.09821,14.82941],[-61.09827,14.82932],[-61.09868,14.82913],[-61.09897,14.82896],[-61.09916,14.82876],[-61.09924,14.82851],[-61.09933,14.82798],[-61.09935,14.8276],[-61.09941,14.82728],[-61.09946,14.82691],[-61.09956,14.82656],[-61.0997,14.82629],[-61.0999,14.82607],[-61.10006,14.82587],[-61.10006,14.82566],[-61.09999,14.82515],[-61.09983,14.82456],[-61.09972,14.82423],[-61.09969,14.82392],[-61.09973,14.82355],[-61.09978,14.8234],[-61.09998,14.82311],[-61.10025,14.82285],[-61.10041,14.82273],[-61.10065,14.8226],[-61.10104,14.82246],[-61.10159,14.82226],[-61.10175,14.82211],[-61.1019,14.82185],[-61.10191,14.82172],[-61.10189,14.82142],[-61.10172,14.82072],[-61.10165,14.82056],[-61.10142,14.82033],[-61.1013,14.82026],[-61.10103,14.82024],[-61.10069,14.82026],[-61.10044,14.82018],[-61.10027,14.82004],[-61.10019,14.81993],[-61.10008,14.81959],[-61.1001,14.81926],[-61.10023,14.81897],[-61.10032,14.81887],[-61.10045,14.81845],[-61.10055,14.81831],[-61.10068,14.8182],[-61.10077,14.818],[-61.1008,14.8177],[-61.10072,14.81748],[-61.10042,14.81717],[-61.10007,14.81687],[-61.09977,14.81669],[-61.09959,14.81667],[-61.09943,14.8166],[-61.09935,14.81651],[-61.09917,14.81606],[-61.09911,14.81577],[-61.09912,14.81565],[-61.09926,14.81524],[-61.09931,14.81517],[-61.09963,14.81485],[-61.09984,14.81456],[-61.10003,14.81439],[-61.10011,14.81424],[-61.10028,14.81359],[-61.10058,14.81308],[-61.1007,14.81292],[-61.1009,14.81285],[-61.10104,14.81291],[-61.10115,14.81311],[-61.10114,14.81327],[-61.10098,14.81356],[-61.10101,14.81372],[-61.10122,14.81386],[-61.1014,14.81394],[-61.10179,14.81405],[-61.10204,14.8142],[-61.1023,14.81442],[-61.10249,14.81447],[-61.1027,14.81441],[-61.10275,14.81427],[-61.10278,14.81385],[-61.10288,14.81339],[-61.10283,14.81322],[-61.10281,14.81286],[-61.10285,14.81271],[-61.10303,14.81243],[-61.10327,14.81224],[-61.10356,14.81217],[-61.10387,14.81204],[-61.1039,14.81188],[-61.10372,14.8117],[-61.10371,14.8115],[-61.10391,14.81121],[-61.10418,14.81087],[-61.10435,14.81057],[-61.10447,14.81014],[-61.10457,14.80996],[-61.10471,14.80985],[-61.10487,14.80982],[-61.10504,14.80986],[-61.10527,14.81005],[-61.10542,14.81015],[-61.10568,14.81018],[-61.10596,14.81024],[-61.10614,14.81021],[-61.10635,14.81023],[-61.10666,14.81019],[-61.10683,14.81006],[-61.10698,14.80989],[-61.1071,14.80957],[-61.10725,14.80924],[-61.10729,14.80891],[-61.10734,14.80871],[-61.10768,14.8079],[-61.10785,14.80776],[-61.10794,14.80772],[-61.10811,14.80773],[-61.10824,14.80782],[-61.10843,14.80803],[-61.10866,14.80804],[-61.109,14.80818],[-61.10943,14.80826],[-61.10962,14.80827],[-61.10982,14.80823],[-61.10994,14.80813],[-61.11,14.8079],[-61.10992,14.80765],[-61.10994,14.80735],[-61.1099,14.80689],[-61.10992,14.80664],[-61.11,14.80642],[-61.11012,14.8062],[-61.1103,14.80606],[-61.1106,14.80597],[-61.11088,14.80582],[-61.11098,14.80579],[-61.11135,14.80574],[-61.11154,14.80564],[-61.1117,14.80551],[-61.1121,14.805],[-61.1123,14.80471],[-61.11243,14.80444],[-61.11253,14.80412],[-61.11277,14.80414],[-61.11317,14.80413],[-61.11369,14.80434],[-61.1149,14.80353],[-61.11527,14.80323],[-61.11593,14.80279],[-61.1165,14.80238],[-61.11678,14.80211],[-61.11704,14.80195],[-61.11776,14.80159],[-61.11816,14.80128],[-61.11845,14.80112],[-61.11886,14.80098],[-61.11932,14.80087],[-61.1199,14.80069],[-61.12018,14.80064],[-61.12047,14.80051],[-61.12073,14.80042],[-61.12096,14.80025],[-61.12101,14.80027],[-61.12129,14.80026],[-61.12168,14.8002],[-61.12216,14.8],[-61.12247,14.79993],[-61.12271,14.7999],[-61.1229,14.79992],[-61.12321,14.80001],[-61.12351,14.80002],[-61.12374,14.80015],[-61.12455,14.79959],[-61.12488,14.79941],[-61.12542,14.79918],[-61.12567,14.7991],[-61.12577,14.79902],[-61.12595,14.79897],[-61.1267,14.79891],[-61.12694,14.79891],[-61.12725,14.79896],[-61.12778,14.79901],[-61.12837,14.7991],[-61.12897,14.79924],[-61.12883,14.7995],[-61.12875,14.79973],[-61.12879,14.79993],[-61.12887,14.80008],[-61.12903,14.80015],[-61.12917,14.80017],[-61.12959,14.80017],[-61.12984,14.80019],[-61.13048,14.80039],[-61.1309,14.80037],[-61.13139,14.8003],[-61.13166,14.8003],[-61.13188,14.80035],[-61.13202,14.80043],[-61.13206,14.80058],[-61.1323,14.80057],[-61.13247,14.80051],[-61.13276,14.80037],[-61.133,14.8002],[-61.13325,14.80019],[-61.13352,14.80033],[-61.13372,14.80036],[-61.13402,14.80027],[-61.13447,14.8002],[-61.13507,14.80021],[-61.13515,14.80018],[-61.13559,14.79993],[-61.136,14.79984],[-61.13635,14.7998],[-61.13649,14.79972],[-61.13671,14.79952],[-61.13693,14.79947],[-61.13717,14.79951],[-61.13734,14.79959],[-61.13755,14.79963],[-61.13786,14.79979],[-61.13813,14.79985],[-61.13839,14.79987],[-61.13855,14.79992],[-61.13905,14.8004],[-61.13935,14.80047],[-61.13961,14.80047],[-61.13995,14.8005],[-61.14012,14.80053],[-61.1404,14.80065],[-61.14067,14.80081],[-61.14088,14.80086],[-61.14129,14.80108],[-61.14149,14.80115],[-61.14172,14.80133],[-61.14198,14.80147],[-61.14219,14.80153],[-61.14237,14.80154],[-61.14269,14.80147],[-61.14277,14.80165],[-61.14291,14.80178],[-61.14309,14.80175],[-61.14334,14.80179],[-61.14363,14.80187],[-61.14383,14.80188],[-61.14411,14.80187],[-61.1449,14.80231],[-61.14516,14.80253],[-61.14518,14.80258],[-61.14543,14.80283],[-61.14575,14.80319],[-61.14591,14.80365],[-61.14609,14.80404],[-61.1463,14.80431],[-61.14639,14.80451],[-61.14641,14.8047],[-61.14637,14.80489],[-61.14637,14.80502],[-61.14649,14.8051],[-61.14683,14.8052],[-61.14702,14.80531],[-61.14724,14.8055],[-61.14742,14.80554],[-61.14766,14.80554],[-61.1481,14.80571],[-61.14833,14.80584],[-61.14858,14.80596],[-61.14876,14.80605],[-61.14925,14.80619],[-61.14946,14.80621],[-61.14965,14.80611],[-61.14994,14.80589],[-61.15091,14.80592],[-61.15093,14.80585],[-61.15378,14.80543],[-61.15396,14.80569],[-61.15405,14.80587],[-61.15415,14.806],[-61.15432,14.80613],[-61.15451,14.80635],[-61.15483,14.80643],[-61.15497,14.80652],[-61.15525,14.80658],[-61.15561,14.80657],[-61.15635,14.80577],[-61.15694,14.80608],[-61.15692,14.80628],[-61.15694,14.80653],[-61.15699,14.80675],[-61.15684,14.80698],[-61.15688,14.80712],[-61.15695,14.8072],[-61.15698,14.80746],[-61.15727,14.8079],[-61.15769,14.80796],[-61.15788,14.80793],[-61.15833,14.80796],[-61.15861,14.80803],[-61.15891,14.80802],[-61.15909,14.80808],[-61.15924,14.80816],[-61.15983,14.80815],[-61.16015,14.80804],[-61.16032,14.808],[-61.16175,14.80718],[-61.16261,14.80839],[-61.16255,14.80854],[-61.16244,14.80867],[-61.16233,14.80891],[-61.16233,14.80901],[-61.16245,14.80947],[-61.16261,14.80984],[-61.16264,14.81003],[-61.16274,14.81036],[-61.16295,14.81065],[-61.16312,14.81093],[-61.16329,14.81108],[-61.16339,14.81138],[-61.16345,14.81169],[-61.1636,14.812],[-61.16374,14.8122],[-61.16379,14.8124],[-61.16385,14.81248]]]}},{"type":"Feature","properties":{"nom":"Les Anses-d'Arlet","code":"97202"},"geometry":{"type":"MultiPolygon","coordinates":[[[[-61.07389,14.54073],[-61.07396,14.54002],[-61.07373,14.54008],[-61.07377,14.53963],[-61.07366,14.53945],[-61.0737,14.53928],[-61.0736,14.53881],[-61.07347,14.53855],[-61.07337,14.53846],[-61.07315,14.53801],[-61.07285,14.53758],[-61.07266,14.53705],[-61.0724,14.53667],[-61.07213,14.53638],[-61.07198,14.53604],[-61.07178,14.53575],[-61.07129,14.53521],[-61.07124,14.53515],[-61.07115,14.53484],[-61.07099,14.53442],[-61.07086,14.5342],[-61.07075,14.53408],[-61.07036,14.53386],[-61.06981,14.53349],[-61.06973,14.53324],[-61.06971,14.53298],[-61.07121,14.53218],[-61.07155,14.53201],[-61.07141,14.53179],[-61.06982,14.52885],[-61.06894,14.52737],[-61.06859,14.52679],[-61.06843,14.52651],[-61.06829,14.52631],[-61.06807,14.5259],[-61.06683,14.52381],[-61.06578,14.52188],[-61.06343,14.51822],[-61.06295,14.51588],[-61.05993,14.51049],[-61.06073,14.51008],[-61.05894,14.50652],[-61.05815,14.5061],[-61.05643,14.50627],[-61.05506,14.50567],[-61.05473,14.50285],[-61.05646,14.50317],[-61.05639,14.50105],[-61.05456,14.50035],[-61.05305,14.50073],[-61.05179,14.49992],[-61.0515,14.49824],[-61.0513,14.49734],[-61.05115,14.49743],[-61.05079,14.49759],[-61.05063,14.49771],[-61.05059,14.49784],[-61.05069,14.49811],[-61.05063,14.4983],[-61.05047,14.49835],[-61.0503,14.4983],[-61.04967,14.4964],[-61.04896,14.49687],[-61.04905,14.49746],[-61.0479,14.49815],[-61.04748,14.49604],[-61.04695,14.49587],[-61.04682,14.49584],[-61.0463,14.49562],[-61.0464,14.49553],[-61.04669,14.49537],[-61.04718,14.49491],[-61.04761,14.49455],[-61.04785,14.49436],[-61.04813,14.49417],[-61.04845,14.49393],[-61.04858,14.49377],[-61.0491,14.49334],[-61.04917,14.49328],[-61.04911,14.49306],[-61.04907,14.49269],[-61.04899,14.49236],[-61.04883,14.49183],[-61.04932,14.49163],[-61.05022,14.49118],[-61.05049,14.49101],[-61.0509,14.49077],[-61.05155,14.49043],[-61.05257,14.48984],[-61.05279,14.48966],[-61.0531,14.48934],[-61.0534,14.48905],[-61.05353,14.48894],[-61.05347,14.48881],[-61.05318,14.48842],[-61.05269,14.48771],[-61.05262,14.48767],[-61.05217,14.48727],[-61.05274,14.48656],[-61.05352,14.48703],[-61.05414,14.48603],[-61.05476,14.48574],[-61.05488,14.48572],[-61.05582,14.48566],[-61.05609,14.48549],[-61.05641,14.48583],[-61.05678,14.48552],[-61.05689,14.48531],[-61.05718,14.48498],[-61.05753,14.48457],[-61.05709,14.4844],[-61.05616,14.48378],[-61.0554,14.48314],[-61.05506,14.48292],[-61.05534,14.48291],[-61.05587,14.48292],[-61.05636,14.48233],[-61.05667,14.48192],[-61.05602,14.48042],[-61.05569,14.47868],[-61.05487,14.47851],[-61.05318,14.47677],[-61.05295,14.47472],[-61.0532,14.47419],[-61.05322,14.47338],[-61.05327,14.47328],[-61.05378,14.47264],[-61.05263,14.47047],[-61.0525,14.46939],[-61.05436,14.46514],[-61.05638,14.46364],[-61.05717,14.4634],[-61.05695,14.46259],[-61.05617,14.46172],[-61.05381,14.46003],[-61.05429,14.45971],[-61.05435,14.45965],[-61.05445,14.45939],[-61.05473,14.45898],[-61.05486,14.45857],[-61.05497,14.45833],[-61.05501,14.4582],[-61.05501,14.45795],[-61.05496,14.45776],[-61.05472,14.45728],[-61.05467,14.45693],[-61.05453,14.45666],[-61.05444,14.45655],[-61.05439,14.45633],[-61.05427,14.45616],[-61.05414,14.45605],[-61.05398,14.45601],[-61.05381,14.456],[-61.05367,14.45595],[-61.05347,14.45582],[-61.05337,14.4557],[-61.05407,14.45507],[-61.05418,14.45495],[-61.05425,14.45472],[-61.05433,14.4546],[-61.05441,14.45465],[-61.0545,14.4546],[-61.05456,14.45448],[-61.05471,14.45437],[-61.05484,14.45434],[-61.05493,14.4542],[-61.05501,14.45423],[-61.05517,14.45419],[-61.05527,14.4541],[-61.05545,14.45402],[-61.05553,14.45395],[-61.0559,14.454],[-61.05596,14.4539],[-61.05606,14.45391],[-61.05617,14.45404],[-61.05637,14.45406],[-61.05649,14.4541],[-61.0568,14.45408],[-61.05694,14.45404],[-61.05703,14.45409],[-61.05732,14.45407],[-61.0574,14.45412],[-61.05764,14.45412],[-61.05793,14.45421],[-61.05805,14.4542],[-61.05818,14.45413],[-61.05826,14.45421],[-61.05875,14.45425],[-61.05907,14.45435],[-61.05932,14.45453],[-61.05966,14.45466],[-61.05969,14.45476],[-61.0599,14.45486],[-61.06003,14.4549],[-61.06033,14.45502],[-61.06059,14.45502],[-61.06085,14.45509],[-61.06092,14.45501],[-61.0611,14.45514],[-61.06138,14.45522],[-61.06168,14.45536],[-61.06214,14.45554],[-61.06227,14.45563],[-61.06268,14.45585],[-61.06327,14.45631],[-61.06343,14.45645],[-61.06374,14.45666],[-61.06388,14.45678],[-61.06419,14.45699],[-61.06475,14.45741],[-61.06499,14.4577],[-61.0653,14.45832],[-61.06548,14.45858],[-61.06584,14.45902],[-61.066,14.45915],[-61.06608,14.45927],[-61.06623,14.45935],[-61.0664,14.45939],[-61.06647,14.45961],[-61.06663,14.45967],[-61.06686,14.45988],[-61.06699,14.46012],[-61.06703,14.46069],[-61.06709,14.4611],[-61.06723,14.46146],[-61.06725,14.46161],[-61.06712,14.46169],[-61.06739,14.4619],[-61.06716,14.46191],[-61.06716,14.46197],[-61.06729,14.46202],[-61.06725,14.46211],[-61.06721,14.46233],[-61.06705,14.46235],[-61.06717,14.46245],[-61.06718,14.46264],[-61.06705,14.46293],[-61.0671,14.46312],[-61.06717,14.46316],[-61.06735,14.46349],[-61.06744,14.46376],[-61.06737,14.46382],[-61.06724,14.46345],[-61.06714,14.46341],[-61.06703,14.46345],[-61.06702,14.46359],[-61.06705,14.46381],[-61.06723,14.46384],[-61.06729,14.46394],[-61.0672,14.46404],[-61.06699,14.46413],[-61.06699,14.46419],[-61.0672,14.46424],[-61.0672,14.46442],[-61.06728,14.4647],[-61.0673,14.46489],[-61.06746,14.46538],[-61.06752,14.46551],[-61.06757,14.46586],[-61.06761,14.46598],[-61.06778,14.46627],[-61.06779,14.46639],[-61.0679,14.46661],[-61.06806,14.46676],[-61.06828,14.46691],[-61.06837,14.46691],[-61.06843,14.46701],[-61.06873,14.46713],[-61.06881,14.46704],[-61.06897,14.46706],[-61.06904,14.46712],[-61.0691,14.4673],[-61.06937,14.46757],[-61.0696,14.46789],[-61.06964,14.46823],[-61.06971,14.46837],[-61.06988,14.46854],[-61.07019,14.46875],[-61.07072,14.46895],[-61.07098,14.46901],[-61.07144,14.46909],[-61.07208,14.46917],[-61.07267,14.46917],[-61.07292,14.46914],[-61.07326,14.46906],[-61.07336,14.46906],[-61.07384,14.46894],[-61.07447,14.46863],[-61.07467,14.46858],[-61.07478,14.46851],[-61.07501,14.46844],[-61.07528,14.46833],[-61.07545,14.46814],[-61.07566,14.46796],[-61.07576,14.46792],[-61.07594,14.46794],[-61.07603,14.46789],[-61.07611,14.46777],[-61.07623,14.46768],[-61.07633,14.46769],[-61.07648,14.46765],[-61.07656,14.46756],[-61.07664,14.46765],[-61.07726,14.46781],[-61.07744,14.46779],[-61.07756,14.46783],[-61.07776,14.46797],[-61.07796,14.46802],[-61.07836,14.46822],[-61.07858,14.46829],[-61.07896,14.46837],[-61.07936,14.46853],[-61.0796,14.46866],[-61.07986,14.46875],[-61.08015,14.46898],[-61.08045,14.46935],[-61.08072,14.46962],[-61.08135,14.47018],[-61.08165,14.47052],[-61.08178,14.47088],[-61.08195,14.4712],[-61.08209,14.47163],[-61.0822,14.47201],[-61.0823,14.47247],[-61.08227,14.4726],[-61.08231,14.47308],[-61.08234,14.47321],[-61.08255,14.47326],[-61.08271,14.47343],[-61.08274,14.47366],[-61.08263,14.47394],[-61.08241,14.47439],[-61.0822,14.47457],[-61.08198,14.47462],[-61.08188,14.47469],[-61.0818,14.47484],[-61.08173,14.47506],[-61.08178,14.4753],[-61.0819,14.47545],[-61.08202,14.47578],[-61.08215,14.47584],[-61.08238,14.47586],[-61.08256,14.47605],[-61.08259,14.47622],[-61.08258,14.47635],[-61.08243,14.47657],[-61.08229,14.47671],[-61.08223,14.47686],[-61.08202,14.47703],[-61.08176,14.47699],[-61.08148,14.47701],[-61.0814,14.47704],[-61.08138,14.47714],[-61.08123,14.47708],[-61.08115,14.47709],[-61.08078,14.4773],[-61.08062,14.47743],[-61.08048,14.4775],[-61.08036,14.4776],[-61.08008,14.47772],[-61.07968,14.47799],[-61.07955,14.47815],[-61.07945,14.47834],[-61.07931,14.47851],[-61.07916,14.47896],[-61.07905,14.47936],[-61.07899,14.4796],[-61.07901,14.47979],[-61.07897,14.48018],[-61.07897,14.48042],[-61.07903,14.48072],[-61.07912,14.48093],[-61.07913,14.48119],[-61.07916,14.48143],[-61.07927,14.48175],[-61.07955,14.48208],[-61.07962,14.48222],[-61.07968,14.48243],[-61.07968,14.48271],[-61.07964,14.48308],[-61.07959,14.48325],[-61.07958,14.48347],[-61.07963,14.48381],[-61.07968,14.484],[-61.0798,14.48422],[-61.0799,14.48453],[-61.07993,14.48489],[-61.0799,14.48498],[-61.07978,14.48514],[-61.07977,14.4853],[-61.07963,14.48568],[-61.07952,14.4859],[-61.07939,14.48626],[-61.07943,14.48633],[-61.07941,14.48654],[-61.07945,14.48663],[-61.07937,14.48682],[-61.07938,14.48695],[-61.07933,14.48711],[-61.07935,14.48724],[-61.07928,14.48786],[-61.0793,14.48815],[-61.07928,14.48836],[-61.07932,14.48844],[-61.07949,14.48846],[-61.07969,14.48879],[-61.07975,14.48898],[-61.07973,14.48905],[-61.07953,14.4892],[-61.07957,14.48942],[-61.07985,14.48986],[-61.0803,14.49037],[-61.08042,14.49048],[-61.08049,14.49059],[-61.08081,14.49081],[-61.08099,14.49095],[-61.0812,14.49118],[-61.08144,14.49132],[-61.08156,14.49143],[-61.08188,14.49166],[-61.08237,14.49197],[-61.08252,14.49205],[-61.08271,14.49209],[-61.08286,14.492],[-61.08315,14.49208],[-61.08337,14.49206],[-61.08378,14.49179],[-61.08385,14.49153],[-61.08396,14.49141],[-61.08418,14.4914],[-61.08436,14.49137],[-61.08453,14.49129],[-61.0846,14.49119],[-61.08469,14.49123],[-61.0848,14.49116],[-61.08524,14.49116],[-61.08529,14.49111],[-61.08563,14.49099],[-61.08587,14.49112],[-61.0859,14.49119],[-61.08613,14.49126],[-61.08628,14.49138],[-61.08641,14.49137],[-61.08655,14.49152],[-61.08661,14.49148],[-61.08669,14.49161],[-61.08687,14.49158],[-61.08704,14.49158],[-61.08716,14.49152],[-61.08734,14.49158],[-61.08778,14.49156],[-61.08796,14.49162],[-61.08808,14.49162],[-61.08814,14.49175],[-61.08827,14.49184],[-61.08843,14.4919],[-61.08854,14.49189],[-61.08859,14.49199],[-61.0887,14.49201],[-61.08901,14.49201],[-61.08909,14.49207],[-61.08913,14.49219],[-61.08977,14.49226],[-61.09002,14.49243],[-61.09031,14.49255],[-61.09045,14.49281],[-61.09048,14.49312],[-61.09039,14.49345],[-61.09031,14.49355],[-61.08984,14.4938],[-61.08966,14.49395],[-61.08964,14.49407],[-61.08978,14.49419],[-61.0897,14.49431],[-61.08933,14.49468],[-61.08922,14.49481],[-61.08921,14.49505],[-61.08923,14.49522],[-61.08915,14.49538],[-61.08915,14.49553],[-61.08939,14.49587],[-61.08934,14.49603],[-61.08923,14.49609],[-61.08931,14.49619],[-61.08949,14.49663],[-61.08958,14.4967],[-61.08963,14.49681],[-61.08959,14.49729],[-61.08966,14.4974],[-61.08978,14.49751],[-61.08967,14.49777],[-61.08911,14.49801],[-61.08878,14.49798],[-61.08864,14.498],[-61.08843,14.49821],[-61.0882,14.49832],[-61.08796,14.49841],[-61.0877,14.49844],[-61.08756,14.49841],[-61.08742,14.49844],[-61.08735,14.49837],[-61.08695,14.49822],[-61.08673,14.49807],[-61.08642,14.49779],[-61.08624,14.49773],[-61.08589,14.49783],[-61.08555,14.49788],[-61.08526,14.498],[-61.08468,14.49831],[-61.08454,14.49831],[-61.08435,14.49835],[-61.08417,14.49845],[-61.08402,14.49865],[-61.08394,14.49898],[-61.08387,14.49934],[-61.0838,14.49944],[-61.08384,14.49955],[-61.08378,14.50004],[-61.08378,14.50032],[-61.08375,14.50042],[-61.08385,14.50084],[-61.08387,14.50117],[-61.08407,14.50199],[-61.08415,14.50217],[-61.08437,14.50282],[-61.08458,14.50337],[-61.08464,14.50365],[-61.08482,14.50431],[-61.08489,14.50453],[-61.08521,14.50516],[-61.08544,14.50547],[-61.08581,14.50586],[-61.08636,14.50632],[-61.08675,14.50661],[-61.08706,14.5068],[-61.08756,14.50708],[-61.08782,14.50707],[-61.08821,14.50702],[-61.08839,14.50704],[-61.08859,14.507],[-61.0888,14.50704],[-61.08895,14.50719],[-61.08924,14.5074],[-61.08937,14.50742],[-61.08965,14.50758],[-61.08977,14.50771],[-61.09002,14.50774],[-61.09033,14.50786],[-61.09062,14.50785],[-61.09069,14.50789],[-61.09103,14.50799],[-61.0912,14.50798],[-61.09143,14.50793],[-61.09175,14.50774],[-61.09189,14.50777],[-61.09231,14.50769],[-61.09268,14.50773],[-61.09297,14.50771],[-61.09329,14.5077],[-61.09354,14.50762],[-61.09383,14.50759],[-61.09409,14.5075],[-61.09435,14.50736],[-61.09457,14.50736],[-61.09473,14.50731],[-61.09489,14.50711],[-61.09517,14.50707],[-61.09536,14.50708],[-61.09584,14.50685],[-61.09624,14.50671],[-61.09646,14.50665],[-61.09657,14.50651],[-61.09706,14.50661],[-61.0972,14.50666],[-61.09733,14.50665],[-61.09776,14.50671],[-61.09789,14.50661],[-61.09798,14.50669],[-61.09847,14.50684],[-61.09859,14.50683],[-61.09886,14.5069],[-61.09954,14.507],[-61.09968,14.50709],[-61.09997,14.50708],[-61.10019,14.50712],[-61.10028,14.50719],[-61.10038,14.5072],[-61.10043,14.50729],[-61.10061,14.50744],[-61.10084,14.50785],[-61.10093,14.50812],[-61.1009,14.50855],[-61.10079,14.50883],[-61.10073,14.50907],[-61.10072,14.50922],[-61.10065,14.50933],[-61.10054,14.50936],[-61.10051,14.50949],[-61.10038,14.50966],[-61.10036,14.50983],[-61.10011,14.51019],[-61.09982,14.51046],[-61.09968,14.51054],[-61.09961,14.51065],[-61.09965,14.51072],[-61.09961,14.51082],[-61.09949,14.51087],[-61.09945,14.51097],[-61.09927,14.51097],[-61.09906,14.51117],[-61.09882,14.51128],[-61.09866,14.51122],[-61.09854,14.51125],[-61.09845,14.51133],[-61.09836,14.51149],[-61.09826,14.51159],[-61.09813,14.51153],[-61.09803,14.51162],[-61.09762,14.51192],[-61.09741,14.51225],[-61.09732,14.51246],[-61.0974,14.51262],[-61.09742,14.51273],[-61.09729,14.51276],[-61.09726,14.5129],[-61.09737,14.51309],[-61.0972,14.51323],[-61.09716,14.51336],[-61.09708,14.51339],[-61.09683,14.51336],[-61.09674,14.5135],[-61.09664,14.51382],[-61.09657,14.51434],[-61.09664,14.51465],[-61.09663,14.51507],[-61.09666,14.51531],[-61.09674,14.51532],[-61.09677,14.51545],[-61.0969,14.51574],[-61.0969,14.51587],[-61.09695,14.51601],[-61.09698,14.51632],[-61.09707,14.51657],[-61.09713,14.517],[-61.09719,14.51718],[-61.09711,14.51738],[-61.09716,14.51749],[-61.09712,14.51771],[-61.09714,14.5179],[-61.09712,14.51808],[-61.09723,14.51818],[-61.09721,14.51842],[-61.09722,14.51867],[-61.09696,14.51895],[-61.09676,14.51911],[-61.0968,14.5193],[-61.09672,14.51955],[-61.09664,14.51969],[-61.0965,14.51975],[-61.09644,14.51989],[-61.09634,14.51996],[-61.09617,14.51997],[-61.09613,14.52009],[-61.09593,14.52045],[-61.09579,14.52053],[-61.09573,14.52062],[-61.09552,14.52076],[-61.09547,14.52089],[-61.09544,14.52112],[-61.0952,14.52112],[-61.09502,14.52105],[-61.09485,14.5211],[-61.09475,14.52139],[-61.09465,14.52145],[-61.09451,14.52179],[-61.09437,14.52206],[-61.09437,14.5224],[-61.0943,14.52262],[-61.0943,14.52328],[-61.09438,14.52357],[-61.09442,14.52387],[-61.09435,14.5244],[-61.09439,14.52463],[-61.09426,14.52475],[-61.0942,14.52486],[-61.09406,14.525],[-61.09373,14.52521],[-61.09336,14.52552],[-61.09316,14.52559],[-61.09284,14.52554],[-61.09259,14.52547],[-61.09237,14.52549],[-61.09206,14.52539],[-61.0918,14.52528],[-61.09158,14.52524],[-61.09131,14.52532],[-61.09101,14.5253],[-61.09084,14.52534],[-61.09057,14.52531],[-61.09015,14.52525],[-61.08984,14.52537],[-61.08971,14.52546],[-61.08957,14.52566],[-61.08941,14.52583],[-61.08923,14.52614],[-61.0892,14.52623],[-61.08921,14.52641],[-61.08929,14.5266],[-61.08938,14.5267],[-61.08958,14.52682],[-61.08964,14.5269],[-61.08985,14.52704],[-61.08987,14.52712],[-61.09001,14.5272],[-61.08997,14.52732],[-61.08987,14.52731],[-61.09003,14.52754],[-61.09021,14.52764],[-61.09023,14.52778],[-61.0903,14.52789],[-61.0902,14.52796],[-61.09009,14.52812],[-61.09009,14.52825],[-61.08996,14.52829],[-61.08982,14.52826],[-61.08942,14.52799],[-61.0893,14.52783],[-61.08913,14.52768],[-61.08881,14.52735],[-61.08864,14.52725],[-61.0883,14.52718],[-61.08789,14.52713],[-61.0876,14.52719],[-61.08749,14.52729],[-61.08739,14.52745],[-61.08726,14.52773],[-61.08718,14.52782],[-61.08715,14.52803],[-61.08704,14.52818],[-61.08723,14.5283],[-61.08763,14.52843],[-61.08768,14.52848],[-61.08804,14.52914],[-61.08805,14.52931],[-61.08814,14.5296],[-61.0882,14.52972],[-61.08837,14.52989],[-61.08847,14.53007],[-61.08866,14.53022],[-61.08875,14.53044],[-61.08881,14.53072],[-61.08863,14.53101],[-61.08884,14.5311],[-61.0889,14.53121],[-61.08867,14.53143],[-61.0887,14.53162],[-61.08858,14.53175],[-61.08865,14.53195],[-61.08865,14.53204],[-61.08845,14.53218],[-61.0884,14.53215],[-61.08811,14.53217],[-61.0879,14.53216],[-61.08768,14.5321],[-61.08761,14.53203],[-61.0875,14.53206],[-61.08728,14.53198],[-61.08736,14.53213],[-61.0875,14.53222],[-61.08757,14.53242],[-61.08777,14.53256],[-61.08791,14.53269],[-61.08801,14.53273],[-61.08798,14.53284],[-61.08783,14.53299],[-61.08764,14.53303],[-61.08757,14.53311],[-61.08757,14.53342],[-61.08766,14.53362],[-61.08757,14.53376],[-61.08765,14.53385],[-61.08765,14.53424],[-61.08758,14.53436],[-61.08732,14.53448],[-61.08725,14.53441],[-61.08677,14.5344],[-61.08666,14.53451],[-61.08658,14.53443],[-61.08627,14.5344],[-61.08581,14.53438],[-61.08556,14.53435],[-61.08559,14.53452],[-61.08556,14.5347],[-61.08522,14.53465],[-61.08503,14.53468],[-61.08454,14.53468],[-61.08418,14.53461],[-61.08409,14.53478],[-61.08421,14.53498],[-61.08448,14.53514],[-61.08464,14.53531],[-61.08451,14.53561],[-61.08443,14.53568],[-61.08376,14.53576],[-61.08348,14.53594],[-61.08293,14.53622],[-61.0829,14.53636],[-61.08296,14.53653],[-61.08303,14.53686],[-61.08293,14.53705],[-61.08272,14.53708],[-61.08232,14.53694],[-61.08202,14.53678],[-61.08187,14.53674],[-61.08179,14.53664],[-61.08167,14.53658],[-61.08139,14.53676],[-61.0811,14.53676],[-61.08099,14.5368],[-61.08094,14.53695],[-61.08082,14.53719],[-61.08048,14.53741],[-61.08028,14.5375],[-61.0801,14.5377],[-61.08002,14.53784],[-61.07997,14.538],[-61.07996,14.53835],[-61.07985,14.53854],[-61.07969,14.53859],[-61.07955,14.53869],[-61.07947,14.53892],[-61.07938,14.53904],[-61.0792,14.53915],[-61.07885,14.53955],[-61.07871,14.53985],[-61.07865,14.54006],[-61.07865,14.54013],[-61.07881,14.54043],[-61.07879,14.54074],[-61.07882,14.54086],[-61.07867,14.54087],[-61.07857,14.54092],[-61.07834,14.54118],[-61.07817,14.54118],[-61.07795,14.54098],[-61.07785,14.54074],[-61.07743,14.54081],[-61.07729,14.54079],[-61.07719,14.54085],[-61.07704,14.54102],[-61.07684,14.54148],[-61.07667,14.54164],[-61.0766,14.54186],[-61.07637,14.54218],[-61.07624,14.5423],[-61.07608,14.54234],[-61.07583,14.54227],[-61.07549,14.5424],[-61.0754,14.54225],[-61.0755,14.54205],[-61.07536,14.54179],[-61.07518,14.54158],[-61.07494,14.54133],[-61.07479,14.54106],[-61.07466,14.54095],[-61.07414,14.54076],[-61.07389,14.54073]]],[[[-61.07987,14.54431],[-61.0798,14.54469],[-61.07974,14.54481],[-61.07957,14.54503],[-61.0793,14.54524],[-61.07912,14.54522],[-61.07857,14.54505],[-61.07841,14.54486],[-61.07827,14.54477],[-61.07823,14.54469],[-61.07823,14.54439],[-61.07826,14.54421],[-61.07827,14.54379],[-61.07833,14.54362],[-61.07848,14.5434],[-61.07863,14.54329],[-61.07873,14.54337],[-61.07894,14.54331],[-61.07909,14.5433],[-61.0792,14.54317],[-61.07926,14.54327],[-61.07942,14.5433],[-61.07963,14.54348],[-61.0798,14.54368],[-61.07978,14.54374],[-61.07984,14.54391],[-61.07988,14.54414],[-61.07987,14.54431]]]]}},{"type":"Feature","properties":{"nom":"Basse-Pointe","code":"97203"},"geometry":{"type":"Polygon","coordinates":[[[-61.16352,14.81563],[-61.16375,14.8158],[-61.16396,14.81598],[-61.164,14.81616],[-61.1635,14.81669],[-61.16278,14.81794],[-61.16258,14.81812],[-61.16249,14.81816],[-61.16204,14.81857],[-61.16166,14.81906],[-61.16149,14.81947],[-61.16131,14.81991],[-61.16126,14.82008],[-61.16118,14.82025],[-61.16109,14.82057],[-61.16062,14.82186],[-61.16044,14.82213],[-61.15959,14.82295],[-61.15908,14.82296],[-61.15878,14.82318],[-61.1584,14.82349],[-61.15828,14.82364],[-61.15807,14.82407],[-61.15801,14.82426],[-61.15757,14.8246],[-61.15722,14.82516],[-61.15726,14.82529],[-61.15721,14.82574],[-61.15724,14.82579],[-61.15717,14.82628],[-61.15692,14.82773],[-61.15653,14.82798],[-61.15611,14.82843],[-61.15553,14.82876],[-61.15527,14.82893],[-61.15491,14.82912],[-61.15478,14.82924],[-61.15453,14.82932],[-61.15426,14.82957],[-61.15416,14.82969],[-61.15405,14.82973],[-61.15389,14.82986],[-61.15359,14.83019],[-61.15291,14.83088],[-61.15275,14.8311],[-61.15253,14.83131],[-61.15236,14.83137],[-61.15203,14.83166],[-61.15183,14.83172],[-61.15158,14.83186],[-61.15144,14.8319],[-61.15109,14.83214],[-61.15092,14.83227],[-61.15074,14.83255],[-61.15062,14.83264],[-61.14996,14.83302],[-61.14972,14.83315],[-61.14945,14.83332],[-61.14926,14.83341],[-61.14893,14.83349],[-61.14828,14.83389],[-61.14809,14.83421],[-61.14787,14.83426],[-61.14774,14.83445],[-61.14755,14.83499],[-61.14735,14.83527],[-61.14719,14.83512],[-61.14711,14.83528],[-61.14681,14.83595],[-61.14668,14.83618],[-61.14654,14.8365],[-61.14624,14.8369],[-61.146,14.83706],[-61.14594,14.83719],[-61.14572,14.83748],[-61.14557,14.83777],[-61.14531,14.83819],[-61.14523,14.83836],[-61.14501,14.83864],[-61.14479,14.83885],[-61.14463,14.83897],[-61.14462,14.83908],[-61.14451,14.83928],[-61.14434,14.83948],[-61.14428,14.83964],[-61.14419,14.83975],[-61.14388,14.83997],[-61.14373,14.84016],[-61.14333,14.8405],[-61.14315,14.8407],[-61.14297,14.84107],[-61.14294,14.8412],[-61.14263,14.84129],[-61.1426,14.84138],[-61.14302,14.84168],[-61.14342,14.84198],[-61.14328,14.84222],[-61.14312,14.84242],[-61.14299,14.84264],[-61.14278,14.84294],[-61.14261,14.84324],[-61.14259,14.84338],[-61.14234,14.84392],[-61.14229,14.84389],[-61.14208,14.84417],[-61.14242,14.84442],[-61.14171,14.84559],[-61.14164,14.84564],[-61.1414,14.84559],[-61.14129,14.84565],[-61.14123,14.84574],[-61.14091,14.84631],[-61.14074,14.84658],[-61.14061,14.84684],[-61.14025,14.84749],[-61.1408,14.84784],[-61.14099,14.84794],[-61.14131,14.84817],[-61.14122,14.84834],[-61.1411,14.84849],[-61.14103,14.84866],[-61.14083,14.84893],[-61.14056,14.84956],[-61.1402,14.85006],[-61.14015,14.85023],[-61.14003,14.85036],[-61.13984,14.85046],[-61.13955,14.85053],[-61.13941,14.85069],[-61.13924,14.85079],[-61.13903,14.85085],[-61.13888,14.85096],[-61.13873,14.85137],[-61.13862,14.85157],[-61.13838,14.85188],[-61.13826,14.85208],[-61.13811,14.85226],[-61.13804,14.85243],[-61.13797,14.8527],[-61.13791,14.8528],[-61.13766,14.85304],[-61.13755,14.85329],[-61.13742,14.85349],[-61.13717,14.85407],[-61.13705,14.85425],[-61.13699,14.85448],[-61.13683,14.85483],[-61.13674,14.85529],[-61.13652,14.85562],[-61.13618,14.85624],[-61.13584,14.85665],[-61.13568,14.85693],[-61.13564,14.85716],[-61.13564,14.8576],[-61.13558,14.85778],[-61.13509,14.85822],[-61.13482,14.85848],[-61.13458,14.85875],[-61.13454,14.85883],[-61.13455,14.85902],[-61.13451,14.85919],[-61.13441,14.8593],[-61.13409,14.85951],[-61.13401,14.8596],[-61.13395,14.85979],[-61.1337,14.86021],[-61.1335,14.86036],[-61.13324,14.86049],[-61.13299,14.86065],[-61.13274,14.86089],[-61.13233,14.86123],[-61.13214,14.86144],[-61.13193,14.86176],[-61.13175,14.86199],[-61.13146,14.86255],[-61.13139,14.86283],[-61.13132,14.8629],[-61.13089,14.86313],[-61.13081,14.86319],[-61.13072,14.8634],[-61.13064,14.86347],[-61.13044,14.86356],[-61.1301,14.86384],[-61.12971,14.86431],[-61.12952,14.86445],[-61.12934,14.86465],[-61.12924,14.86492],[-61.12911,14.86514],[-61.12906,14.86532],[-61.12903,14.86563],[-61.12889,14.86619],[-61.1288,14.86645],[-61.12869,14.86681],[-61.12862,14.86692],[-61.12804,14.86751],[-61.12784,14.86779],[-61.12766,14.86799],[-61.12738,14.86824],[-61.12724,14.86843],[-61.1272,14.86854],[-61.12721,14.86895],[-61.12712,14.86947],[-61.12707,14.86965],[-61.12717,14.86994],[-61.12716,14.87008],[-61.12704,14.87042],[-61.1269,14.8707],[-61.1268,14.87085],[-61.12667,14.87097],[-61.12657,14.87111],[-61.12653,14.8714],[-61.12646,14.87162],[-61.12636,14.87181],[-61.1261,14.87218],[-61.12597,14.87241],[-61.12582,14.87282],[-61.1257,14.87324],[-61.12559,14.87343],[-61.12546,14.87358],[-61.12523,14.87327],[-61.12508,14.87303],[-61.12449,14.8727],[-61.12403,14.87248],[-61.12356,14.87231],[-61.12309,14.87207],[-61.12303,14.87195],[-61.12271,14.87172],[-61.12247,14.87166],[-61.12215,14.87165],[-61.12175,14.87161],[-61.12155,14.87166],[-61.12136,14.87158],[-61.12126,14.87149],[-61.1212,14.87136],[-61.12094,14.8711],[-61.12086,14.87086],[-61.12064,14.8706],[-61.12063,14.87049],[-61.12051,14.87016],[-61.12017,14.87],[-61.11991,14.86992],[-61.11967,14.86978],[-61.11941,14.86969],[-61.11909,14.86967],[-61.11884,14.86962],[-61.11841,14.86952],[-61.11821,14.86943],[-61.11791,14.86924],[-61.11772,14.86919],[-61.11735,14.86917],[-61.11715,14.86919],[-61.11705,14.86923],[-61.11676,14.86944],[-61.11667,14.86968],[-61.11673,14.86975],[-61.11696,14.86964],[-61.11688,14.86987],[-61.11678,14.86996],[-61.11665,14.86996],[-61.11646,14.8699],[-61.11607,14.87003],[-61.11581,14.87018],[-61.11547,14.87033],[-61.11493,14.87046],[-61.11479,14.87047],[-61.11461,14.87054],[-61.11448,14.87054],[-61.11419,14.87047],[-61.11393,14.87036],[-61.11368,14.8702],[-61.11355,14.86995],[-61.11352,14.86967],[-61.11339,14.86948],[-61.11315,14.86921],[-61.11282,14.86891],[-61.11249,14.86876],[-61.11219,14.86855],[-61.11211,14.86851],[-61.11183,14.86828],[-61.1116,14.86818],[-61.11108,14.86779],[-61.11081,14.86758],[-61.11063,14.86751],[-61.11039,14.86736],[-61.10994,14.8672],[-61.10955,14.86698],[-61.10928,14.86674],[-61.10912,14.86664],[-61.10886,14.86658],[-61.10846,14.86663],[-61.10836,14.86661],[-61.1081,14.86664],[-61.10758,14.86657],[-61.10729,14.86661],[-61.10699,14.86674],[-61.10669,14.86677],[-61.10627,14.86677],[-61.10616,14.86674],[-61.10592,14.86655],[-61.10573,14.86638],[-61.10562,14.86632],[-61.10544,14.86612],[-61.10536,14.86577],[-61.10526,14.86552],[-61.10518,14.8654],[-61.10496,14.86525],[-61.10469,14.86513],[-61.10445,14.86507],[-61.10405,14.86506],[-61.10387,14.86489],[-61.1037,14.86481],[-61.10357,14.86462],[-61.10355,14.86447],[-61.10349,14.86432],[-61.10345,14.86399],[-61.10333,14.86381],[-61.1032,14.86371],[-61.10297,14.86363],[-61.10263,14.8636],[-61.10245,14.86366],[-61.10209,14.86354],[-61.10199,14.86346],[-61.10178,14.86335],[-61.10102,14.86331],[-61.10028,14.86317],[-61.09988,14.86317],[-61.09934,14.86318],[-61.09893,14.86327],[-61.09864,14.86329],[-61.09841,14.86328],[-61.09829,14.86322],[-61.09819,14.86301],[-61.09804,14.86305],[-61.09804,14.86294],[-61.09791,14.86288],[-61.09793,14.86274],[-61.09785,14.86254],[-61.09786,14.86229],[-61.09781,14.86202],[-61.0978,14.86176],[-61.09775,14.86154],[-61.09766,14.86146],[-61.09752,14.86113],[-61.09739,14.86079],[-61.09734,14.86074],[-61.0969,14.86005],[-61.09674,14.85995],[-61.09646,14.85966],[-61.09609,14.85919],[-61.09552,14.85864],[-61.0955,14.85855],[-61.09533,14.85839],[-61.09511,14.8581],[-61.09477,14.85775],[-61.09458,14.85754],[-61.09441,14.85738],[-61.09416,14.85722],[-61.09404,14.85705],[-61.09374,14.85678],[-61.09355,14.85665],[-61.09323,14.85623],[-61.09295,14.85592],[-61.09272,14.85575],[-61.09224,14.85524],[-61.0921,14.85516],[-61.09194,14.855],[-61.09179,14.85489],[-61.09159,14.8547],[-61.09131,14.85454],[-61.09065,14.85402],[-61.09029,14.85376],[-61.0897,14.8534],[-61.08913,14.85315],[-61.0887,14.853],[-61.08843,14.85301],[-61.08826,14.85299],[-61.0876,14.853],[-61.08729,14.85304],[-61.08669,14.85303],[-61.08652,14.85304],[-61.086,14.85312],[-61.08576,14.85311],[-61.08543,14.85312],[-61.08496,14.85312],[-61.08486,14.85301],[-61.08453,14.8529],[-61.08451,14.8528],[-61.08465,14.8525],[-61.08459,14.85248],[-61.08441,14.85278],[-61.08433,14.85281],[-61.08418,14.85272],[-61.08376,14.85265],[-61.08349,14.85255],[-61.08342,14.85238],[-61.08369,14.85209],[-61.08389,14.85184],[-61.08391,14.8517],[-61.08403,14.85146],[-61.08437,14.85095],[-61.08504,14.85071],[-61.08535,14.85009],[-61.0856,14.84956],[-61.08588,14.84928],[-61.0861,14.84893],[-61.08617,14.84875],[-61.08632,14.84855],[-61.08649,14.84817],[-61.08667,14.84798],[-61.08707,14.84753],[-61.08742,14.84733],[-61.0876,14.84726],[-61.08804,14.84705],[-61.08826,14.84691],[-61.0886,14.84665],[-61.08875,14.84662],[-61.09002,14.84654],[-61.09043,14.84559],[-61.09141,14.84282],[-61.09159,14.84109],[-61.09187,14.84067],[-61.09207,14.84022],[-61.09235,14.83943],[-61.09223,14.83775],[-61.09228,14.83693],[-61.09253,14.83629],[-61.09288,14.8361],[-61.09334,14.83578],[-61.09397,14.83577],[-61.09441,14.83524],[-61.09496,14.83339],[-61.09506,14.8333],[-61.09512,14.83295],[-61.09524,14.8328],[-61.09556,14.83252],[-61.09581,14.83234],[-61.09609,14.8321],[-61.09616,14.83201],[-61.09645,14.83185],[-61.09657,14.83168],[-61.09683,14.83151],[-61.09714,14.83141],[-61.09749,14.83152],[-61.098,14.8314],[-61.09859,14.83141],[-61.09883,14.83146],[-61.09923,14.83139],[-61.0994,14.83143],[-61.0998,14.83172],[-61.09996,14.83176],[-61.10013,14.83191],[-61.10043,14.83209],[-61.10054,14.83222],[-61.10074,14.83239],[-61.10116,14.83261],[-61.10137,14.83262],[-61.10148,14.83259],[-61.1016,14.83244],[-61.10193,14.83236],[-61.10215,14.83238],[-61.10245,14.83261],[-61.10254,14.83264],[-61.10292,14.83258],[-61.10312,14.83262],[-61.10321,14.83268],[-61.10338,14.83296],[-61.10351,14.83304],[-61.10384,14.83305],[-61.10399,14.83303],[-61.10408,14.83297],[-61.10408,14.83273],[-61.10416,14.83258],[-61.10426,14.83245],[-61.10443,14.83244],[-61.10464,14.83251],[-61.1047,14.83247],[-61.10514,14.83239],[-61.10531,14.83239],[-61.10554,14.83248],[-61.10575,14.83241],[-61.1061,14.83208],[-61.10624,14.83197],[-61.10633,14.83184],[-61.10641,14.83148],[-61.1065,14.83127],[-61.10674,14.83116],[-61.10727,14.83111],[-61.10766,14.83106],[-61.1078,14.83098],[-61.10816,14.83089],[-61.10846,14.83086],[-61.10934,14.83062],[-61.10966,14.83045],[-61.11004,14.83016],[-61.11043,14.82976],[-61.1108,14.82946],[-61.1111,14.82911],[-61.1113,14.82894],[-61.1117,14.8286],[-61.11199,14.8286],[-61.11229,14.82877],[-61.11308,14.82935],[-61.11334,14.82948],[-61.11352,14.82961],[-61.11375,14.82971],[-61.11389,14.82973],[-61.11397,14.82969],[-61.11412,14.82948],[-61.11416,14.82928],[-61.11428,14.82911],[-61.11451,14.82899],[-61.11487,14.8289],[-61.11505,14.82892],[-61.11528,14.8291],[-61.11554,14.82925],[-61.11587,14.82939],[-61.11612,14.82935],[-61.11638,14.82917],[-61.11645,14.82904],[-61.11648,14.82885],[-61.11646,14.82851],[-61.11652,14.82818],[-61.11657,14.82804],[-61.11671,14.82784],[-61.11684,14.82773],[-61.117,14.82754],[-61.11718,14.82746],[-61.11755,14.82749],[-61.11783,14.82763],[-61.11795,14.82766],[-61.11823,14.82763],[-61.11833,14.8276],[-61.11848,14.82747],[-61.11855,14.82728],[-61.11852,14.82711],[-61.11863,14.82695],[-61.11866,14.82679],[-61.11872,14.82666],[-61.11899,14.82649],[-61.11915,14.82636],[-61.11931,14.82628],[-61.11951,14.82625],[-61.11967,14.82634],[-61.11973,14.82643],[-61.11996,14.8269],[-61.12004,14.82697],[-61.12017,14.82701],[-61.12039,14.82695],[-61.12063,14.82661],[-61.12082,14.82652],[-61.12095,14.8264],[-61.12115,14.82646],[-61.12126,14.82641],[-61.12141,14.82643],[-61.12167,14.82636],[-61.12192,14.82624],[-61.12206,14.82612],[-61.12228,14.82607],[-61.12237,14.82595],[-61.12248,14.82592],[-61.12268,14.82593],[-61.12294,14.82615],[-61.12319,14.82623],[-61.12349,14.82619],[-61.12373,14.82621],[-61.12432,14.82613],[-61.12458,14.82611],[-61.12472,14.826],[-61.12472,14.82572],[-61.12475,14.82557],[-61.12495,14.82532],[-61.12507,14.82522],[-61.12535,14.82504],[-61.12564,14.82472],[-61.12601,14.82441],[-61.12616,14.82417],[-61.12665,14.824],[-61.12674,14.82395],[-61.12683,14.82381],[-61.12685,14.8237],[-61.1268,14.8236],[-61.12675,14.82331],[-61.12683,14.82315],[-61.12698,14.82304],[-61.12741,14.82296],[-61.12769,14.8228],[-61.12782,14.82279],[-61.128,14.82283],[-61.12816,14.82278],[-61.12837,14.82253],[-61.12854,14.82243],[-61.12876,14.82234],[-61.12908,14.82218],[-61.12942,14.82198],[-61.12957,14.82197],[-61.12987,14.82201],[-61.13005,14.82191],[-61.13014,14.82175],[-61.13015,14.82142],[-61.13019,14.82123],[-61.13029,14.82108],[-61.13055,14.82082],[-61.13072,14.82068],[-61.13092,14.82056],[-61.13116,14.82047],[-61.13145,14.82043],[-61.1317,14.82047],[-61.13209,14.82048],[-61.13223,14.82043],[-61.13246,14.82029],[-61.13271,14.82007],[-61.13296,14.81977],[-61.13324,14.81967],[-61.13341,14.81958],[-61.13355,14.81947],[-61.13361,14.81924],[-61.13379,14.81901],[-61.13394,14.81873],[-61.13413,14.81856],[-61.13432,14.81851],[-61.13448,14.81834],[-61.13462,14.81826],[-61.13474,14.81824],[-61.13488,14.81827],[-61.13502,14.81841],[-61.13521,14.81832],[-61.13536,14.81794],[-61.13552,14.81775],[-61.13567,14.81724],[-61.13582,14.81692],[-61.13596,14.81676],[-61.1362,14.81668],[-61.13635,14.81673],[-61.13651,14.81686],[-61.13669,14.81691],[-61.13691,14.81694],[-61.13711,14.81691],[-61.1373,14.81684],[-61.13738,14.81677],[-61.13769,14.81638],[-61.138,14.81618],[-61.13806,14.81598],[-61.13819,14.81572],[-61.13839,14.81552],[-61.13865,14.81538],[-61.13895,14.81528],[-61.13917,14.81526],[-61.13942,14.8151],[-61.13954,14.81489],[-61.13954,14.81472],[-61.1395,14.81458],[-61.1395,14.81433],[-61.13953,14.81417],[-61.13971,14.81385],[-61.13989,14.81377],[-61.1401,14.81376],[-61.14018,14.81371],[-61.14047,14.81341],[-61.14048,14.81319],[-61.1404,14.81295],[-61.14039,14.8126],[-61.14045,14.81244],[-61.14055,14.81231],[-61.14077,14.81215],[-61.14085,14.81203],[-61.14089,14.81181],[-61.14077,14.81161],[-61.14077,14.81142],[-61.1407,14.81112],[-61.14078,14.81092],[-61.14091,14.81072],[-61.14107,14.81062],[-61.14134,14.81035],[-61.1415,14.81014],[-61.14169,14.80973],[-61.14191,14.80956],[-61.14187,14.80931],[-61.14197,14.80919],[-61.14224,14.80901],[-61.14244,14.80897],[-61.14267,14.80903],[-61.1429,14.80899],[-61.14303,14.80891],[-61.1432,14.80868],[-61.14343,14.8086],[-61.14363,14.80841],[-61.14371,14.80839],[-61.14387,14.80846],[-61.14406,14.80846],[-61.14429,14.80855],[-61.14436,14.80866],[-61.14438,14.80885],[-61.14457,14.8089],[-61.14478,14.80876],[-61.14497,14.8085],[-61.14522,14.80834],[-61.1454,14.80835],[-61.14576,14.80848],[-61.1459,14.80857],[-61.1462,14.80854],[-61.14638,14.8085],[-61.14648,14.80851],[-61.1466,14.80865],[-61.14684,14.80874],[-61.14711,14.80899],[-61.14736,14.80906],[-61.14764,14.809],[-61.14786,14.80918],[-61.14807,14.80931],[-61.14827,14.80946],[-61.14856,14.80957],[-61.14863,14.80973],[-61.14856,14.80995],[-61.14844,14.81014],[-61.14844,14.81022],[-61.14858,14.81034],[-61.14866,14.81049],[-61.14878,14.8106],[-61.14908,14.81076],[-61.14923,14.81088],[-61.14934,14.81091],[-61.1497,14.81083],[-61.14988,14.81092],[-61.15004,14.81107],[-61.15039,14.81115],[-61.15063,14.81135],[-61.15081,14.81146],[-61.15098,14.81152],[-61.15156,14.81179],[-61.15165,14.81177],[-61.15187,14.8116],[-61.15206,14.81171],[-61.15234,14.8118],[-61.15257,14.81183],[-61.15275,14.81193],[-61.15305,14.81201],[-61.1533,14.81221],[-61.15358,14.81231],[-61.15378,14.81233],[-61.15411,14.81227],[-61.15426,14.81226],[-61.15439,14.81231],[-61.15464,14.81221],[-61.15494,14.81236],[-61.15511,14.81236],[-61.15529,14.81233],[-61.15552,14.81237],[-61.15586,14.81222],[-61.15608,14.81225],[-61.15619,14.8123],[-61.15642,14.81228],[-61.15674,14.81237],[-61.15693,14.81232],[-61.15707,14.81235],[-61.1574,14.81248],[-61.15765,14.81251],[-61.15778,14.81267],[-61.15795,14.81262],[-61.15821,14.81266],[-61.15837,14.81264],[-61.15867,14.81266],[-61.15908,14.81261],[-61.15921,14.81265],[-61.15958,14.81265],[-61.15969,14.81274],[-61.16005,14.81284],[-61.16011,14.8129],[-61.1603,14.81296],[-61.16046,14.81297],[-61.16077,14.81303],[-61.16103,14.8131],[-61.1612,14.81318],[-61.16155,14.8133],[-61.16204,14.81353],[-61.16274,14.81419],[-61.16312,14.81513],[-61.16322,14.81527],[-61.16337,14.81542],[-61.16352,14.81563]]]}},{"type":"Feature","properties":{"nom":"Le Carbet","code":"97204"},"geometry":{"type":"Polygon","coordinates":[[[-61.15589,14.73346],[-61.15579,14.73358],[-61.15557,14.73362],[-61.15546,14.73372],[-61.15534,14.73367],[-61.15508,14.73391],[-61.15491,14.73392],[-61.15477,14.73386],[-61.15463,14.73386],[-61.15422,14.73406],[-61.15403,14.73426],[-61.15375,14.7344],[-61.15321,14.73387],[-61.15282,14.73338],[-61.15268,14.73323],[-61.1525,14.7331],[-61.15229,14.73291],[-61.1522,14.73288],[-61.15234,14.73254],[-61.15247,14.73236],[-61.15254,14.73218],[-61.15252,14.73184],[-61.15254,14.73142],[-61.15243,14.73058],[-61.15225,14.72974],[-61.15212,14.72963],[-61.15179,14.72982],[-61.15138,14.72988],[-61.15101,14.7299],[-61.15071,14.72979],[-61.15061,14.72966],[-61.15053,14.72939],[-61.15036,14.72912],[-61.15036,14.7288],[-61.15029,14.7286],[-61.15013,14.7284],[-61.14985,14.7282],[-61.14959,14.72779],[-61.14955,14.7277],[-61.14927,14.72797],[-61.1491,14.72809],[-61.14896,14.72812],[-61.14885,14.72809],[-61.14863,14.72793],[-61.14832,14.72783],[-61.14809,14.72785],[-61.14784,14.72794],[-61.14768,14.72806],[-61.14701,14.72725],[-61.14513,14.72821],[-61.14391,14.72801],[-61.14385,14.72743],[-61.14319,14.72812],[-61.14303,14.72799],[-61.14297,14.72707],[-61.14282,14.72677],[-61.14243,14.72688],[-61.14214,14.72693],[-61.14208,14.72701],[-61.14198,14.72725],[-61.1419,14.7271],[-61.14176,14.72701],[-61.14142,14.72683],[-61.14094,14.72688],[-61.14058,14.72697],[-61.14032,14.72719],[-61.14026,14.72764],[-61.13991,14.72776],[-61.13983,14.72748],[-61.13802,14.72462],[-61.13563,14.72306],[-61.1353,14.72304],[-61.13494,14.72322],[-61.13457,14.72347],[-61.13448,14.72468],[-61.13393,14.7247],[-61.13368,14.72521],[-61.133,14.72517],[-61.13298,14.72462],[-61.13244,14.72462],[-61.13143,14.72343],[-61.13095,14.72339],[-61.12964,14.72312],[-61.12937,14.72287],[-61.12899,14.72269],[-61.12683,14.72177],[-61.12579,14.7213],[-61.12459,14.72073],[-61.12431,14.72047],[-61.12314,14.71945],[-61.123,14.71936],[-61.12279,14.71914],[-61.12167,14.71924],[-61.12201,14.71871],[-61.1239,14.71887],[-61.12572,14.71975],[-61.126,14.71996],[-61.12633,14.72017],[-61.12688,14.72044],[-61.1274,14.72057],[-61.12777,14.72058],[-61.12787,14.72061],[-61.12819,14.72077],[-61.12837,14.72083],[-61.12871,14.72079],[-61.12892,14.7208],[-61.1291,14.72072],[-61.12941,14.72067],[-61.12992,14.72053],[-61.13003,14.72058],[-61.13019,14.72055],[-61.1305,14.72042],[-61.13067,14.72039],[-61.13091,14.7204],[-61.13119,14.7203],[-61.13173,14.72016],[-61.13215,14.71998],[-61.13239,14.71998],[-61.13257,14.72013],[-61.13269,14.72018],[-61.13281,14.72013],[-61.1332,14.71953],[-61.13347,14.71914],[-61.13361,14.71903],[-61.13387,14.71887],[-61.13423,14.71868],[-61.13459,14.71854],[-61.13488,14.71838],[-61.13512,14.71828],[-61.13534,14.71822],[-61.13557,14.71811],[-61.1358,14.71794],[-61.13613,14.71768],[-61.13634,14.7177],[-61.13655,14.71776],[-61.13688,14.71775],[-61.13701,14.71768],[-61.13714,14.71756],[-61.13753,14.71738],[-61.1377,14.71739],[-61.13792,14.71734],[-61.13812,14.71733],[-61.1383,14.71727],[-61.13882,14.71743],[-61.13898,14.71752],[-61.13926,14.71758],[-61.13947,14.71772],[-61.1397,14.71786],[-61.13983,14.71788],[-61.14021,14.71784],[-61.14043,14.71794],[-61.14053,14.718],[-61.14064,14.71818],[-61.14084,14.71826],[-61.14115,14.71819],[-61.1413,14.7182],[-61.14145,14.71818],[-61.1416,14.71811],[-61.14183,14.71813],[-61.14199,14.7181],[-61.14213,14.71802],[-61.14241,14.71782],[-61.14254,14.71771],[-61.14266,14.7175],[-61.14287,14.71725],[-61.14298,14.71701],[-61.14317,14.71683],[-61.14332,14.71663],[-61.14353,14.7165],[-61.14362,14.71638],[-61.14368,14.71614],[-61.14377,14.71601],[-61.14389,14.71593],[-61.14416,14.71585],[-61.14431,14.71594],[-61.14442,14.71609],[-61.14461,14.71618],[-61.14478,14.71616],[-61.14494,14.71607],[-61.1452,14.71575],[-61.14544,14.71558],[-61.14565,14.71551],[-61.14602,14.71554],[-61.14632,14.71567],[-61.14645,14.7157],[-61.14663,14.71586],[-61.14678,14.71593],[-61.14702,14.71593],[-61.14722,14.71583],[-61.14733,14.71569],[-61.14737,14.71545],[-61.14745,14.71532],[-61.1475,14.71515],[-61.14752,14.71478],[-61.14748,14.71462],[-61.14754,14.71435],[-61.14763,14.71415],[-61.14776,14.71405],[-61.1479,14.71408],[-61.14804,14.71422],[-61.14829,14.71464],[-61.14842,14.71474],[-61.1486,14.71479],[-61.14887,14.71482],[-61.14904,14.71482],[-61.14916,14.71475],[-61.1493,14.71456],[-61.14932,14.71443],[-61.14928,14.71411],[-61.1493,14.71401],[-61.14942,14.71392],[-61.14958,14.71387],[-61.1498,14.71375],[-61.14985,14.71369],[-61.14983,14.71349],[-61.14984,14.7133],[-61.14993,14.71312],[-61.15013,14.71299],[-61.15037,14.71294],[-61.15052,14.71293],[-61.15087,14.71304],[-61.15108,14.7133],[-61.15128,14.71349],[-61.15139,14.71355],[-61.15154,14.71369],[-61.15175,14.71371],[-61.15185,14.71366],[-61.15188,14.7135],[-61.15185,14.71301],[-61.15196,14.71275],[-61.15217,14.71274],[-61.1524,14.71283],[-61.15276,14.71292],[-61.15312,14.71303],[-61.15356,14.71316],[-61.15366,14.71317],[-61.15386,14.71311],[-61.15403,14.7128],[-61.15415,14.71266],[-61.15428,14.71269],[-61.1543,14.71278],[-61.15423,14.71304],[-61.15429,14.7132],[-61.15439,14.71328],[-61.1545,14.71351],[-61.15448,14.71378],[-61.15456,14.71395],[-61.15466,14.71408],[-61.15484,14.71414],[-61.15501,14.71405],[-61.15506,14.71379],[-61.15513,14.71363],[-61.1553,14.7134],[-61.15548,14.71324],[-61.15569,14.71317],[-61.1559,14.71314],[-61.15633,14.71304],[-61.15651,14.71304],[-61.15667,14.71312],[-61.15675,14.71321],[-61.15679,14.71336],[-61.15678,14.71366],[-61.1568,14.71378],[-61.15694,14.71393],[-61.15716,14.71405],[-61.15732,14.71405],[-61.15746,14.71398],[-61.15778,14.71367],[-61.15787,14.71364],[-61.15785,14.71179],[-61.15795,14.71179],[-61.15797,14.71099],[-61.15802,14.70855],[-61.15787,14.70826],[-61.1579,14.70777],[-61.15799,14.70767],[-61.15834,14.70744],[-61.15852,14.70735],[-61.15852,14.7073],[-61.15871,14.70722],[-61.15878,14.70716],[-61.15882,14.70702],[-61.15897,14.7067],[-61.15913,14.70653],[-61.15923,14.70645],[-61.15897,14.70635],[-61.15862,14.70617],[-61.15852,14.70547],[-61.15835,14.70407],[-61.15852,14.70391],[-61.15857,14.70379],[-61.15863,14.70333],[-61.15865,14.70286],[-61.15854,14.70268],[-61.15852,14.70254],[-61.15868,14.70244],[-61.1588,14.70184],[-61.15851,14.70157],[-61.1579,14.70079],[-61.15789,14.70074],[-61.1575,14.70029],[-61.15726,14.70007],[-61.15699,14.69991],[-61.15704,14.69982],[-61.15706,14.69951],[-61.15691,14.6989],[-61.15683,14.69865],[-61.15677,14.69853],[-61.15666,14.69843],[-61.15639,14.6983],[-61.15612,14.69806],[-61.15588,14.698],[-61.1558,14.6979],[-61.15597,14.69741],[-61.15617,14.69727],[-61.1562,14.69693],[-61.15575,14.69685],[-61.15568,14.69627],[-61.15563,14.69587],[-61.15545,14.69533],[-61.15517,14.69485],[-61.15488,14.69444],[-61.15463,14.69412],[-61.15428,14.69365],[-61.15443,14.69349],[-61.15447,14.69333],[-61.15445,14.69293],[-61.15449,14.69261],[-61.15458,14.69245],[-61.15481,14.69226],[-61.15498,14.69221],[-61.15511,14.69213],[-61.15535,14.69209],[-61.15553,14.69204],[-61.15573,14.69206],[-61.15593,14.69214],[-61.15619,14.6922],[-61.15636,14.69216],[-61.15655,14.69197],[-61.1566,14.69174],[-61.15657,14.69155],[-61.15665,14.69127],[-61.15663,14.69113],[-61.15668,14.69105],[-61.15689,14.69093],[-61.15711,14.69071],[-61.15718,14.6906],[-61.1574,14.69016],[-61.15772,14.68972],[-61.15787,14.68963],[-61.15816,14.68964],[-61.15834,14.6896],[-61.15862,14.68947],[-61.15898,14.68919],[-61.15916,14.689],[-61.1593,14.68876],[-61.15927,14.68853],[-61.15911,14.68818],[-61.15903,14.68785],[-61.15905,14.68765],[-61.15919,14.68743],[-61.15946,14.68725],[-61.15954,14.68723],[-61.15983,14.68726],[-61.16,14.68725],[-61.16015,14.68717],[-61.16046,14.68684],[-61.16071,14.68649],[-61.1608,14.68615],[-61.16076,14.68588],[-61.16068,14.68567],[-61.16065,14.68553],[-61.16067,14.6849],[-61.16082,14.68447],[-61.16103,14.68413],[-61.16119,14.68381],[-61.16135,14.68364],[-61.16158,14.68346],[-61.16172,14.68342],[-61.16217,14.68352],[-61.16249,14.68357],[-61.16273,14.68355],[-61.16327,14.68336],[-61.16348,14.68324],[-61.16367,14.68302],[-61.16376,14.68259],[-61.16377,14.6823],[-61.16379,14.68194],[-61.16379,14.68168],[-61.16374,14.68124],[-61.16377,14.68086],[-61.16383,14.68045],[-61.16396,14.68013],[-61.16397,14.67994],[-61.16403,14.67983],[-61.16422,14.67965],[-61.16465,14.67939],[-61.16491,14.67918],[-61.16509,14.67893],[-61.16526,14.67855],[-61.16541,14.67816],[-61.16567,14.67768],[-61.16589,14.67715],[-61.1661,14.67677],[-61.16622,14.67634],[-61.16635,14.67612],[-61.16651,14.67591],[-61.16687,14.67566],[-61.16771,14.67526],[-61.16779,14.67524],[-61.16781,14.67534],[-61.16778,14.67562],[-61.16774,14.67571],[-61.16779,14.67578],[-61.16805,14.67654],[-61.16828,14.67698],[-61.16854,14.67731],[-61.16901,14.67777],[-61.16917,14.67783],[-61.16934,14.67796],[-61.16939,14.67816],[-61.1696,14.67861],[-61.16975,14.67889],[-61.16984,14.67911],[-61.16993,14.6795],[-61.16994,14.67965],[-61.17001,14.6798],[-61.17009,14.67989],[-61.17012,14.68004],[-61.1702,14.68009],[-61.17039,14.68035],[-61.17053,14.68058],[-61.17098,14.68083],[-61.17131,14.68117],[-61.17144,14.68145],[-61.17168,14.68179],[-61.17178,14.68188],[-61.172,14.68215],[-61.17209,14.68241],[-61.17231,14.68263],[-61.17244,14.6827],[-61.17246,14.68291],[-61.17253,14.68311],[-61.17278,14.6835],[-61.17305,14.68369],[-61.17332,14.68383],[-61.17345,14.684],[-61.17356,14.68432],[-61.17368,14.6845],[-61.17365,14.68471],[-61.17369,14.68489],[-61.17382,14.68526],[-61.17397,14.6855],[-61.17399,14.68564],[-61.1741,14.68581],[-61.17424,14.68594],[-61.17436,14.68611],[-61.17456,14.68627],[-61.17462,14.68628],[-61.17476,14.68647],[-61.1752,14.68672],[-61.1754,14.68669],[-61.17562,14.68652],[-61.17584,14.68647],[-61.17607,14.6866],[-61.17605,14.68684],[-61.17595,14.68698],[-61.17561,14.68712],[-61.17572,14.68732],[-61.17576,14.68755],[-61.17594,14.68797],[-61.17604,14.68812],[-61.17618,14.68816],[-61.17625,14.68838],[-61.17639,14.68864],[-61.1766,14.68895],[-61.17672,14.689],[-61.1768,14.68907],[-61.1768,14.68919],[-61.17688,14.68937],[-61.17697,14.68945],[-61.17709,14.68968],[-61.17754,14.69054],[-61.17762,14.69067],[-61.1779,14.69141],[-61.17796,14.69167],[-61.17804,14.69179],[-61.17811,14.69203],[-61.17823,14.69227],[-61.17854,14.69266],[-61.17879,14.69288],[-61.17906,14.69288],[-61.17916,14.69277],[-61.17933,14.69271],[-61.17959,14.69271],[-61.17965,14.69281],[-61.17963,14.69288],[-61.17948,14.69293],[-61.17907,14.69302],[-61.17893,14.69314],[-61.17893,14.69328],[-61.17903,14.69338],[-61.17899,14.69374],[-61.179,14.69389],[-61.17905,14.69398],[-61.17934,14.69415],[-61.17963,14.69444],[-61.18012,14.69461],[-61.18034,14.6949],[-61.18008,14.69507],[-61.17991,14.69512],[-61.17979,14.69511],[-61.17965,14.69515],[-61.17961,14.69524],[-61.17963,14.69539],[-61.1797,14.69554],[-61.17976,14.69586],[-61.17981,14.69598],[-61.17996,14.69615],[-61.18005,14.69635],[-61.18029,14.69664],[-61.18036,14.69679],[-61.18038,14.69697],[-61.1805,14.69739],[-61.18062,14.69761],[-61.18077,14.698],[-61.18093,14.69825],[-61.18122,14.69894],[-61.18135,14.69907],[-61.18158,14.69948],[-61.18188,14.70015],[-61.18198,14.7003],[-61.1821,14.70058],[-61.18231,14.70097],[-61.18251,14.70154],[-61.18264,14.70218],[-61.18273,14.70305],[-61.18283,14.70358],[-61.18304,14.7041],[-61.18303,14.70417],[-61.18333,14.70463],[-61.18358,14.705],[-61.18363,14.7052],[-61.18384,14.70568],[-61.18391,14.70589],[-61.18436,14.70754],[-61.18442,14.70796],[-61.18461,14.7086],[-61.18449,14.70869],[-61.18447,14.70883],[-61.1845,14.70913],[-61.18457,14.70926],[-61.18446,14.70977],[-61.18441,14.71019],[-61.18443,14.7107],[-61.18439,14.71126],[-61.18436,14.7114],[-61.18438,14.71164],[-61.18427,14.71182],[-61.18427,14.71219],[-61.18431,14.7125],[-61.18428,14.71275],[-61.18407,14.71354],[-61.184,14.71378],[-61.18373,14.71479],[-61.18349,14.71559],[-61.1834,14.71606],[-61.18331,14.71627],[-61.18307,14.71697],[-61.18287,14.71759],[-61.18283,14.71777],[-61.18286,14.71801],[-61.18259,14.71899],[-61.18253,14.71913],[-61.18243,14.71929],[-61.18231,14.71936],[-61.18223,14.71951],[-61.18212,14.72003],[-61.18224,14.72016],[-61.18231,14.72049],[-61.18227,14.7208],[-61.1822,14.72109],[-61.18206,14.72139],[-61.18203,14.7216],[-61.18194,14.72198],[-61.18183,14.7221],[-61.18171,14.72247],[-61.18171,14.72266],[-61.18182,14.72268],[-61.18188,14.72284],[-61.18188,14.72302],[-61.18192,14.72342],[-61.18187,14.72381],[-61.18147,14.72489],[-61.18139,14.72507],[-61.1812,14.72529],[-61.18107,14.72577],[-61.18103,14.726],[-61.18077,14.7267],[-61.1806,14.72721],[-61.18036,14.72788],[-61.18024,14.72834],[-61.18014,14.72859],[-61.17998,14.72917],[-61.17992,14.72933],[-61.17987,14.72956],[-61.17974,14.72987],[-61.17971,14.73019],[-61.17973,14.73037],[-61.17992,14.73055],[-61.18001,14.73068],[-61.18002,14.7308],[-61.17994,14.73118],[-61.17989,14.73132],[-61.1796,14.7315],[-61.17951,14.73162],[-61.17949,14.73173],[-61.17929,14.73204],[-61.17924,14.73216],[-61.17911,14.73239],[-61.17898,14.73265],[-61.17891,14.73256],[-61.17874,14.73253],[-61.17838,14.73251],[-61.17807,14.73236],[-61.17783,14.73216],[-61.17771,14.73213],[-61.17745,14.73216],[-61.17708,14.73209],[-61.17695,14.73203],[-61.17678,14.73186],[-61.17661,14.73161],[-61.17632,14.73151],[-61.17614,14.73141],[-61.17595,14.73141],[-61.17571,14.73175],[-61.17542,14.73192],[-61.17527,14.73208],[-61.17499,14.73219],[-61.17485,14.73229],[-61.1747,14.73249],[-61.17444,14.73267],[-61.17421,14.73277],[-61.17408,14.73278],[-61.17377,14.73267],[-61.17351,14.73263],[-61.17331,14.73255],[-61.1731,14.73259],[-61.17274,14.73286],[-61.17259,14.73293],[-61.17247,14.73294],[-61.17229,14.73289],[-61.17216,14.73288],[-61.17185,14.73301],[-61.1715,14.73321],[-61.17124,14.73361],[-61.17108,14.73369],[-61.17095,14.73367],[-61.17041,14.73339],[-61.1702,14.73339],[-61.17006,14.73346],[-61.16975,14.73373],[-61.16956,14.73385],[-61.16909,14.7341],[-61.16893,14.73421],[-61.16883,14.73443],[-61.16881,14.7346],[-61.16876,14.73473],[-61.16865,14.73479],[-61.1684,14.7348],[-61.1682,14.73488],[-61.16799,14.73502],[-61.16757,14.73518],[-61.16741,14.73514],[-61.16718,14.73491],[-61.16695,14.73482],[-61.16672,14.73481],[-61.16658,14.73476],[-61.16638,14.73462],[-61.16625,14.73442],[-61.16611,14.73393],[-61.16596,14.73363],[-61.16588,14.73341],[-61.16591,14.73329],[-61.16632,14.73296],[-61.16644,14.73281],[-61.16642,14.73269],[-61.16625,14.7325],[-61.16595,14.73187],[-61.1658,14.73164],[-61.16562,14.73121],[-61.16553,14.73095],[-61.1654,14.7307],[-61.16513,14.73016],[-61.16484,14.72979],[-61.16464,14.72958],[-61.16418,14.7292],[-61.16391,14.72904],[-61.16354,14.72901],[-61.16316,14.72892],[-61.16271,14.72893],[-61.16246,14.7289],[-61.16222,14.72883],[-61.16172,14.72911],[-61.16146,14.72934],[-61.16119,14.72953],[-61.16098,14.7297],[-61.16069,14.73001],[-61.16041,14.73017],[-61.16007,14.73032],[-61.15971,14.73035],[-61.15946,14.73047],[-61.15919,14.73053],[-61.15907,14.73058],[-61.15888,14.73058],[-61.15873,14.73067],[-61.1585,14.73073],[-61.15821,14.73093],[-61.15796,14.73098],[-61.15786,14.73108],[-61.15785,14.73123],[-61.15774,14.73146],[-61.15762,14.7316],[-61.15752,14.73183],[-61.15736,14.73205],[-61.15703,14.73236],[-61.15703,14.73248],[-61.15693,14.73261],[-61.15653,14.73283],[-61.15621,14.73304],[-61.15605,14.73313],[-61.15589,14.73346]]]}},{"type":"Feature","properties":{"nom":"Case-Pilote","code":"97205"},"geometry":{"type":"MultiPolygon","coordinates":[[[[-61.13383,14.63274],[-61.13361,14.63277],[-61.13372,14.63264],[-61.13383,14.63274]]],[[[-61.11586,14.69063],[-61.11582,14.69042],[-61.1159,14.6903],[-61.1159,14.69021],[-61.11575,14.68984],[-61.11546,14.68948],[-61.11532,14.68928],[-61.11501,14.68913],[-61.1147,14.68896],[-61.11413,14.68853],[-61.11384,14.68827],[-61.11362,14.68805],[-61.11349,14.68779],[-61.11344,14.68756],[-61.11344,14.68725],[-61.11333,14.68694],[-61.11324,14.68671],[-61.11328,14.68649],[-61.11344,14.68596],[-61.11349,14.68569],[-61.1135,14.68498],[-61.11349,14.6848],[-61.11338,14.68461],[-61.11324,14.68414],[-61.11316,14.68385],[-61.11315,14.68363],[-61.11138,14.68316],[-61.1107,14.68263],[-61.10974,14.68183],[-61.1095,14.68158],[-61.10936,14.68151],[-61.10915,14.68149],[-61.10877,14.68117],[-61.10856,14.6811],[-61.10845,14.68103],[-61.10834,14.68088],[-61.10778,14.68051],[-61.10746,14.68007],[-61.10739,14.67971],[-61.10727,14.67957],[-61.10722,14.67919],[-61.10695,14.67877],[-61.10698,14.67833],[-61.10702,14.67811],[-61.1069,14.67787],[-61.10706,14.67757],[-61.10706,14.67719],[-61.10739,14.67668],[-61.1074,14.67661],[-61.1075,14.67645],[-61.10772,14.67595],[-61.1078,14.67571],[-61.10782,14.6754],[-61.10801,14.67494],[-61.10801,14.67482],[-61.10752,14.67477],[-61.10718,14.67454],[-61.10708,14.67449],[-61.10662,14.67445],[-61.106,14.67451],[-61.10585,14.67447],[-61.10603,14.67427],[-61.10609,14.67416],[-61.1059,14.67405],[-61.10581,14.67396],[-61.10583,14.67383],[-61.10591,14.67373],[-61.10577,14.67354],[-61.1058,14.67338],[-61.10579,14.67318],[-61.10547,14.67274],[-61.10535,14.67238],[-61.10535,14.67224],[-61.10538,14.6719],[-61.10543,14.67173],[-61.10571,14.67156],[-61.10581,14.67139],[-61.10583,14.67124],[-61.10583,14.67087],[-61.10589,14.67061],[-61.10624,14.67035],[-61.10633,14.67021],[-61.10636,14.67005],[-61.10658,14.66992],[-61.10666,14.66982],[-61.10685,14.6695],[-61.10711,14.66914],[-61.10718,14.66887],[-61.10711,14.66871],[-61.10709,14.66833],[-61.10701,14.66809],[-61.10696,14.66784],[-61.10703,14.6678],[-61.10721,14.66756],[-61.1075,14.66746],[-61.10754,14.66743],[-61.1076,14.66708],[-61.10757,14.6669],[-61.10761,14.66666],[-61.10755,14.66623],[-61.10755,14.66592],[-61.10768,14.66535],[-61.10772,14.66522],[-61.10786,14.66499],[-61.10792,14.66428],[-61.10801,14.66411],[-61.10807,14.66369],[-61.10815,14.6636],[-61.10826,14.66319],[-61.10846,14.66304],[-61.10866,14.66282],[-61.10881,14.66259],[-61.10892,14.66237],[-61.10875,14.66171],[-61.10867,14.6615],[-61.10874,14.66106],[-61.10883,14.66092],[-61.10905,14.66077],[-61.10912,14.66062],[-61.1093,14.66039],[-61.1095,14.66022],[-61.1096,14.66008],[-61.10972,14.65969],[-61.10975,14.65939],[-61.10984,14.65908],[-61.1097,14.65887],[-61.10952,14.65866],[-61.10931,14.65855],[-61.10915,14.6584],[-61.10905,14.65825],[-61.10896,14.65798],[-61.10887,14.65743],[-61.10885,14.65715],[-61.10878,14.65677],[-61.10875,14.65637],[-61.10859,14.6559],[-61.10828,14.65518],[-61.10813,14.65491],[-61.10806,14.65467],[-61.10802,14.65438],[-61.1079,14.65405],[-61.10786,14.65352],[-61.10792,14.65279],[-61.10806,14.65245],[-61.10837,14.65192],[-61.10849,14.65175],[-61.10869,14.65151],[-61.10885,14.65128],[-61.10923,14.6506],[-61.10951,14.65027],[-61.11091,14.64991],[-61.11138,14.64873],[-61.1113,14.64865],[-61.11153,14.64819],[-61.11177,14.64777],[-61.11204,14.64726],[-61.11213,14.64711],[-61.11225,14.64664],[-61.11233,14.6462],[-61.11241,14.64609],[-61.11252,14.64603],[-61.11294,14.64565],[-61.1131,14.64554],[-61.11315,14.64547],[-61.1133,14.64477],[-61.11343,14.64469],[-61.1138,14.64474],[-61.11433,14.64437],[-61.1146,14.64414],[-61.11465,14.64402],[-61.1148,14.64381],[-61.11505,14.64352],[-61.11528,14.64336],[-61.11555,14.64329],[-61.11565,14.64328],[-61.11561,14.64313],[-61.11557,14.6428],[-61.11561,14.64263],[-61.11576,14.64242],[-61.11607,14.64184],[-61.11623,14.64141],[-61.11619,14.64106],[-61.11619,14.64082],[-61.11621,14.64075],[-61.11641,14.64058],[-61.11653,14.6405],[-61.11666,14.64048],[-61.11699,14.64051],[-61.11723,14.6405],[-61.11742,14.64045],[-61.11774,14.64016],[-61.11781,14.64001],[-61.11783,14.63967],[-61.11778,14.6396],[-61.11739,14.63927],[-61.11725,14.63911],[-61.11721,14.63868],[-61.11715,14.63851],[-61.11697,14.63828],[-61.1166,14.63781],[-61.1165,14.63762],[-61.11649,14.6374],[-61.11639,14.63709],[-61.11629,14.63691],[-61.11813,14.63394],[-61.11845,14.63101],[-61.11898,14.63031],[-61.11868,14.62988],[-61.11847,14.62927],[-61.11826,14.62899],[-61.11768,14.62877],[-61.11749,14.62879],[-61.11776,14.62823],[-61.11788,14.62802],[-61.11798,14.62809],[-61.11816,14.62814],[-61.11841,14.62816],[-61.1186,14.6283],[-61.11874,14.62835],[-61.11901,14.62861],[-61.11914,14.62882],[-61.1192,14.6291],[-61.11934,14.62942],[-61.11954,14.62973],[-61.11964,14.62979],[-61.11977,14.62995],[-61.11988,14.63002],[-61.1201,14.63004],[-61.12021,14.62991],[-61.12025,14.62976],[-61.1204,14.6298],[-61.12037,14.62992],[-61.12061,14.63003],[-61.12086,14.63005],[-61.12102,14.62992],[-61.12162,14.62956],[-61.12192,14.6294],[-61.12197,14.6293],[-61.12211,14.62924],[-61.12234,14.62925],[-61.12248,14.62917],[-61.12258,14.62918],[-61.12273,14.62904],[-61.12291,14.62904],[-61.12307,14.62935],[-61.12316,14.62937],[-61.12321,14.62946],[-61.12326,14.62968],[-61.12336,14.62972],[-61.12337,14.62989],[-61.12346,14.62995],[-61.12345,14.63003],[-61.12367,14.63019],[-61.12406,14.63041],[-61.1246,14.63063],[-61.12489,14.63065],[-61.12512,14.63074],[-61.12525,14.63095],[-61.12555,14.63114],[-61.12571,14.63119],[-61.12601,14.63135],[-61.12633,14.63148],[-61.12679,14.63177],[-61.12706,14.63202],[-61.12737,14.6322],[-61.12759,14.63225],[-61.12788,14.63218],[-61.1281,14.63206],[-61.12845,14.63198],[-61.12863,14.63198],[-61.12893,14.63179],[-61.12922,14.63176],[-61.12938,14.63189],[-61.12935,14.63195],[-61.12956,14.63229],[-61.12971,14.63243],[-61.12984,14.63265],[-61.12991,14.63283],[-61.12995,14.63303],[-61.13005,14.63325],[-61.13018,14.63333],[-61.13045,14.63341],[-61.13108,14.63355],[-61.1313,14.63355],[-61.13173,14.63348],[-61.13183,14.63349],[-61.13191,14.63356],[-61.13202,14.63355],[-61.13224,14.63365],[-61.13263,14.63364],[-61.13267,14.63359],[-61.13289,14.63356],[-61.13304,14.63346],[-61.13305,14.63327],[-61.13319,14.63314],[-61.13337,14.63307],[-61.13345,14.63288],[-61.13355,14.63281],[-61.13374,14.63282],[-61.13385,14.63297],[-61.13406,14.63307],[-61.1342,14.63307],[-61.13427,14.63298],[-61.13429,14.63283],[-61.13447,14.63278],[-61.13479,14.63297],[-61.13504,14.63308],[-61.1353,14.63304],[-61.13548,14.63308],[-61.13551,14.63319],[-61.13568,14.63325],[-61.1358,14.63341],[-61.13583,14.63356],[-61.13576,14.63407],[-61.13584,14.63427],[-61.13612,14.63468],[-61.13621,14.63486],[-61.13637,14.63499],[-61.13647,14.63503],[-61.13657,14.63513],[-61.13683,14.63551],[-61.13704,14.63578],[-61.13698,14.63596],[-61.13734,14.63646],[-61.13748,14.63655],[-61.1376,14.63653],[-61.13776,14.63661],[-61.13778,14.63677],[-61.13765,14.63696],[-61.13766,14.63714],[-61.13778,14.63734],[-61.13789,14.63745],[-61.13828,14.63736],[-61.13848,14.63742],[-61.13884,14.63736],[-61.13893,14.63747],[-61.13892,14.63758],[-61.13899,14.63783],[-61.13907,14.63802],[-61.13901,14.63808],[-61.139,14.63824],[-61.13902,14.63843],[-61.13919,14.63887],[-61.13922,14.6391],[-61.13919,14.63921],[-61.13924,14.63936],[-61.13919,14.63997],[-61.13913,14.64014],[-61.13933,14.64071],[-61.13947,14.6408],[-61.13946,14.64095],[-61.13933,14.64088],[-61.13907,14.64016],[-61.13891,14.63978],[-61.13849,14.63991],[-61.13837,14.64],[-61.13831,14.64025],[-61.13842,14.64025],[-61.13846,14.64074],[-61.13883,14.64074],[-61.13882,14.6406],[-61.13893,14.64059],[-61.13901,14.64081],[-61.13876,14.6409],[-61.13865,14.64088],[-61.13838,14.64091],[-61.13824,14.64109],[-61.13829,14.64121],[-61.13841,14.64125],[-61.13862,14.64156],[-61.1391,14.64125],[-61.13914,14.64131],[-61.13859,14.64166],[-61.1387,14.64184],[-61.13887,14.64207],[-61.13913,14.64236],[-61.13931,14.64243],[-61.13963,14.64233],[-61.13976,14.64235],[-61.13984,14.64242],[-61.13977,14.64264],[-61.13982,14.64271],[-61.13999,14.64254],[-61.14008,14.64266],[-61.13996,14.64297],[-61.14001,14.64321],[-61.14008,14.64332],[-61.1404,14.64353],[-61.14072,14.64336],[-61.14098,14.6433],[-61.14118,14.6432],[-61.14123,14.64334],[-61.14151,14.64342],[-61.14178,14.64342],[-61.14184,14.64356],[-61.14165,14.64381],[-61.14163,14.64389],[-61.14144,14.64409],[-61.14142,14.64433],[-61.14167,14.64464],[-61.14191,14.64485],[-61.14209,14.64489],[-61.14253,14.64488],[-61.14268,14.64491],[-61.14291,14.64491],[-61.14312,14.64496],[-61.14332,14.64506],[-61.14348,14.64532],[-61.14379,14.64549],[-61.14403,14.64554],[-61.14413,14.64562],[-61.14417,14.64575],[-61.14417,14.64588],[-61.1443,14.64606],[-61.14454,14.64621],[-61.14487,14.64634],[-61.145,14.64642],[-61.14523,14.64647],[-61.14543,14.64646],[-61.14565,14.64635],[-61.1457,14.64636],[-61.14587,14.64651],[-61.14604,14.64659],[-61.14632,14.64668],[-61.14647,14.64682],[-61.14668,14.64696],[-61.14688,14.64703],[-61.14721,14.64705],[-61.14738,14.64704],[-61.14759,14.64688],[-61.14778,14.64686],[-61.14797,14.64695],[-61.1483,14.64702],[-61.14834,14.64708],[-61.14862,14.6471],[-61.14876,14.64722],[-61.14887,14.64739],[-61.14881,14.64761],[-61.14872,14.64773],[-61.14876,14.64784],[-61.149,14.64782],[-61.14901,14.64791],[-61.14917,14.64797],[-61.14929,14.64833],[-61.14937,14.64839],[-61.14955,14.64843],[-61.14963,14.64851],[-61.14977,14.64848],[-61.14986,14.64857],[-61.14997,14.64844],[-61.15006,14.64825],[-61.1503,14.64811],[-61.15049,14.64809],[-61.15071,14.64819],[-61.15089,14.64839],[-61.15106,14.64849],[-61.15115,14.6485],[-61.15127,14.64859],[-61.15145,14.64877],[-61.15165,14.64903],[-61.15177,14.64922],[-61.1518,14.64931],[-61.15201,14.64947],[-61.15207,14.64956],[-61.15237,14.64974],[-61.15236,14.64978],[-61.15216,14.64982],[-61.15209,14.64999],[-61.15218,14.65006],[-61.15228,14.65021],[-61.15224,14.65041],[-61.15237,14.65053],[-61.15209,14.65068],[-61.15201,14.6508],[-61.15199,14.65135],[-61.15204,14.65152],[-61.15218,14.65185],[-61.15228,14.6523],[-61.15232,14.65241],[-61.15238,14.65289],[-61.15244,14.65316],[-61.15245,14.65342],[-61.15249,14.65368],[-61.15279,14.65452],[-61.15317,14.65514],[-61.15332,14.65533],[-61.15351,14.65549],[-61.15398,14.65577],[-61.15381,14.65588],[-61.15354,14.65601],[-61.1533,14.65607],[-61.15249,14.65639],[-61.15222,14.65647],[-61.15194,14.65644],[-61.15155,14.65636],[-61.1513,14.65642],[-61.15109,14.65653],[-61.15068,14.65661],[-61.15037,14.65679],[-61.15006,14.65689],[-61.1498,14.65706],[-61.14959,14.65723],[-61.1495,14.65736],[-61.14942,14.65764],[-61.14929,14.65796],[-61.14914,14.65819],[-61.149,14.65833],[-61.14867,14.65859],[-61.14825,14.65876],[-61.148,14.65881],[-61.14748,14.65885],[-61.14711,14.65882],[-61.14684,14.65883],[-61.14658,14.65887],[-61.14629,14.6588],[-61.14609,14.65871],[-61.14577,14.65864],[-61.14568,14.65865],[-61.14552,14.65878],[-61.14537,14.65906],[-61.14526,14.65911],[-61.14501,14.65905],[-61.14484,14.6589],[-61.14466,14.65895],[-61.14452,14.65906],[-61.14433,14.65913],[-61.14408,14.65934],[-61.14386,14.65946],[-61.14377,14.65964],[-61.14364,14.65976],[-61.14339,14.65983],[-61.14326,14.66001],[-61.14305,14.66019],[-61.14293,14.66023],[-61.1424,14.66038],[-61.14198,14.66073],[-61.14177,14.66099],[-61.14157,14.66106],[-61.14126,14.66105],[-61.14115,14.66109],[-61.14105,14.66126],[-61.14091,14.66144],[-61.14066,14.66152],[-61.14036,14.66154],[-61.14022,14.66158],[-61.13999,14.6617],[-61.13987,14.6619],[-61.13978,14.66196],[-61.13948,14.66206],[-61.13905,14.6624],[-61.13889,14.66264],[-61.13882,14.66301],[-61.13865,14.66308],[-61.13853,14.66318],[-61.13836,14.66352],[-61.13812,14.66373],[-61.13796,14.66378],[-61.13767,14.66408],[-61.13749,14.66419],[-61.13734,14.66424],[-61.13716,14.66439],[-61.13703,14.66458],[-61.13686,14.66465],[-61.13667,14.66491],[-61.13658,14.66491],[-61.13628,14.66485],[-61.13606,14.66493],[-61.136,14.66505],[-61.13593,14.66532],[-61.1359,14.66554],[-61.13581,14.66565],[-61.13563,14.66565],[-61.13514,14.66586],[-61.13484,14.66588],[-61.13446,14.66598],[-61.13422,14.66615],[-61.13388,14.66615],[-61.1336,14.66629],[-61.13333,14.6665],[-61.13307,14.6668],[-61.13277,14.66679],[-61.1325,14.66695],[-61.13239,14.66698],[-61.13218,14.66713],[-61.1319,14.66715],[-61.1318,14.6672],[-61.13155,14.66744],[-61.1312,14.66751],[-61.13089,14.66774],[-61.13067,14.66792],[-61.1305,14.66799],[-61.13012,14.66819],[-61.12957,14.66832],[-61.12939,14.66844],[-61.12928,14.66865],[-61.12922,14.6689],[-61.12899,14.66911],[-61.12882,14.66954],[-61.12876,14.66962],[-61.12855,14.6698],[-61.12851,14.66986],[-61.12846,14.67012],[-61.12837,14.67027],[-61.12818,14.67044],[-61.12808,14.67057],[-61.12804,14.67081],[-61.12797,14.67096],[-61.1276,14.67125],[-61.12759,14.67148],[-61.12752,14.6716],[-61.12723,14.67182],[-61.12714,14.67193],[-61.12708,14.67221],[-61.1269,14.67247],[-61.12731,14.67268],[-61.12749,14.67269],[-61.12844,14.67298],[-61.12858,14.67314],[-61.12948,14.67344],[-61.12962,14.67353],[-61.12997,14.67337],[-61.13007,14.67339],[-61.13088,14.6737],[-61.13164,14.67385],[-61.13203,14.67375],[-61.13228,14.67394],[-61.13281,14.6742],[-61.13327,14.67447],[-61.13343,14.67453],[-61.13354,14.67462],[-61.13304,14.67533],[-61.13278,14.67553],[-61.13261,14.67567],[-61.13242,14.67594],[-61.13235,14.67606],[-61.13223,14.67645],[-61.13208,14.67658],[-61.1319,14.67663],[-61.13168,14.67662],[-61.13122,14.67657],[-61.131,14.67658],[-61.13071,14.67674],[-61.13058,14.6769],[-61.1305,14.6771],[-61.13033,14.67737],[-61.13017,14.67746],[-61.12964,14.67758],[-61.12924,14.67752],[-61.12902,14.67757],[-61.12884,14.67765],[-61.12868,14.67777],[-61.12849,14.67799],[-61.12835,14.67813],[-61.12825,14.6783],[-61.12816,14.6786],[-61.12819,14.6788],[-61.12831,14.67909],[-61.12833,14.67938],[-61.12828,14.67957],[-61.12816,14.67973],[-61.12803,14.67985],[-61.12778,14.67998],[-61.12761,14.67999],[-61.12726,14.67996],[-61.12712,14.68002],[-61.127,14.68016],[-61.12705,14.6806],[-61.12713,14.68078],[-61.12722,14.68092],[-61.12727,14.6812],[-61.12736,14.68149],[-61.12731,14.68172],[-61.12751,14.68206],[-61.12752,14.68221],[-61.12759,14.68248],[-61.1276,14.68288],[-61.12766,14.6832],[-61.12762,14.68369],[-61.12756,14.68387],[-61.12753,14.68418],[-61.12736,14.68534],[-61.12727,14.68559],[-61.12711,14.68581],[-61.12723,14.68615],[-61.12725,14.68639],[-61.12708,14.687],[-61.12712,14.68723],[-61.12706,14.68738],[-61.12692,14.68742],[-61.12683,14.68755],[-61.12686,14.68774],[-61.12656,14.68804],[-61.1264,14.68836],[-61.12625,14.68847],[-61.12617,14.68862],[-61.12605,14.6889],[-61.12597,14.689],[-61.12555,14.68916],[-61.12531,14.68933],[-61.12467,14.68954],[-61.12436,14.68989],[-61.12415,14.69021],[-61.12408,14.6902],[-61.12327,14.69034],[-61.12251,14.69031],[-61.12215,14.69032],[-61.12184,14.69027],[-61.12164,14.69027],[-61.12128,14.69013],[-61.12106,14.69008],[-61.1205,14.69002],[-61.1202,14.69001],[-61.11987,14.69006],[-61.11955,14.69018],[-61.11931,14.69029],[-61.11908,14.69046],[-61.11876,14.69065],[-61.11844,14.69074],[-61.11802,14.6907],[-61.11722,14.69052],[-61.11674,14.69056],[-61.11612,14.69064],[-61.11586,14.69063]]]]}},{"type":"Feature","properties":{"nom":"Le Diamant","code":"97206"},"geometry":{"type":"MultiPolygon","coordinates":[[[[-61.04077,14.44342],[-61.04067,14.44355],[-61.04044,14.44371],[-61.0404,14.4438],[-61.04022,14.44379],[-61.04008,14.44384],[-61.03999,14.44383],[-61.03986,14.44399],[-61.03969,14.44411],[-61.03965,14.4442],[-61.03968,14.44429],[-61.03932,14.44451],[-61.03889,14.44448],[-61.03873,14.4445],[-61.03859,14.44447],[-61.03843,14.44455],[-61.03819,14.44454],[-61.03804,14.4443],[-61.0379,14.4442],[-61.03785,14.44403],[-61.03792,14.44393],[-61.0378,14.4438],[-61.03768,14.4436],[-61.03779,14.4435],[-61.03772,14.44344],[-61.03771,14.44332],[-61.03762,14.44324],[-61.03764,14.44314],[-61.03761,14.44294],[-61.03777,14.44277],[-61.03782,14.44278],[-61.03797,14.44253],[-61.03794,14.44234],[-61.03815,14.44219],[-61.03825,14.44217],[-61.03846,14.44219],[-61.03854,14.44214],[-61.03865,14.44197],[-61.03881,14.44198],[-61.03893,14.44195],[-61.03906,14.44197],[-61.03936,14.4423],[-61.03958,14.44234],[-61.0397,14.44241],[-61.03974,14.44255],[-61.03984,14.44259],[-61.03997,14.44254],[-61.0402,14.44253],[-61.04044,14.44263],[-61.04058,14.44298],[-61.04067,14.44308],[-61.04077,14.44342]]],[[[-60.9835,14.48614],[-60.98357,14.48631],[-60.98336,14.48691],[-60.98323,14.48698],[-60.98311,14.48699],[-60.98273,14.48707],[-60.98255,14.48729],[-60.9824,14.48757],[-60.9824,14.48776],[-60.9826,14.48805],[-60.9829,14.48836],[-60.98306,14.48855],[-60.98312,14.48897],[-60.98321,14.48912],[-60.98352,14.48935],[-60.98365,14.48961],[-60.98383,14.4898],[-60.98398,14.48981],[-60.98405,14.48967],[-60.9839,14.48954],[-60.98393,14.48947],[-60.98418,14.48934],[-60.98428,14.48921],[-60.98435,14.48901],[-60.98428,14.48878],[-60.98426,14.48855],[-60.98432,14.48831],[-60.98446,14.48811],[-60.98447,14.48795],[-60.98436,14.48767],[-60.98443,14.48757],[-60.98476,14.48758],[-60.98485,14.48753],[-60.98485,14.48741],[-60.98475,14.48732],[-60.9847,14.48718],[-60.98471,14.48708],[-60.98496,14.48659],[-60.98494,14.48614],[-60.98496,14.48597],[-60.98501,14.48585],[-60.9851,14.48557],[-60.98522,14.48528],[-60.98523,14.48515],[-60.98516,14.48451],[-60.98503,14.48436],[-60.98467,14.48418],[-60.9845,14.48406],[-60.98429,14.48388],[-60.98411,14.48376],[-60.98378,14.48358],[-60.98354,14.48339],[-60.98341,14.48321],[-60.9833,14.48299],[-60.98324,14.48273],[-60.98322,14.48248],[-60.98334,14.48205],[-60.98336,14.48162],[-60.98341,14.48144],[-60.98345,14.48106],[-60.9835,14.48069],[-60.98355,14.48019],[-60.98357,14.48008],[-60.98367,14.47998],[-60.9839,14.48],[-60.98434,14.47992],[-60.98495,14.47975],[-60.98508,14.47975],[-60.98519,14.47981],[-60.9854,14.48011],[-60.98569,14.48035],[-60.98585,14.48054],[-60.986,14.48079],[-60.9862,14.48106],[-60.98628,14.48122],[-60.98644,14.48127],[-60.98654,14.48125],[-60.98662,14.48118],[-60.98661,14.48104],[-60.98656,14.48096],[-60.98638,14.48081],[-60.98633,14.48062],[-60.98631,14.48032],[-60.98619,14.48018],[-60.98618,14.47992],[-60.98612,14.47957],[-60.9858,14.47913],[-60.98557,14.47897],[-60.9854,14.47877],[-60.98527,14.47848],[-60.98508,14.47847],[-60.98498,14.47878],[-60.98482,14.47889],[-60.98443,14.47899],[-60.98422,14.47895],[-60.98397,14.47893],[-60.9837,14.47888],[-60.98343,14.47887],[-60.98335,14.47864],[-60.98325,14.47847],[-60.98314,14.47807],[-60.98329,14.47792],[-60.98342,14.47788],[-60.98385,14.47791],[-60.9844,14.478],[-60.98477,14.47797],[-60.98482,14.47789],[-60.98483,14.47769],[-60.98488,14.47755],[-60.9849,14.47731],[-60.98486,14.47701],[-60.98486,14.47677],[-60.98491,14.47657],[-60.98497,14.47645],[-60.98496,14.47633],[-60.98502,14.47613],[-60.98497,14.47583],[-60.98463,14.47495],[-60.98452,14.47453],[-60.98454,14.47423],[-60.98448,14.47368],[-60.98458,14.47346],[-60.9848,14.47327],[-60.98497,14.47316],[-60.9851,14.47301],[-60.98516,14.47303],[-60.98542,14.47303],[-60.98557,14.47297],[-60.98572,14.47297],[-60.98585,14.47289],[-60.98604,14.47289],[-60.9861,14.47304],[-60.98631,14.47328],[-60.9865,14.47341],[-60.98677,14.47355],[-60.98694,14.47367],[-60.98707,14.47382],[-60.98712,14.47392],[-60.98716,14.47412],[-60.98715,14.4743],[-60.98719,14.47441],[-60.98745,14.47468],[-60.98757,14.47476],[-60.98794,14.47486],[-60.98807,14.47501],[-60.98808,14.47521],[-60.98794,14.47554],[-60.98798,14.47576],[-60.988,14.47608],[-60.98806,14.47625],[-60.98819,14.47639],[-60.98843,14.47647],[-60.98855,14.47656],[-60.98857,14.47668],[-60.98873,14.47679],[-60.98893,14.4768],[-60.98902,14.4769],[-60.98906,14.47714],[-60.98919,14.47726],[-60.98933,14.47728],[-60.98959,14.47749],[-60.98971,14.47762],[-60.98975,14.47777],[-60.98982,14.47789],[-60.99008,14.47806],[-60.99016,14.47817],[-60.99032,14.47828],[-60.9904,14.47837],[-60.9904,14.47864],[-60.99031,14.47894],[-60.99014,14.4793],[-60.98991,14.47957],[-60.98981,14.47974],[-60.98976,14.47994],[-60.98978,14.48015],[-60.98997,14.48042],[-60.99025,14.48071],[-60.99047,14.48087],[-60.9908,14.48101],[-60.99088,14.48099],[-60.99098,14.48109],[-60.99096,14.48117],[-60.99104,14.48131],[-60.99124,14.4818],[-60.99129,14.48212],[-60.99146,14.48256],[-60.99153,14.48306],[-60.99148,14.48317],[-60.99158,14.48332],[-60.99179,14.48349],[-60.99189,14.48368],[-60.99204,14.48378],[-60.99206,14.48361],[-60.99201,14.48345],[-60.99195,14.4831],[-60.99194,14.48276],[-60.99188,14.48251],[-60.99185,14.48212],[-60.99189,14.48205],[-60.99182,14.48195],[-60.9921,14.48184],[-60.99203,14.48164],[-60.99173,14.48173],[-60.99164,14.48143],[-60.99161,14.48124],[-60.99132,14.4809],[-60.99114,14.48053],[-60.99108,14.48046],[-60.99086,14.4803],[-60.99072,14.48007],[-60.99073,14.47998],[-60.99085,14.47984],[-60.99101,14.47976],[-60.99142,14.47976],[-60.99157,14.47968],[-60.99171,14.47933],[-60.99192,14.47917],[-60.992,14.47899],[-60.99198,14.47878],[-60.992,14.47848],[-60.99211,14.47806],[-60.99216,14.47761],[-60.99214,14.47716],[-60.99209,14.47677],[-60.99204,14.47651],[-60.99194,14.47626],[-60.99182,14.47603],[-60.99156,14.47576],[-60.99126,14.47566],[-60.99102,14.47547],[-60.99084,14.47546],[-60.99067,14.47538],[-60.99048,14.47519],[-60.99025,14.47506],[-60.9901,14.47494],[-60.99006,14.4748],[-60.99005,14.4746],[-60.99008,14.47436],[-60.99009,14.47408],[-60.99006,14.47367],[-60.99003,14.47336],[-60.99002,14.47299],[-60.98998,14.47275],[-60.98986,14.47246],[-60.98987,14.47233],[-60.98997,14.47221],[-60.9902,14.47198],[-60.99033,14.47182],[-60.99049,14.47171],[-60.99075,14.47169],[-60.99083,14.47161],[-60.99094,14.47139],[-60.99107,14.47123],[-60.99119,14.47115],[-60.99142,14.47107],[-60.992,14.47114],[-60.99238,14.47106],[-60.99253,14.47106],[-60.99293,14.47126],[-60.99303,14.47121],[-60.99323,14.47125],[-60.99337,14.47114],[-60.99355,14.47116],[-60.99374,14.47123],[-60.99411,14.47152],[-60.99418,14.47155],[-60.99474,14.47171],[-60.99486,14.47172],[-60.99482,14.47156],[-60.99469,14.47145],[-60.99439,14.47114],[-60.99431,14.47099],[-60.9943,14.47084],[-60.99444,14.47056],[-60.99413,14.47045],[-60.99371,14.47039],[-60.99355,14.47034],[-60.99318,14.47017],[-60.99288,14.46989],[-60.99277,14.46983],[-60.99263,14.46989],[-60.99253,14.47],[-60.99246,14.47016],[-60.99215,14.47063],[-60.99197,14.47077],[-60.99178,14.47081],[-60.99136,14.47081],[-60.99097,14.47077],[-60.99045,14.47059],[-60.99012,14.47035],[-60.9902,14.47011],[-60.99019,14.46975],[-60.99011,14.46916],[-60.99009,14.46887],[-60.98995,14.46859],[-60.98967,14.46832],[-60.98959,14.46817],[-60.98959,14.46799],[-60.98966,14.46789],[-60.98991,14.46774],[-60.99029,14.46733],[-60.9904,14.46706],[-60.99052,14.46696],[-60.99079,14.46685],[-60.99094,14.46676],[-60.99111,14.46654],[-60.99121,14.46646],[-60.99138,14.46642],[-60.99155,14.46647],[-60.99189,14.46664],[-60.9921,14.46673],[-60.99247,14.46698],[-60.9926,14.46701],[-60.99274,14.46726],[-60.99273,14.4675],[-60.99285,14.46788],[-60.99315,14.46816],[-60.99332,14.46847],[-60.99346,14.46856],[-60.99361,14.46856],[-60.99372,14.46849],[-60.99392,14.46857],[-60.99412,14.46878],[-60.99421,14.46882],[-60.99452,14.46889],[-60.99495,14.46874],[-60.99533,14.46878],[-60.99566,14.46873],[-60.99626,14.46866],[-60.99644,14.46853],[-60.9966,14.46848],[-60.99695,14.46847],[-60.99712,14.46837],[-60.99735,14.46837],[-60.99748,14.46852],[-60.99762,14.46874],[-60.99782,14.46893],[-60.99808,14.46905],[-60.99849,14.46903],[-60.99877,14.46903],[-60.9989,14.46898],[-60.999,14.46905],[-60.99891,14.46924],[-60.99899,14.46943],[-60.9992,14.46975],[-60.99933,14.46988],[-60.99957,14.47008],[-60.99977,14.47021],[-60.99995,14.47029],[-61.00025,14.47062],[-61.00035,14.47084],[-61.0004,14.47103],[-61.00033,14.47146],[-61.00027,14.47191],[-61.00032,14.4721],[-61.00035,14.47231],[-61.00024,14.47244],[-61.00013,14.47266],[-61.00014,14.47288],[-61.00012,14.47315],[-61.00018,14.47342],[-61.00028,14.4736],[-61.00036,14.47386],[-61.00047,14.47412],[-61.00066,14.47442],[-61.0009,14.47462],[-61.00117,14.4749],[-61.00143,14.47539],[-61.00153,14.47549],[-61.00175,14.47562],[-61.00197,14.47579],[-61.00223,14.47618],[-61.00224,14.47628],[-61.00233,14.47642],[-61.00247,14.47709],[-61.00253,14.4772],[-61.00283,14.47748],[-61.00296,14.47753],[-61.00283,14.47783],[-61.00277,14.47817],[-61.00284,14.47841],[-61.003,14.47876],[-61.00338,14.47902],[-61.00357,14.4791],[-61.00371,14.47911],[-61.00394,14.4792],[-61.00426,14.47922],[-61.00453,14.47914],[-61.00485,14.47896],[-61.00512,14.47876],[-61.00544,14.47833],[-61.00553,14.47819],[-61.0055,14.4781],[-61.00555,14.47799],[-61.00569,14.4779],[-61.00581,14.47791],[-61.00595,14.47783],[-61.0063,14.47744],[-61.00644,14.47734],[-61.00663,14.47712],[-61.00673,14.47692],[-61.00681,14.47687],[-61.00691,14.4771],[-61.00687,14.47726],[-61.00685,14.47747],[-61.00676,14.47772],[-61.00666,14.47787],[-61.00642,14.47809],[-61.00632,14.47814],[-61.0063,14.47823],[-61.00619,14.47833],[-61.00599,14.47838],[-61.00584,14.47856],[-61.00553,14.47867],[-61.00542,14.47868],[-61.00496,14.47907],[-61.00453,14.4793],[-61.00461,14.47984],[-61.0046,14.47995],[-61.00467,14.48007],[-61.00498,14.48046],[-61.005,14.48075],[-61.00505,14.48096],[-61.00512,14.48111],[-61.00524,14.48127],[-61.00542,14.48143],[-61.00564,14.48158],[-61.00584,14.48168],[-61.00602,14.48185],[-61.00616,14.48193],[-61.00648,14.48203],[-61.00673,14.48188],[-61.00684,14.48194],[-61.00682,14.48216],[-61.00665,14.48246],[-61.00661,14.48272],[-61.0066,14.48315],[-61.00667,14.48335],[-61.00685,14.48347],[-61.00704,14.48341],[-61.00711,14.48333],[-61.00718,14.48311],[-61.00744,14.48297],[-61.00772,14.48296],[-61.0081,14.48284],[-61.0082,14.48266],[-61.00812,14.48263],[-61.00795,14.48272],[-61.00771,14.48273],[-61.00765,14.48269],[-61.00758,14.48248],[-61.00757,14.48219],[-61.00763,14.48212],[-61.0078,14.48209],[-61.00788,14.48204],[-61.0079,14.48194],[-61.00806,14.48182],[-61.00818,14.48168],[-61.00819,14.48142],[-61.00814,14.48116],[-61.00807,14.48103],[-61.00821,14.4806],[-61.00816,14.48038],[-61.00798,14.48015],[-61.00768,14.4797],[-61.00749,14.47963],[-61.00742,14.47981],[-61.00718,14.47983],[-61.00694,14.47997],[-61.00682,14.48002],[-61.0066,14.48003],[-61.00637,14.47996],[-61.00626,14.47969],[-61.00628,14.47937],[-61.00634,14.47924],[-61.00655,14.47893],[-61.00664,14.47862],[-61.00676,14.47848],[-61.00684,14.47821],[-61.00696,14.47793],[-61.00713,14.4777],[-61.0072,14.47742],[-61.00722,14.47713],[-61.00715,14.47696],[-61.00696,14.47671],[-61.00676,14.47657],[-61.00644,14.47643],[-61.00619,14.47639],[-61.0057,14.47613],[-61.00572,14.47608],[-61.00611,14.47627],[-61.00625,14.47621],[-61.00681,14.47606],[-61.00692,14.47598],[-61.00701,14.47577],[-61.00714,14.47564],[-61.00718,14.47556],[-61.00717,14.47521],[-61.00726,14.47499],[-61.00732,14.47479],[-61.00736,14.47454],[-61.00747,14.47438],[-61.00768,14.47426],[-61.00783,14.474],[-61.00791,14.4738],[-61.00794,14.47351],[-61.0079,14.47334],[-61.00782,14.47321],[-61.00772,14.47316],[-61.0075,14.47291],[-61.0074,14.47246],[-61.00735,14.47235],[-61.00719,14.47223],[-61.007,14.47199],[-61.00692,14.47192],[-61.0067,14.47191],[-61.00662,14.47194],[-61.00646,14.47183],[-61.00638,14.47161],[-61.00621,14.47152],[-61.00599,14.47158],[-61.00585,14.47156],[-61.00569,14.47137],[-61.00569,14.4713],[-61.0058,14.47117],[-61.00597,14.4712],[-61.00605,14.47111],[-61.00615,14.47109],[-61.00622,14.47119],[-61.00639,14.47126],[-61.00669,14.47133],[-61.00685,14.47147],[-61.00724,14.47152],[-61.00765,14.47146],[-61.00789,14.47152],[-61.00807,14.47174],[-61.00834,14.47184],[-61.00838,14.47194],[-61.0085,14.47205],[-61.00859,14.47207],[-61.00921,14.47235],[-61.00936,14.47248],[-61.00935,14.47265],[-61.00929,14.47283],[-61.00933,14.47309],[-61.00949,14.47326],[-61.00962,14.47328],[-61.00983,14.47357],[-61.01,14.47362],[-61.01033,14.47376],[-61.01057,14.47383],[-61.01075,14.47373],[-61.01079,14.47385],[-61.01093,14.47403],[-61.01108,14.47412],[-61.0112,14.47414],[-61.01123,14.47433],[-61.01141,14.47444],[-61.0114,14.47456],[-61.01149,14.47457],[-61.0116,14.47469],[-61.01156,14.47483],[-61.01173,14.47496],[-61.01177,14.47503],[-61.01191,14.47509],[-61.012,14.4752],[-61.01212,14.47518],[-61.01216,14.47525],[-61.01248,14.47541],[-61.01259,14.4753],[-61.01268,14.47553],[-61.01286,14.47573],[-61.01306,14.47578],[-61.0131,14.47583],[-61.01324,14.47583],[-61.01321,14.47596],[-61.01344,14.47607],[-61.01381,14.47618],[-61.01418,14.4764],[-61.01437,14.47648],[-61.01453,14.47648],[-61.01465,14.47643],[-61.01476,14.47666],[-61.01491,14.47674],[-61.01499,14.47686],[-61.01515,14.47695],[-61.01524,14.47714],[-61.01539,14.4774],[-61.01558,14.4775],[-61.01588,14.47795],[-61.01587,14.47808],[-61.01613,14.47834],[-61.01619,14.47849],[-61.01618,14.47864],[-61.01635,14.47871],[-61.01642,14.47864],[-61.01651,14.47871],[-61.01651,14.47887],[-61.01646,14.47907],[-61.01652,14.47911],[-61.0166,14.47934],[-61.01666,14.47945],[-61.01678,14.47956],[-61.01693,14.47963],[-61.017,14.47976],[-61.01727,14.47993],[-61.01763,14.48026],[-61.01768,14.48027],[-61.01789,14.48048],[-61.01825,14.48053],[-61.01832,14.48057],[-61.01833,14.48072],[-61.01849,14.48078],[-61.01856,14.48077],[-61.01871,14.48086],[-61.01895,14.48092],[-61.01954,14.48089],[-61.01999,14.48084],[-61.0201,14.48088],[-61.0207,14.4808],[-61.02097,14.48072],[-61.0212,14.48071],[-61.02138,14.48065],[-61.02161,14.48063],[-61.02179,14.48057],[-61.02218,14.48053],[-61.02246,14.4804],[-61.02272,14.48031],[-61.02301,14.48025],[-61.02318,14.48018],[-61.02364,14.48008],[-61.02378,14.47999],[-61.02458,14.47976],[-61.02518,14.4796],[-61.02551,14.47949],[-61.02562,14.47951],[-61.02587,14.47946],[-61.02624,14.47933],[-61.02651,14.47928],[-61.02656,14.4792],[-61.02667,14.47915],[-61.02725,14.479],[-61.02753,14.4789],[-61.02779,14.47884],[-61.02799,14.47877],[-61.02834,14.47869],[-61.02893,14.4785],[-61.02918,14.47839],[-61.02935,14.47836],[-61.02995,14.47814],[-61.03022,14.47801],[-61.03048,14.47793],[-61.03079,14.47779],[-61.03101,14.47772],[-61.03129,14.4776],[-61.03161,14.47752],[-61.03198,14.47739],[-61.03217,14.47731],[-61.03241,14.47724],[-61.03273,14.47709],[-61.0331,14.47697],[-61.0337,14.47674],[-61.03439,14.4764],[-61.03457,14.47632],[-61.03504,14.47616],[-61.03575,14.47591],[-61.03626,14.47571],[-61.03684,14.47545],[-61.03717,14.47527],[-61.03762,14.47506],[-61.03826,14.47471],[-61.03853,14.47455],[-61.03901,14.47434],[-61.03998,14.47385],[-61.04017,14.47377],[-61.04136,14.47331],[-61.04154,14.47321],[-61.04183,14.47301],[-61.04212,14.47275],[-61.04236,14.4725],[-61.04265,14.47214],[-61.04287,14.47189],[-61.04297,14.47176],[-61.04325,14.47151],[-61.04338,14.47136],[-61.04388,14.47099],[-61.04414,14.47088],[-61.04427,14.47079],[-61.04427,14.47058],[-61.04439,14.47032],[-61.04448,14.47031],[-61.04455,14.47018],[-61.04479,14.46998],[-61.04541,14.47005],[-61.04549,14.46959],[-61.04555,14.46941],[-61.04575,14.46905],[-61.04605,14.46864],[-61.04631,14.46833],[-61.04628,14.46822],[-61.04632,14.46806],[-61.04636,14.46781],[-61.04648,14.46766],[-61.04669,14.46718],[-61.04665,14.46705],[-61.04684,14.46687],[-61.04689,14.46669],[-61.04686,14.46645],[-61.0468,14.46629],[-61.04673,14.46584],[-61.04676,14.46537],[-61.04667,14.46508],[-61.0463,14.46466],[-61.04613,14.46427],[-61.0461,14.46407],[-61.04613,14.46396],[-61.0463,14.46373],[-61.04642,14.46342],[-61.04655,14.46322],[-61.0468,14.46293],[-61.04672,14.46288],[-61.04673,14.46273],[-61.04688,14.46279],[-61.04709,14.46254],[-61.04712,14.46244],[-61.04712,14.46224],[-61.04721,14.46192],[-61.04719,14.46176],[-61.04722,14.46144],[-61.04717,14.46121],[-61.04721,14.46097],[-61.04723,14.46048],[-61.04759,14.45982],[-61.04783,14.45947],[-61.04808,14.4592],[-61.04834,14.45869],[-61.04847,14.45853],[-61.04865,14.45837],[-61.04896,14.45804],[-61.04906,14.45799],[-61.04935,14.45773],[-61.04946,14.45768],[-61.04959,14.45756],[-61.04976,14.45732],[-61.05003,14.45718],[-61.05009,14.45711],[-61.05024,14.45702],[-61.05038,14.45701],[-61.05046,14.45694],[-61.05055,14.45696],[-61.05062,14.45683],[-61.05082,14.45681],[-61.0509,14.45675],[-61.05105,14.45677],[-61.05133,14.4566],[-61.05137,14.45649],[-61.05147,14.45647],[-61.05172,14.45636],[-61.05189,14.45636],[-61.05195,14.45631],[-61.05219,14.4562],[-61.05257,14.45609],[-61.05284,14.45598],[-61.05337,14.4557],[-61.05347,14.45582],[-61.05367,14.45595],[-61.05381,14.456],[-61.05398,14.45601],[-61.05414,14.45605],[-61.05427,14.45616],[-61.05439,14.45633],[-61.05444,14.45655],[-61.05453,14.45666],[-61.05467,14.45693],[-61.05472,14.45728],[-61.05496,14.45776],[-61.05501,14.45795],[-61.05501,14.4582],[-61.05497,14.45833],[-61.05486,14.45857],[-61.05473,14.45898],[-61.05445,14.45939],[-61.05435,14.45965],[-61.05429,14.45971],[-61.05381,14.46003],[-61.05617,14.46172],[-61.05695,14.46259],[-61.05717,14.4634],[-61.05638,14.46364],[-61.05436,14.46514],[-61.0525,14.46939],[-61.05263,14.47047],[-61.05378,14.47264],[-61.05327,14.47328],[-61.05322,14.47338],[-61.0532,14.47419],[-61.05295,14.47472],[-61.05318,14.47677],[-61.05487,14.47851],[-61.05569,14.47868],[-61.05602,14.48042],[-61.05667,14.48192],[-61.05636,14.48233],[-61.05587,14.48292],[-61.05534,14.48291],[-61.05506,14.48292],[-61.0554,14.48314],[-61.05616,14.48378],[-61.05709,14.4844],[-61.05753,14.48457],[-61.05718,14.48498],[-61.05689,14.48531],[-61.05678,14.48552],[-61.05641,14.48583],[-61.05609,14.48549],[-61.05582,14.48566],[-61.05488,14.48572],[-61.05476,14.48574],[-61.05414,14.48603],[-61.05352,14.48703],[-61.05274,14.48656],[-61.05217,14.48727],[-61.05262,14.48767],[-61.05269,14.48771],[-61.05318,14.48842],[-61.05347,14.48881],[-61.05353,14.48894],[-61.0534,14.48905],[-61.0531,14.48934],[-61.05279,14.48966],[-61.05257,14.48984],[-61.05155,14.49043],[-61.0509,14.49077],[-61.05049,14.49101],[-61.05022,14.49118],[-61.04932,14.49163],[-61.04883,14.49183],[-61.04899,14.49236],[-61.04907,14.49269],[-61.04911,14.49306],[-61.04917,14.49328],[-61.0491,14.49334],[-61.04858,14.49377],[-61.04845,14.49393],[-61.04813,14.49417],[-61.04785,14.49436],[-61.04761,14.49455],[-61.04718,14.49491],[-61.04669,14.49537],[-61.0464,14.49553],[-61.0463,14.49562],[-61.04682,14.49584],[-61.04695,14.49587],[-61.04748,14.49604],[-61.0479,14.49815],[-61.04905,14.49746],[-61.04896,14.49687],[-61.04967,14.4964],[-61.0503,14.4983],[-61.05047,14.49835],[-61.05063,14.4983],[-61.05069,14.49811],[-61.05059,14.49784],[-61.05063,14.49771],[-61.05079,14.49759],[-61.05115,14.49743],[-61.0513,14.49734],[-61.0515,14.49824],[-61.05179,14.49992],[-61.05305,14.50073],[-61.05456,14.50035],[-61.05639,14.50105],[-61.05646,14.50317],[-61.05473,14.50285],[-61.05506,14.50567],[-61.05643,14.50627],[-61.0541,14.5065],[-61.04957,14.50805],[-61.04841,14.50773],[-61.04837,14.508],[-61.04859,14.50841],[-61.04688,14.50833],[-61.04642,14.51156],[-61.043,14.51092],[-61.04196,14.51061],[-61.04207,14.50979],[-61.04169,14.50763],[-61.03906,14.50702],[-61.03919,14.50558],[-61.032,14.50493],[-61.03154,14.50665],[-61.03042,14.50736],[-61.02943,14.50709],[-61.02713,14.50711],[-61.02689,14.50893],[-61.02133,14.50827],[-61.01983,14.50892],[-61.01964,14.50824],[-61.01943,14.50774],[-61.01858,14.50637],[-61.01853,14.50632],[-61.0177,14.50661],[-61.01523,14.50716],[-61.01457,14.50348],[-61.00891,14.50483],[-61.00697,14.50554],[-61.00829,14.51138],[-61.00766,14.51165],[-61.00612,14.51076],[-61.00477,14.5104],[-61.00502,14.50904],[-61.00383,14.5089],[-61.00419,14.50687],[-61.00439,14.50446],[-61.00446,14.50359],[-61.00447,14.50329],[-61.00453,14.50297],[-61.00436,14.50304],[-61.00411,14.50334],[-61.00386,14.50353],[-61.0037,14.5036],[-61.00348,14.50377],[-61.00323,14.50389],[-61.00306,14.50393],[-61.00271,14.5039],[-61.00221,14.50378],[-61.00188,14.50394],[-61.00165,14.50393],[-61.00152,14.50389],[-61.00112,14.50369],[-61.00096,14.50364],[-61.00075,14.50376],[-61.00043,14.50416],[-61.00027,14.50433],[-60.99994,14.50458],[-60.99978,14.50474],[-60.9996,14.50479],[-60.99955,14.5046],[-60.99938,14.50433],[-60.99918,14.50407],[-60.999,14.50388],[-60.99884,14.50358],[-60.99867,14.50352],[-60.99853,14.5035],[-60.99831,14.50373],[-60.9982,14.50367],[-60.99809,14.50351],[-60.99805,14.50315],[-60.99789,14.50305],[-60.99768,14.50304],[-60.99754,14.50286],[-60.9975,14.50274],[-60.99744,14.50242],[-60.99743,14.50215],[-60.99727,14.50205],[-60.9971,14.50201],[-60.99679,14.5021],[-60.99635,14.50204],[-60.9958,14.49942],[-60.99175,14.50074],[-60.99178,14.50091],[-60.99174,14.50119],[-60.9917,14.50161],[-60.99156,14.50292],[-60.9915,14.5033],[-60.99144,14.50355],[-60.99151,14.50379],[-60.99131,14.50564],[-60.99119,14.50567],[-60.99085,14.50552],[-60.99074,14.50545],[-60.99058,14.50542],[-60.99003,14.50518],[-60.98925,14.50489],[-60.98896,14.50477],[-60.98843,14.50458],[-60.9878,14.50433],[-60.98665,14.50384],[-60.98588,14.50352],[-60.98524,14.50329],[-60.98531,14.50321],[-60.98532,14.50308],[-60.98538,14.50285],[-60.98558,14.50243],[-60.98566,14.5021],[-60.98565,14.50197],[-60.98551,14.50196],[-60.98407,14.50189],[-60.98305,14.50185],[-60.98309,14.5013],[-60.98347,14.49574],[-60.98287,14.49562],[-60.98182,14.49523],[-60.98092,14.49505],[-60.98081,14.49473],[-60.9801,14.49283],[-60.97955,14.49138],[-60.97987,14.48985],[-60.97993,14.48957],[-60.97996,14.48931],[-60.98007,14.48866],[-60.98013,14.48844],[-60.98024,14.48773],[-60.98042,14.48681],[-60.98218,14.48645],[-60.98291,14.48626],[-60.9835,14.48614]]]]}},{"type":"Feature","properties":{"nom":"Ducos","code":"97207"},"geometry":{"type":"Polygon","coordinates":[[[-60.93594,14.5881],[-60.93647,14.58909],[-60.93665,14.58909],[-60.93674,14.58902],[-60.93679,14.58875],[-60.93693,14.58832],[-60.93713,14.58768],[-60.93697,14.58714],[-60.937,14.58695],[-60.93709,14.58676],[-60.93711,14.58662],[-60.93718,14.58649],[-60.93717,14.58626],[-60.93721,14.58615],[-60.93713,14.58593],[-60.93717,14.58579],[-60.93726,14.58569],[-60.9374,14.58562],[-60.93752,14.58543],[-60.93747,14.58526],[-60.93756,14.58508],[-60.93776,14.58483],[-60.93784,14.58477],[-60.93803,14.58478],[-60.93816,14.58454],[-60.93853,14.58399],[-60.93862,14.58383],[-60.93859,14.58374],[-60.93841,14.58355],[-60.93848,14.58314],[-60.93856,14.58302],[-60.93861,14.58275],[-60.93879,14.58268],[-60.9389,14.58261],[-60.93897,14.5824],[-60.93907,14.58229],[-60.93925,14.582],[-60.93954,14.58196],[-60.93974,14.58204],[-60.94001,14.58222],[-60.94025,14.58244],[-60.94056,14.58255],[-60.94062,14.58238],[-60.94053,14.58227],[-60.94029,14.5821],[-60.94022,14.582],[-60.94021,14.58185],[-60.94035,14.58154],[-60.94038,14.58139],[-60.94052,14.58122],[-60.94055,14.58103],[-60.94066,14.58077],[-60.94064,14.58046],[-60.94058,14.58023],[-60.94059,14.57966],[-60.94063,14.57959],[-60.94091,14.57965],[-60.94099,14.57979],[-60.94111,14.57986],[-60.94131,14.57978],[-60.94161,14.57972],[-60.9416,14.57961],[-60.94119,14.5793],[-60.94118,14.57917],[-60.94139,14.5791],[-60.94161,14.57912],[-60.94165,14.57909],[-60.94199,14.57863],[-60.9422,14.57837],[-60.94226,14.57801],[-60.94224,14.57787],[-60.94234,14.57753],[-60.94235,14.57733],[-60.94246,14.57718],[-60.94255,14.57718],[-60.94265,14.57704],[-60.94286,14.5766],[-60.94301,14.5764],[-60.94322,14.57635],[-60.9433,14.57629],[-60.9433,14.57618],[-60.94323,14.57589],[-60.94328,14.57574],[-60.94341,14.5757],[-60.94371,14.57572],[-60.94386,14.57567],[-60.94389,14.5755],[-60.94405,14.57543],[-60.9425,14.57562],[-60.94254,14.57472],[-60.94263,14.57296],[-60.94268,14.57181],[-60.94298,14.57154],[-60.94434,14.57171],[-60.94489,14.57179],[-60.94498,14.57175],[-60.94528,14.57179],[-60.94513,14.57236],[-60.94527,14.57244],[-60.94577,14.57275],[-60.94631,14.57308],[-60.94638,14.57216],[-60.94617,14.57158],[-60.94595,14.57135],[-60.94595,14.57118],[-60.94671,14.57124],[-60.94686,14.57123],[-60.94735,14.57128],[-60.94738,14.57081],[-60.94779,14.57079],[-60.94818,14.57083],[-60.94819,14.57045],[-60.94824,14.57008],[-60.94847,14.56993],[-60.94939,14.57008],[-60.9494,14.57004],[-60.94983,14.57009],[-60.94984,14.57],[-60.95005,14.5689],[-60.94992,14.56826],[-60.94921,14.56806],[-60.94837,14.56702],[-60.94826,14.56689],[-60.94809,14.5669],[-60.94791,14.56695],[-60.9477,14.56708],[-60.94773,14.56695],[-60.94778,14.56595],[-60.94796,14.56597],[-60.94875,14.56603],[-60.94925,14.56605],[-60.95015,14.56609],[-60.95187,14.56618],[-60.95197,14.56618],[-60.95271,14.56624],[-60.95287,14.56545],[-60.95352,14.56563],[-60.95355,14.5654],[-60.95377,14.56381],[-60.9539,14.56316],[-60.95404,14.5622],[-60.9536,14.56215],[-60.95289,14.56212],[-60.95247,14.56209],[-60.95277,14.56283],[-60.95103,14.56306],[-60.95107,14.56267],[-60.9498,14.56269],[-60.94936,14.56254],[-60.94895,14.56238],[-60.94852,14.56165],[-60.94889,14.56134],[-60.94968,14.56074],[-60.94961,14.56064],[-60.94962,14.56044],[-60.94936,14.56041],[-60.94915,14.56006],[-60.94899,14.55987],[-60.95038,14.55946],[-60.95078,14.55937],[-60.95079,14.55913],[-60.95086,14.55866],[-60.95092,14.55795],[-60.95193,14.55804],[-60.95264,14.5581],[-60.95299,14.55811],[-60.95408,14.55823],[-60.9543,14.55824],[-60.95419,14.55956],[-60.95475,14.55953],[-60.95463,14.55999],[-60.95485,14.56013],[-60.95504,14.56014],[-60.95516,14.56006],[-60.95532,14.55911],[-60.95488,14.55908],[-60.95493,14.5583],[-60.95516,14.55829],[-60.95555,14.55833],[-60.9556,14.55762],[-60.95616,14.55767],[-60.95613,14.5574],[-60.95605,14.5573],[-60.95425,14.55567],[-60.95388,14.55533],[-60.95395,14.55526],[-60.95413,14.5549],[-60.95423,14.55465],[-60.9544,14.5545],[-60.95472,14.55446],[-60.95511,14.55438],[-60.95518,14.55435],[-60.95537,14.55416],[-60.95548,14.55401],[-60.95563,14.5539],[-60.95596,14.55376],[-60.95623,14.55346],[-60.95643,14.55333],[-60.95662,14.55326],[-60.9569,14.5532],[-60.9573,14.55322],[-60.95747,14.55329],[-60.9577,14.55348],[-60.95793,14.55353],[-60.95828,14.55342],[-60.95846,14.55329],[-60.95861,14.55322],[-60.9591,14.55321],[-60.95945,14.55309],[-60.95955,14.5531],[-60.95983,14.55326],[-60.9603,14.55326],[-60.96058,14.55317],[-60.96072,14.55317],[-60.96079,14.55305],[-60.96092,14.5529],[-60.9612,14.55275],[-60.9615,14.55267],[-60.9617,14.55253],[-60.96184,14.5522],[-60.96196,14.552],[-60.96211,14.55186],[-60.96239,14.55162],[-60.96256,14.55144],[-60.96267,14.5512],[-60.96272,14.55098],[-60.963,14.55063],[-60.96332,14.55077],[-60.96345,14.55089],[-60.96372,14.55123],[-60.96415,14.55103],[-60.96547,14.55037],[-60.96551,14.55036],[-60.96546,14.54966],[-60.96507,14.54927],[-60.96536,14.54895],[-60.96526,14.54889],[-60.96518,14.54898],[-60.96493,14.54891],[-60.96454,14.54838],[-60.96515,14.54834],[-60.96566,14.54829],[-60.96583,14.54815],[-60.96647,14.54875],[-60.96699,14.54919],[-60.96767,14.54965],[-60.96805,14.54986],[-60.96832,14.54991],[-60.96857,14.54979],[-60.96857,14.54967],[-60.96835,14.54894],[-60.96925,14.54874],[-60.96921,14.54901],[-60.96926,14.54916],[-60.96933,14.54915],[-60.96947,14.54882],[-60.96971,14.54844],[-60.96996,14.54832],[-60.97101,14.54818],[-60.9711,14.54811],[-60.97221,14.54791],[-60.9735,14.54769],[-60.97534,14.54739],[-60.97549,14.5475],[-60.97639,14.54783],[-60.97751,14.54823],[-60.97736,14.54878],[-60.97697,14.5502],[-60.97687,14.5506],[-60.97678,14.55104],[-60.97662,14.5519],[-60.9766,14.55105],[-60.97653,14.55094],[-60.97644,14.55094],[-60.97618,14.55128],[-60.9761,14.55133],[-60.97598,14.55131],[-60.97588,14.55123],[-60.97579,14.55133],[-60.97582,14.55155],[-60.97583,14.55186],[-60.97577,14.55218],[-60.97569,14.55226],[-60.97552,14.55232],[-60.97523,14.55238],[-60.97485,14.55237],[-60.97461,14.5525],[-60.97433,14.55282],[-60.97421,14.553],[-60.97418,14.55315],[-60.97422,14.5533],[-60.97438,14.55346],[-60.97447,14.5536],[-60.97462,14.55374],[-60.97483,14.55385],[-60.97503,14.55389],[-60.97526,14.55401],[-60.9755,14.55428],[-60.9757,14.55441],[-60.97586,14.55447],[-60.97617,14.5545],[-60.97613,14.55475],[-60.97624,14.55482],[-60.97637,14.55486],[-60.97666,14.55489],[-60.97684,14.55504],[-60.97706,14.5551],[-60.97759,14.55509],[-60.97817,14.55506],[-60.97842,14.55494],[-60.97857,14.55471],[-60.97858,14.55455],[-60.9785,14.55422],[-60.97849,14.55388],[-60.97839,14.5538],[-60.97788,14.55354],[-60.97784,14.55332],[-60.97792,14.55329],[-60.97831,14.55337],[-60.9786,14.55355],[-60.97874,14.55357],[-60.97888,14.55351],[-60.97909,14.55355],[-60.97933,14.55371],[-60.97947,14.55388],[-60.97958,14.55411],[-60.97972,14.55427],[-60.9798,14.55431],[-60.98003,14.55429],[-60.98042,14.55419],[-60.98063,14.5541],[-60.98066,14.55403],[-60.98044,14.55358],[-60.98047,14.55351],[-60.98061,14.55346],[-60.98081,14.55344],[-60.98098,14.55348],[-60.98123,14.55358],[-60.98139,14.5537],[-60.98143,14.55381],[-60.98134,14.55404],[-60.9815,14.55406],[-60.98197,14.55395],[-60.98212,14.55398],[-60.9823,14.5541],[-60.98242,14.55426],[-60.9826,14.55434],[-60.98291,14.55443],[-60.9832,14.55456],[-60.98358,14.55477],[-60.98377,14.555],[-60.98389,14.55526],[-60.98386,14.55546],[-60.98376,14.55556],[-60.98358,14.55554],[-60.98316,14.55538],[-60.9825,14.55493],[-60.9823,14.55487],[-60.98225,14.55491],[-60.98225,14.55533],[-60.98211,14.55543],[-60.98186,14.55551],[-60.98141,14.55544],[-60.98126,14.55549],[-60.9808,14.55571],[-60.98066,14.55585],[-60.98064,14.55611],[-60.98069,14.55618],[-60.98085,14.55623],[-60.98098,14.55632],[-60.98124,14.55636],[-60.98145,14.55644],[-60.98161,14.55653],[-60.98181,14.55657],[-60.98192,14.55675],[-60.98199,14.5568],[-60.98225,14.5569],[-60.98256,14.55712],[-60.98268,14.55725],[-60.98282,14.55733],[-60.98301,14.55735],[-60.98322,14.55731],[-60.98349,14.55714],[-60.98372,14.55707],[-60.98401,14.55713],[-60.98436,14.55717],[-60.98474,14.5572],[-60.98492,14.55718],[-60.98498,14.55736],[-60.98522,14.5575],[-60.98536,14.55753],[-60.98549,14.55746],[-60.98553,14.5572],[-60.98563,14.55715],[-60.98577,14.55715],[-60.98584,14.55708],[-60.98568,14.55659],[-60.9856,14.55649],[-60.98562,14.55629],[-60.98572,14.55617],[-60.98603,14.55606],[-60.98627,14.55608],[-60.98656,14.5562],[-60.98677,14.55626],[-60.987,14.55623],[-60.98721,14.55626],[-60.98739,14.55644],[-60.9875,14.55659],[-60.98752,14.55681],[-60.98762,14.55695],[-60.98781,14.55699],[-60.9879,14.5571],[-60.98782,14.55733],[-60.98787,14.55744],[-60.98801,14.55744],[-60.98824,14.55739],[-60.98849,14.55725],[-60.98906,14.55691],[-60.98939,14.55681],[-60.98967,14.55678],[-60.98992,14.55686],[-60.99032,14.5569],[-60.99061,14.5569],[-60.99076,14.55699],[-60.99081,14.55709],[-60.99071,14.5572],[-60.99007,14.55732],[-60.98952,14.55754],[-60.98941,14.55767],[-60.98942,14.55786],[-60.98925,14.55803],[-60.98909,14.55814],[-60.98869,14.55807],[-60.98849,14.55814],[-60.98839,14.55806],[-60.9883,14.55778],[-60.9882,14.55776],[-60.988,14.55787],[-60.98752,14.55799],[-60.98726,14.55809],[-60.98703,14.55833],[-60.98686,14.55865],[-60.98674,14.55883],[-60.9867,14.55913],[-60.9868,14.55946],[-60.98675,14.55971],[-60.98665,14.5599],[-60.98666,14.56009],[-60.98684,14.56022],[-60.98747,14.5606],[-60.98767,14.56076],[-60.98771,14.56095],[-60.98764,14.56115],[-60.9874,14.56129],[-60.987,14.5614],[-60.9867,14.56153],[-60.98631,14.56177],[-60.98613,14.56195],[-60.98593,14.56205],[-60.98578,14.56219],[-60.9857,14.56238],[-60.98573,14.56253],[-60.98592,14.56266],[-60.98628,14.56273],[-60.98685,14.56293],[-60.98733,14.563],[-60.98772,14.56298],[-60.98812,14.56293],[-60.98833,14.56299],[-60.98862,14.56315],[-60.98874,14.56311],[-60.9891,14.56316],[-60.98968,14.56321],[-60.98976,14.56325],[-60.98987,14.56339],[-60.98988,14.56357],[-60.99005,14.56372],[-60.99018,14.56388],[-60.99053,14.56408],[-60.99073,14.56399],[-60.99123,14.56381],[-60.99157,14.56366],[-60.99195,14.56355],[-60.99199,14.56357],[-60.99198,14.56386],[-60.99209,14.564],[-60.99229,14.56393],[-60.9922,14.56363],[-60.99226,14.56353],[-60.99253,14.5634],[-60.99318,14.56317],[-60.99324,14.56311],[-60.99344,14.56305],[-60.99369,14.56304],[-60.99383,14.56308],[-60.99402,14.56308],[-60.9942,14.56311],[-60.99431,14.56324],[-60.99419,14.56354],[-60.994,14.56372],[-60.99347,14.564],[-60.99332,14.56399],[-60.9931,14.5641],[-60.99263,14.56436],[-60.9925,14.56461],[-60.99242,14.56487],[-60.99227,14.56502],[-60.99204,14.56517],[-60.99188,14.56524],[-60.99171,14.56526],[-60.99136,14.56542],[-60.99112,14.56564],[-60.99111,14.56584],[-60.99135,14.56591],[-60.99142,14.56607],[-60.99156,14.56654],[-60.99161,14.5669],[-60.99167,14.56697],[-60.99187,14.56708],[-60.99198,14.56716],[-60.99205,14.5673],[-60.99207,14.56743],[-60.99203,14.56771],[-60.99209,14.56781],[-60.99231,14.56776],[-60.99287,14.56774],[-60.99321,14.56776],[-60.99339,14.56779],[-60.99358,14.56778],[-60.99373,14.56773],[-60.9939,14.56778],[-60.99398,14.56794],[-60.99394,14.56813],[-60.99385,14.5683],[-60.99377,14.56869],[-60.99348,14.56912],[-60.99342,14.56931],[-60.99334,14.56945],[-60.99326,14.56949],[-60.9929,14.56958],[-60.99246,14.5696],[-60.99215,14.56966],[-60.99181,14.56992],[-60.99175,14.57013],[-60.99204,14.57044],[-60.99231,14.5707],[-60.99272,14.5709],[-60.99378,14.57117],[-60.99392,14.57122],[-60.99393,14.57129],[-60.99342,14.57128],[-60.9933,14.5713],[-60.99329,14.57142],[-60.99321,14.57159],[-60.99307,14.57177],[-60.99273,14.5721],[-60.99259,14.57227],[-60.99233,14.57249],[-60.9921,14.57258],[-60.99184,14.57263],[-60.9914,14.57281],[-60.99108,14.57295],[-60.99084,14.57308],[-60.9907,14.57319],[-60.99052,14.57326],[-60.99016,14.57323],[-60.99016,14.57334],[-60.9903,14.57366],[-60.99049,14.57381],[-60.9905,14.57402],[-60.99062,14.57427],[-60.99091,14.5744],[-60.99112,14.57466],[-60.99123,14.57489],[-60.99159,14.57508],[-60.99249,14.575],[-60.99285,14.57503],[-60.993,14.57496],[-60.99327,14.57491],[-60.99354,14.57475],[-60.99373,14.57455],[-60.99392,14.57447],[-60.99408,14.57447],[-60.9944,14.5746],[-60.99442,14.57455],[-60.99436,14.57429],[-60.99431,14.57389],[-60.99456,14.57366],[-60.99465,14.57351],[-60.99495,14.57312],[-60.99528,14.57253],[-60.99546,14.57232],[-60.99559,14.57205],[-60.99587,14.57139],[-60.99598,14.57102],[-60.99603,14.57074],[-60.99618,14.57052],[-60.99638,14.57033],[-60.99667,14.57018],[-60.997,14.57013],[-60.99734,14.56997],[-60.99757,14.56977],[-60.99766,14.56963],[-60.99768,14.56953],[-60.99764,14.5694],[-60.9975,14.56923],[-60.99756,14.56907],[-60.99776,14.56889],[-60.99789,14.56872],[-60.99794,14.56849],[-60.99794,14.5681],[-60.99791,14.56798],[-60.99779,14.56784],[-60.99737,14.56767],[-60.99728,14.56753],[-60.99734,14.56731],[-60.99741,14.56726],[-60.99773,14.56725],[-60.9979,14.5672],[-60.99797,14.56714],[-60.99798,14.56701],[-60.99794,14.56672],[-60.99785,14.56643],[-60.99769,14.56621],[-60.99768,14.56615],[-60.99791,14.56601],[-60.99831,14.56583],[-60.99846,14.56573],[-60.99851,14.56594],[-60.99865,14.56636],[-60.99887,14.56654],[-60.99908,14.56665],[-60.99924,14.5668],[-60.99939,14.5668],[-60.99959,14.56667],[-60.99974,14.56666],[-60.99993,14.56676],[-61,14.56675],[-61.00008,14.56661],[-61.00014,14.56641],[-61.00037,14.56608],[-61.00053,14.56597],[-61.00071,14.56591],[-61.00081,14.56579],[-61.00091,14.56545],[-61.0011,14.56523],[-61.00104,14.56499],[-61.00122,14.56488],[-61.00142,14.56468],[-61.00146,14.56457],[-61.00146,14.56408],[-61.00174,14.56354],[-61.00188,14.56282],[-61.00191,14.56211],[-61.00198,14.56256],[-61.002,14.56287],[-61.00194,14.56366],[-61.00202,14.56414],[-61.0022,14.56462],[-61.00221,14.56505],[-61.00228,14.56532],[-61.00218,14.56544],[-61.00208,14.56544],[-61.00194,14.56534],[-61.00183,14.56543],[-61.0017,14.56569],[-61.00149,14.56598],[-61.00141,14.56615],[-61.00108,14.5665],[-61.00102,14.56679],[-61.00108,14.56686],[-61.00095,14.56823],[-61.00087,14.56908],[-61.00095,14.56912],[-61.00102,14.56925],[-61.0012,14.56944],[-61.00126,14.56958],[-61.0013,14.56979],[-61.00145,14.57005],[-61.0016,14.57066],[-61.00158,14.5708],[-61.00136,14.57107],[-61.00132,14.57121],[-61.00133,14.57142],[-61.00129,14.57165],[-61.00117,14.57203],[-61.00115,14.57224],[-61.00111,14.57239],[-61.00101,14.57245],[-61.00083,14.5724],[-61.00066,14.57226],[-61.00042,14.57195],[-61.00021,14.57186],[-61.00008,14.57187],[-60.99984,14.57192],[-60.99953,14.5719],[-60.99935,14.57184],[-60.99916,14.57171],[-60.999,14.57178],[-60.99886,14.57195],[-60.9987,14.57223],[-60.99841,14.57254],[-60.9983,14.57262],[-60.99804,14.57273],[-60.99795,14.573],[-60.99787,14.57307],[-60.99758,14.57309],[-60.99735,14.57326],[-60.99726,14.57345],[-60.99728,14.5739],[-60.99735,14.574],[-60.99754,14.57414],[-60.99764,14.57424],[-60.99769,14.57439],[-60.99767,14.57451],[-60.99757,14.57471],[-60.99741,14.57485],[-60.9973,14.57497],[-60.99728,14.57514],[-60.99736,14.57531],[-60.99757,14.57569],[-60.99781,14.57619],[-60.99788,14.57645],[-60.99788,14.57666],[-60.99784,14.57673],[-60.99748,14.57712],[-60.99737,14.57721],[-60.99721,14.57726],[-60.99691,14.5772],[-60.99675,14.57719],[-60.9966,14.5773],[-60.99623,14.57774],[-60.99603,14.57792],[-60.99589,14.57797],[-60.99558,14.57803],[-60.99525,14.57823],[-60.99494,14.57828],[-60.99449,14.57822],[-60.99423,14.57828],[-60.994,14.57837],[-60.99364,14.57845],[-60.99362,14.57856],[-60.99367,14.57873],[-60.99375,14.57882],[-60.99413,14.57894],[-60.99428,14.57905],[-60.9945,14.57932],[-60.99463,14.57964],[-60.99455,14.58025],[-60.99447,14.58063],[-60.99437,14.58089],[-60.99437,14.58107],[-60.99443,14.58141],[-60.99436,14.58187],[-60.99426,14.58226],[-60.99425,14.58261],[-60.99427,14.58268],[-60.99461,14.58312],[-60.99471,14.58332],[-60.99486,14.58354],[-60.9949,14.58368],[-60.99483,14.5839],[-60.9947,14.58392],[-60.99451,14.58383],[-60.99412,14.58402],[-60.99385,14.58408],[-60.99348,14.58406],[-60.99314,14.58392],[-60.99269,14.58368],[-60.99253,14.58352],[-60.99238,14.58354],[-60.99227,14.58388],[-60.99213,14.58412],[-60.99203,14.58421],[-60.99182,14.58431],[-60.99163,14.58436],[-60.99091,14.58447],[-60.99085,14.58453],[-60.99076,14.58482],[-60.99068,14.58498],[-60.99047,14.58518],[-60.99023,14.58532],[-60.99006,14.58547],[-60.98992,14.58552],[-60.98944,14.58575],[-60.98931,14.58587],[-60.98917,14.5862],[-60.98864,14.58679],[-60.98843,14.587],[-60.9882,14.58718],[-60.98798,14.58739],[-60.98754,14.58778],[-60.98738,14.58796],[-60.98663,14.58871],[-60.98471,14.59054],[-60.98431,14.59102],[-60.98375,14.59162],[-60.9837,14.59173],[-60.98305,14.59239],[-60.9827,14.59282],[-60.98252,14.59302],[-60.98233,14.59314],[-60.9821,14.59315],[-60.98197,14.59325],[-60.98177,14.59377],[-60.98155,14.59381],[-60.98134,14.59388],[-60.98113,14.59384],[-60.98096,14.59375],[-60.98069,14.59356],[-60.98055,14.59352],[-60.98033,14.59353],[-60.98001,14.59359],[-60.97975,14.59378],[-60.97944,14.59415],[-60.9793,14.59426],[-60.97914,14.59429],[-60.97905,14.59426],[-60.97894,14.59412],[-60.97878,14.59386],[-60.97866,14.59379],[-60.97824,14.59394],[-60.97805,14.59398],[-60.97761,14.59401],[-60.97739,14.59406],[-60.97724,14.5943],[-60.97714,14.59456],[-60.97691,14.59501],[-60.97665,14.59551],[-60.97655,14.59573],[-60.97641,14.59609],[-60.97608,14.59638],[-60.976,14.59656],[-60.97599,14.59676],[-60.97597,14.59729],[-60.97592,14.59755],[-60.97581,14.59768],[-60.97545,14.59793],[-60.97524,14.59813],[-60.9751,14.59831],[-60.97497,14.59841],[-60.97468,14.59849],[-60.97435,14.59855],[-60.97418,14.59866],[-60.9741,14.59883],[-60.97409,14.59905],[-60.97428,14.59929],[-60.97428,14.59942],[-60.97415,14.59988],[-60.97402,14.60023],[-60.97391,14.6007],[-60.97364,14.60155],[-60.97352,14.60199],[-60.97326,14.60295],[-60.97315,14.6033],[-60.97258,14.60498],[-60.97228,14.60503],[-60.97205,14.6052],[-60.97172,14.60531],[-60.97136,14.60546],[-60.97067,14.60568],[-60.96962,14.60607],[-60.96961,14.60616],[-60.96841,14.60612],[-60.96836,14.60645],[-60.96823,14.60666],[-60.96763,14.60722],[-60.96725,14.60751],[-60.96698,14.6077],[-60.96659,14.60791],[-60.96636,14.60806],[-60.96611,14.60827],[-60.96593,14.60844],[-60.96561,14.60871],[-60.96537,14.60881],[-60.96511,14.60884],[-60.96492,14.60892],[-60.96488,14.60887],[-60.9648,14.60842],[-60.96468,14.60825],[-60.96461,14.60822],[-60.96425,14.60815],[-60.96415,14.60808],[-60.964,14.60784],[-60.96369,14.60702],[-60.96377,14.60645],[-60.96378,14.60631],[-60.96369,14.60628],[-60.96334,14.60669],[-60.96321,14.60678],[-60.96267,14.60702],[-60.96233,14.60726],[-60.96216,14.60744],[-60.962,14.60769],[-60.96188,14.60804],[-60.96181,14.60814],[-60.96154,14.60839],[-60.96084,14.60917],[-60.9608,14.60919],[-60.96028,14.60925],[-60.95974,14.60924],[-60.95961,14.60926],[-60.95925,14.60916],[-60.95883,14.6088],[-60.95861,14.60869],[-60.95819,14.6086],[-60.95788,14.6086],[-60.9577,14.60862],[-60.95725,14.60884],[-60.95686,14.60902],[-60.95653,14.60929],[-60.95622,14.60962],[-60.95616,14.60971],[-60.9541,14.60959],[-60.95405,14.60932],[-60.95393,14.60914],[-60.9538,14.6091],[-60.95369,14.60911],[-60.95314,14.60929],[-60.95294,14.6093],[-60.95261,14.60915],[-60.95241,14.6091],[-60.95184,14.60911],[-60.95159,14.60906],[-60.95084,14.60866],[-60.95005,14.60849],[-60.94967,14.60848],[-60.94951,14.60844],[-60.94922,14.60831],[-60.94912,14.60825],[-60.94882,14.60792],[-60.94854,14.60771],[-60.94834,14.60767],[-60.94775,14.60767],[-60.94745,14.60763],[-60.9473,14.60755],[-60.94721,14.60744],[-60.94729,14.60664],[-60.94729,14.6064],[-60.94726,14.60623],[-60.9472,14.60609],[-60.94711,14.606],[-60.94682,14.6058],[-60.94659,14.60555],[-60.94644,14.60545],[-60.94602,14.60525],[-60.94583,14.6051],[-60.94572,14.60495],[-60.94558,14.60471],[-60.94522,14.60442],[-60.94509,14.60408],[-60.94494,14.60396],[-60.94473,14.60388],[-60.94432,14.60378],[-60.94414,14.60369],[-60.94384,14.60348],[-60.94341,14.60325],[-60.94331,14.60314],[-60.94326,14.60301],[-60.94315,14.60249],[-60.94291,14.60227],[-60.9425,14.602],[-60.94239,14.60196],[-60.94222,14.602],[-60.94193,14.60218],[-60.94166,14.60221],[-60.94143,14.60222],[-60.94127,14.60226],[-60.94113,14.60236],[-60.94095,14.60256],[-60.94075,14.60287],[-60.94071,14.60301],[-60.94076,14.60349],[-60.94073,14.60366],[-60.94061,14.60389],[-60.94045,14.6037],[-60.94048,14.60332],[-60.94008,14.60294],[-60.93974,14.60288],[-60.93932,14.60284],[-60.93925,14.60269],[-60.93901,14.60269],[-60.93874,14.60279],[-60.93871,14.60246],[-60.93864,14.60239],[-60.93813,14.60218],[-60.93809,14.60192],[-60.93772,14.60185],[-60.93764,14.60181],[-60.93757,14.60165],[-60.93758,14.6013],[-60.9373,14.60068],[-60.93728,14.60054],[-60.93735,14.60043],[-60.93727,14.60036],[-60.93731,14.60007],[-60.93725,14.59985],[-60.93721,14.59933],[-60.93733,14.59889],[-60.93751,14.59834],[-60.93782,14.59749],[-60.93772,14.59736],[-60.93753,14.59727],[-60.93727,14.59725],[-60.93714,14.59731],[-60.93692,14.59732],[-60.93667,14.59727],[-60.93631,14.5971],[-60.93606,14.59693],[-60.93587,14.59685],[-60.93505,14.59664],[-60.93499,14.59658],[-60.93496,14.59628],[-60.93501,14.59599],[-60.93496,14.59567],[-60.935,14.59551],[-60.93498,14.59517],[-60.93494,14.59493],[-60.93498,14.59478],[-60.93518,14.59445],[-60.93511,14.59409],[-60.935,14.59387],[-60.93497,14.59365],[-60.93502,14.59354],[-60.93516,14.59338],[-60.93538,14.59317],[-60.9354,14.59282],[-60.93545,14.59261],[-60.9353,14.59225],[-60.9351,14.59184],[-60.93523,14.59139],[-60.93524,14.59108],[-60.93527,14.59081],[-60.93527,14.59055],[-60.93525,14.59022],[-60.93506,14.58997],[-60.93541,14.58969],[-60.93566,14.58967],[-60.93556,14.58947],[-60.93498,14.58863],[-60.9348,14.58828],[-60.93502,14.58818],[-60.9356,14.58811],[-60.93594,14.5881]]]}},{"type":"Feature","properties":{"nom":"Fonds-Saint-Denis","code":"97208"},"geometry":{"type":"Polygon","coordinates":[[[-61.08465,14.72491],[-61.08478,14.72491],[-61.08509,14.72483],[-61.08523,14.72462],[-61.08555,14.72423],[-61.08571,14.7241],[-61.08587,14.72391],[-61.08601,14.72367],[-61.08611,14.72331],[-61.08616,14.723],[-61.08631,14.72287],[-61.08638,14.72269],[-61.08642,14.72236],[-61.08652,14.72218],[-61.08673,14.72169],[-61.08676,14.72134],[-61.08672,14.72116],[-61.08663,14.72093],[-61.08658,14.72063],[-61.0866,14.7204],[-61.08664,14.72027],[-61.08676,14.72018],[-61.08678,14.71992],[-61.0867,14.71972],[-61.08667,14.71942],[-61.08672,14.7193],[-61.08686,14.71919],[-61.08697,14.71897],[-61.08692,14.71864],[-61.08683,14.71846],[-61.08662,14.71837],[-61.08649,14.71821],[-61.08633,14.71809],[-61.08637,14.71792],[-61.08632,14.71778],[-61.08617,14.71766],[-61.08609,14.71751],[-61.08607,14.71732],[-61.0859,14.71677],[-61.08579,14.71635],[-61.08572,14.71598],[-61.08572,14.71573],[-61.08585,14.71547],[-61.08589,14.71519],[-61.08584,14.71452],[-61.08569,14.71387],[-61.0855,14.71341],[-61.08515,14.71269],[-61.08484,14.7125],[-61.08466,14.71233],[-61.08463,14.71222],[-61.08463,14.71191],[-61.08448,14.71158],[-61.08443,14.71121],[-61.08446,14.71093],[-61.08455,14.71066],[-61.08467,14.71049],[-61.08469,14.71027],[-61.08462,14.70986],[-61.08445,14.70957],[-61.08417,14.70937],[-61.08387,14.70926],[-61.08371,14.70914],[-61.08351,14.7085],[-61.0835,14.7084],[-61.0836,14.70824],[-61.08379,14.70807],[-61.08384,14.70799],[-61.0839,14.70803],[-61.08405,14.70825],[-61.08421,14.70835],[-61.08449,14.70844],[-61.08465,14.70846],[-61.08484,14.70838],[-61.08501,14.70822],[-61.08509,14.70797],[-61.08509,14.70783],[-61.08504,14.70765],[-61.08496,14.70749],[-61.0849,14.70731],[-61.0849,14.70708],[-61.08494,14.70696],[-61.08505,14.70677],[-61.08517,14.70664],[-61.08546,14.70644],[-61.08573,14.70635],[-61.08606,14.70636],[-61.08666,14.70663],[-61.08689,14.70668],[-61.08708,14.7067],[-61.08731,14.70677],[-61.08773,14.70686],[-61.08801,14.70688],[-61.08839,14.70697],[-61.08855,14.70707],[-61.08886,14.70721],[-61.08932,14.70738],[-61.08953,14.70743],[-61.08966,14.70754],[-61.08978,14.70783],[-61.0899,14.70795],[-61.09006,14.70801],[-61.09016,14.70799],[-61.0904,14.70781],[-61.09047,14.70771],[-61.09049,14.70758],[-61.09042,14.70734],[-61.09051,14.70695],[-61.09058,14.70693],[-61.09087,14.70705],[-61.091,14.70702],[-61.09113,14.70695],[-61.0914,14.70674],[-61.09153,14.7066],[-61.09174,14.70631],[-61.09189,14.70619],[-61.09206,14.70609],[-61.09225,14.7059],[-61.09226,14.7058],[-61.09219,14.70541],[-61.09222,14.7053],[-61.09235,14.70507],[-61.09249,14.70495],[-61.0927,14.70492],[-61.09292,14.70485],[-61.09333,14.70461],[-61.09348,14.7045],[-61.09336,14.70417],[-61.09337,14.7041],[-61.09349,14.70372],[-61.09369,14.70345],[-61.09376,14.70312],[-61.09378,14.7029],[-61.0937,14.70265],[-61.09369,14.70246],[-61.09377,14.70228],[-61.09394,14.7021],[-61.09399,14.70194],[-61.09397,14.70184],[-61.09378,14.70161],[-61.0938,14.7015],[-61.0939,14.70135],[-61.09414,14.70122],[-61.09423,14.70145],[-61.09454,14.70131],[-61.09464,14.70122],[-61.09466,14.70107],[-61.09485,14.70096],[-61.09487,14.70089],[-61.09466,14.7007],[-61.09469,14.70057],[-61.09492,14.70029],[-61.09508,14.70015],[-61.09528,14.6999],[-61.09532,14.6997],[-61.09566,14.69926],[-61.09579,14.69913],[-61.09594,14.69904],[-61.09616,14.69895],[-61.09625,14.69888],[-61.09649,14.69881],[-61.09649,14.69864],[-61.09662,14.69853],[-61.09687,14.69846],[-61.09693,14.69829],[-61.09718,14.69811],[-61.09759,14.69804],[-61.09821,14.69789],[-61.09852,14.69774],[-61.09866,14.69773],[-61.09888,14.69759],[-61.09934,14.69737],[-61.10002,14.69711],[-61.10012,14.69698],[-61.10013,14.69686],[-61.10029,14.69653],[-61.10032,14.69636],[-61.10064,14.6957],[-61.1008,14.69575],[-61.10113,14.69591],[-61.10136,14.6961],[-61.10162,14.6965],[-61.10177,14.6969],[-61.10174,14.69719],[-61.10179,14.69757],[-61.10174,14.69764],[-61.10204,14.69884],[-61.10222,14.69891],[-61.1021,14.6995],[-61.10236,14.69981],[-61.10402,14.70086],[-61.10403,14.70087],[-61.10701,14.70042],[-61.10701,14.70063],[-61.10695,14.70105],[-61.10703,14.70146],[-61.10694,14.70156],[-61.10682,14.7019],[-61.10662,14.70223],[-61.10682,14.7022],[-61.10739,14.70229],[-61.10764,14.70221],[-61.10804,14.70218],[-61.10814,14.70222],[-61.10827,14.70237],[-61.10844,14.70229],[-61.10852,14.7023],[-61.10859,14.7024],[-61.1088,14.70249],[-61.10899,14.70252],[-61.10938,14.70261],[-61.10961,14.70273],[-61.10975,14.70272],[-61.10997,14.70287],[-61.11019,14.70293],[-61.11035,14.70308],[-61.11042,14.70321],[-61.11072,14.70341],[-61.11089,14.70342],[-61.11145,14.70302],[-61.11151,14.70275],[-61.11171,14.70262],[-61.11188,14.70246],[-61.11196,14.70245],[-61.11214,14.70235],[-61.11237,14.70232],[-61.11325,14.70269],[-61.11323,14.70306],[-61.11328,14.70323],[-61.11328,14.70344],[-61.11324,14.70356],[-61.11335,14.70397],[-61.11336,14.7042],[-61.1134,14.70441],[-61.11365,14.70468],[-61.11374,14.70481],[-61.11386,14.7052],[-61.114,14.70541],[-61.11402,14.70551],[-61.1142,14.70573],[-61.11421,14.70599],[-61.11431,14.70622],[-61.1144,14.70633],[-61.11442,14.70653],[-61.11447,14.70667],[-61.11473,14.7072],[-61.11484,14.70749],[-61.11492,14.70756],[-61.11496,14.70772],[-61.11525,14.7078],[-61.11549,14.70797],[-61.11558,14.70812],[-61.11558,14.70821],[-61.11569,14.70836],[-61.11569,14.70847],[-61.11576,14.70856],[-61.11578,14.70877],[-61.11593,14.70885],[-61.11606,14.70882],[-61.11606,14.70936],[-61.11621,14.70962],[-61.11635,14.70995],[-61.11651,14.71025],[-61.11668,14.71046],[-61.11687,14.71077],[-61.11692,14.71095],[-61.11681,14.71126],[-61.11682,14.71157],[-61.11687,14.71173],[-61.11682,14.71191],[-61.11719,14.71197],[-61.11735,14.71207],[-61.11767,14.7123],[-61.11782,14.71293],[-61.11812,14.71308],[-61.11823,14.7138],[-61.11845,14.71433],[-61.11843,14.71494],[-61.11837,14.71564],[-61.11852,14.71627],[-61.11896,14.71675],[-61.11963,14.7173],[-61.12098,14.71861],[-61.12111,14.71877],[-61.12125,14.71903],[-61.12141,14.71922],[-61.12167,14.71924],[-61.12279,14.71914],[-61.123,14.71936],[-61.12314,14.71945],[-61.12431,14.72047],[-61.12459,14.72073],[-61.12579,14.7213],[-61.12683,14.72177],[-61.12899,14.72269],[-61.12937,14.72287],[-61.12964,14.72312],[-61.13095,14.72339],[-61.13143,14.72343],[-61.13244,14.72462],[-61.13298,14.72462],[-61.133,14.72517],[-61.13368,14.72521],[-61.13393,14.7247],[-61.13448,14.72468],[-61.13457,14.72347],[-61.13494,14.72322],[-61.1353,14.72304],[-61.13563,14.72306],[-61.13802,14.72462],[-61.13983,14.72748],[-61.13991,14.72776],[-61.14026,14.72764],[-61.14032,14.72719],[-61.14058,14.72697],[-61.14094,14.72688],[-61.14142,14.72683],[-61.14176,14.72701],[-61.1419,14.7271],[-61.14198,14.72725],[-61.14208,14.72701],[-61.14214,14.72693],[-61.14243,14.72688],[-61.14282,14.72677],[-61.14297,14.72707],[-61.14303,14.72799],[-61.14319,14.72812],[-61.14385,14.72743],[-61.14391,14.72801],[-61.14513,14.72821],[-61.14701,14.72725],[-61.14768,14.72806],[-61.14784,14.72794],[-61.14809,14.72785],[-61.14832,14.72783],[-61.14863,14.72793],[-61.14885,14.72809],[-61.14896,14.72812],[-61.1491,14.72809],[-61.14927,14.72797],[-61.14955,14.7277],[-61.14959,14.72779],[-61.14985,14.7282],[-61.15013,14.7284],[-61.15029,14.7286],[-61.15036,14.7288],[-61.15036,14.72912],[-61.15053,14.72939],[-61.15061,14.72966],[-61.15071,14.72979],[-61.15101,14.7299],[-61.15138,14.72988],[-61.15179,14.72982],[-61.15212,14.72963],[-61.15225,14.72974],[-61.15243,14.73058],[-61.15254,14.73142],[-61.15252,14.73184],[-61.15254,14.73218],[-61.15247,14.73236],[-61.15234,14.73254],[-61.1522,14.73288],[-61.15229,14.73291],[-61.1525,14.7331],[-61.15268,14.73323],[-61.15282,14.73338],[-61.15321,14.73387],[-61.15375,14.7344],[-61.15403,14.73426],[-61.15422,14.73406],[-61.15463,14.73386],[-61.15477,14.73386],[-61.15491,14.73392],[-61.15508,14.73391],[-61.15534,14.73367],[-61.15546,14.73372],[-61.15557,14.73362],[-61.15579,14.73358],[-61.15589,14.73346],[-61.15722,14.73412],[-61.15778,14.73443],[-61.15806,14.73454],[-61.15888,14.73494],[-61.15916,14.73506],[-61.15957,14.73531],[-61.15983,14.73543],[-61.15928,14.73553],[-61.15919,14.73605],[-61.15906,14.73648],[-61.15907,14.73665],[-61.15886,14.73681],[-61.1582,14.73723],[-61.15804,14.73736],[-61.15751,14.73771],[-61.15708,14.73794],[-61.15632,14.73858],[-61.15595,14.73838],[-61.15588,14.7382],[-61.15578,14.73809],[-61.15571,14.73787],[-61.15546,14.7378],[-61.15537,14.73836],[-61.15535,14.73853],[-61.15521,14.73899],[-61.15507,14.73925],[-61.15431,14.73875],[-61.15407,14.73842],[-61.15391,14.73842],[-61.15388,14.73863],[-61.15395,14.73879],[-61.1542,14.73905],[-61.1544,14.73918],[-61.15481,14.73941],[-61.15499,14.73949],[-61.15584,14.7397],[-61.15606,14.73974],[-61.15675,14.73994],[-61.15709,14.74019],[-61.15736,14.7403],[-61.15781,14.74041],[-61.15839,14.74083],[-61.15869,14.74101],[-61.15893,14.74113],[-61.1593,14.74126],[-61.15981,14.7414],[-61.16043,14.74153],[-61.16066,14.74155],[-61.1611,14.74164],[-61.16155,14.74179],[-61.16185,14.74188],[-61.16193,14.74197],[-61.16229,14.74226],[-61.16238,14.74237],[-61.16259,14.74252],[-61.16204,14.74384],[-61.1617,14.74359],[-61.16081,14.74311],[-61.16069,14.74312],[-61.16033,14.74352],[-61.16027,14.74368],[-61.16029,14.74391],[-61.16037,14.74404],[-61.16053,14.74434],[-61.16047,14.74448],[-61.16027,14.74463],[-61.15983,14.74508],[-61.15947,14.74534],[-61.15943,14.7454],[-61.15887,14.74588],[-61.15735,14.74544],[-61.15729,14.74536],[-61.1571,14.74555],[-61.15693,14.74558],[-61.15652,14.74578],[-61.15615,14.74602],[-61.15563,14.74617],[-61.15535,14.74622],[-61.15489,14.74606],[-61.15454,14.7459],[-61.15417,14.74569],[-61.15374,14.74582],[-61.15338,14.74586],[-61.15322,14.74581],[-61.15272,14.74578],[-61.15257,14.74583],[-61.15244,14.74581],[-61.15222,14.74565],[-61.15204,14.74542],[-61.15184,14.74532],[-61.15127,14.74522],[-61.15048,14.74505],[-61.14991,14.74502],[-61.14966,14.74496],[-61.14923,14.74499],[-61.149,14.74517],[-61.14865,14.74499],[-61.14818,14.74495],[-61.14757,14.74484],[-61.14706,14.74483],[-61.14647,14.74489],[-61.14609,14.74497],[-61.14559,14.7448],[-61.145,14.74475],[-61.14406,14.74482],[-61.14337,14.74489],[-61.14226,14.74474],[-61.14185,14.74472],[-61.14152,14.74466],[-61.14111,14.74462],[-61.14088,14.74468],[-61.14048,14.74497],[-61.1403,14.74502],[-61.13996,14.74496],[-61.13967,14.74488],[-61.13947,14.74487],[-61.13916,14.74515],[-61.13881,14.7457],[-61.13838,14.74598],[-61.13841,14.74687],[-61.1378,14.74659],[-61.1375,14.74639],[-61.13724,14.74634],[-61.13641,14.74651],[-61.13578,14.74649],[-61.13512,14.74642],[-61.13467,14.74642],[-61.1341,14.74646],[-61.13354,14.74638],[-61.13326,14.74642],[-61.13292,14.74665],[-61.13256,14.7468],[-61.13169,14.74723],[-61.13136,14.74745],[-61.13101,14.74763],[-61.13059,14.74808],[-61.13044,14.74836],[-61.13025,14.74856],[-61.13015,14.74929],[-61.13005,14.74978],[-61.12951,14.74981],[-61.12949,14.74977],[-61.12949,14.7494],[-61.12958,14.74928],[-61.12953,14.74911],[-61.12894,14.74802],[-61.12883,14.74774],[-61.12875,14.74744],[-61.1284,14.7469],[-61.12783,14.74623],[-61.12743,14.74586],[-61.12721,14.74561],[-61.12635,14.74567],[-61.12587,14.74566],[-61.12542,14.74545],[-61.1248,14.74499],[-61.1246,14.74487],[-61.1245,14.74472],[-61.12432,14.74422],[-61.12377,14.74415],[-61.12318,14.74403],[-61.12286,14.74376],[-61.12261,14.74366],[-61.12178,14.7434],[-61.12105,14.74294],[-61.12085,14.74255],[-61.12074,14.74201],[-61.12055,14.74158],[-61.12042,14.74135],[-61.12038,14.74093],[-61.11944,14.74068],[-61.11915,14.7407],[-61.11841,14.74057],[-61.11799,14.74057],[-61.11746,14.74058],[-61.11707,14.74071],[-61.11679,14.74105],[-61.11662,14.7412],[-61.11649,14.74126],[-61.11585,14.74143],[-61.1155,14.74165],[-61.11542,14.74174],[-61.11528,14.74196],[-61.11519,14.74218],[-61.11507,14.74234],[-61.11478,14.74255],[-61.11465,14.74261],[-61.11432,14.74271],[-61.11406,14.74282],[-61.11383,14.74287],[-61.11324,14.74265],[-61.11312,14.74246],[-61.11307,14.74206],[-61.11299,14.74169],[-61.11288,14.74149],[-61.11286,14.7414],[-61.11293,14.74112],[-61.1128,14.74086],[-61.11266,14.7407],[-61.11296,14.73999],[-61.11319,14.73941],[-61.11334,14.73892],[-61.11338,14.73772],[-61.11328,14.73729],[-61.11287,14.73729],[-61.11225,14.73733],[-61.11153,14.73727],[-61.11093,14.7372],[-61.11035,14.73734],[-61.11019,14.73748],[-61.10956,14.73783],[-61.10931,14.73791],[-61.10898,14.73799],[-61.10876,14.7381],[-61.10852,14.73812],[-61.10816,14.73808],[-61.10774,14.73794],[-61.10737,14.7377],[-61.10708,14.73743],[-61.10683,14.73717],[-61.10652,14.7368],[-61.10628,14.73633],[-61.10611,14.73616],[-61.10592,14.73602],[-61.10565,14.7357],[-61.10544,14.73544],[-61.10547,14.73483],[-61.10518,14.73425],[-61.10518,14.73404],[-61.10559,14.73288],[-61.10563,14.73251],[-61.10564,14.73234],[-61.10556,14.73189],[-61.10553,14.73181],[-61.10548,14.73144],[-61.10498,14.73108],[-61.10473,14.73087],[-61.10451,14.73081],[-61.10443,14.73122],[-61.10434,14.73149],[-61.10408,14.73162],[-61.10369,14.732],[-61.10336,14.73225],[-61.10308,14.73233],[-61.10295,14.7324],[-61.10258,14.73252],[-61.10225,14.73258],[-61.10218,14.73262],[-61.10196,14.73285],[-61.10152,14.73308],[-61.10141,14.73325],[-61.10136,14.7334],[-61.10121,14.73395],[-61.10113,14.73418],[-61.10112,14.7344],[-61.10118,14.7347],[-61.10113,14.73487],[-61.10097,14.73501],[-61.10028,14.73565],[-61.09983,14.73598],[-61.0996,14.73627],[-61.09945,14.73634],[-61.09923,14.73636],[-61.09894,14.73645],[-61.09875,14.73661],[-61.09831,14.73672],[-61.09794,14.73705],[-61.09768,14.73748],[-61.09748,14.73772],[-61.09734,14.73784],[-61.09678,14.73817],[-61.09659,14.73831],[-61.09647,14.73848],[-61.09631,14.73881],[-61.09625,14.73921],[-61.09617,14.7393],[-61.09599,14.73939],[-61.09574,14.73945],[-61.09549,14.73955],[-61.09536,14.73973],[-61.09529,14.73991],[-61.09527,14.74012],[-61.09533,14.74027],[-61.09528,14.74042],[-61.09486,14.74067],[-61.09431,14.74108],[-61.09418,14.74129],[-61.09395,14.74151],[-61.09382,14.74154],[-61.0934,14.74154],[-61.09307,14.74161],[-61.09293,14.74171],[-61.09273,14.74167],[-61.09251,14.74145],[-61.09232,14.74135],[-61.092,14.74132],[-61.09162,14.74143],[-61.09137,14.74144],[-61.09107,14.74155],[-61.09079,14.74185],[-61.0904,14.74224],[-61.0902,14.74236],[-61.09,14.74245],[-61.08978,14.74264],[-61.08977,14.74277],[-61.08982,14.74294],[-61.08989,14.7433],[-61.08986,14.74355],[-61.08967,14.74386],[-61.08957,14.74393],[-61.08936,14.744],[-61.08923,14.74401],[-61.08906,14.74386],[-61.08889,14.74357],[-61.08864,14.74336],[-61.08838,14.74327],[-61.08826,14.74325],[-61.08795,14.74328],[-61.08786,14.74331],[-61.08771,14.74322],[-61.08764,14.74302],[-61.08747,14.74296],[-61.08751,14.74283],[-61.08744,14.7426],[-61.08721,14.74236],[-61.08716,14.74223],[-61.08713,14.74194],[-61.08705,14.74166],[-61.08698,14.74151],[-61.08677,14.74146],[-61.08641,14.74152],[-61.08628,14.74147],[-61.08623,14.74126],[-61.0862,14.74083],[-61.08616,14.74063],[-61.08617,14.74046],[-61.08627,14.74027],[-61.08628,14.74005],[-61.08618,14.73984],[-61.08608,14.73957],[-61.08602,14.7393],[-61.08612,14.73895],[-61.08639,14.73841],[-61.08653,14.73804],[-61.08676,14.73769],[-61.08613,14.73551],[-61.08615,14.73483],[-61.08515,14.73361],[-61.08492,14.73356],[-61.08458,14.73322],[-61.08427,14.73252],[-61.08375,14.73206],[-61.08346,14.73188],[-61.08321,14.73175],[-61.08295,14.7316],[-61.08216,14.73044],[-61.0817,14.72992],[-61.08064,14.72846],[-61.08001,14.7279],[-61.07947,14.72769],[-61.07922,14.72743],[-61.07901,14.72729],[-61.07884,14.72724],[-61.07879,14.72714],[-61.07924,14.72698],[-61.07944,14.72694],[-61.07955,14.72687],[-61.07968,14.7267],[-61.0801,14.72631],[-61.08035,14.72593],[-61.08066,14.72567],[-61.08087,14.72566],[-61.08135,14.72574],[-61.0817,14.72565],[-61.08203,14.72544],[-61.08228,14.72536],[-61.08299,14.72532],[-61.08331,14.72526],[-61.08359,14.72512],[-61.08382,14.72513],[-61.08404,14.72506],[-61.08423,14.72497],[-61.08438,14.72493],[-61.08465,14.72491]]]}},{"type":"Feature","properties":{"nom":"Fort-de-France","code":"97209"},"geometry":{"type":"Polygon","coordinates":[[[-61.10064,14.6957],[-61.10032,14.69636],[-61.10029,14.69653],[-61.10013,14.69686],[-61.10012,14.69698],[-61.10002,14.69711],[-61.09934,14.69737],[-61.09888,14.69759],[-61.09866,14.69773],[-61.09852,14.69774],[-61.09821,14.69789],[-61.09759,14.69804],[-61.09718,14.69811],[-61.09693,14.69829],[-61.09687,14.69846],[-61.09662,14.69853],[-61.09649,14.69864],[-61.09649,14.69881],[-61.09625,14.69888],[-61.09616,14.69895],[-61.09594,14.69904],[-61.09579,14.69913],[-61.09566,14.69926],[-61.09532,14.6997],[-61.09528,14.6999],[-61.09508,14.70015],[-61.09492,14.70029],[-61.09469,14.70057],[-61.09466,14.7007],[-61.09487,14.70089],[-61.09485,14.70096],[-61.09466,14.70107],[-61.09464,14.70122],[-61.09454,14.70131],[-61.09423,14.70145],[-61.09414,14.70122],[-61.0939,14.70135],[-61.0938,14.7015],[-61.09378,14.70161],[-61.09397,14.70184],[-61.09399,14.70194],[-61.09394,14.7021],[-61.09377,14.70228],[-61.09369,14.70246],[-61.0937,14.70265],[-61.09378,14.7029],[-61.09376,14.70312],[-61.09369,14.70345],[-61.09349,14.70372],[-61.09337,14.7041],[-61.09336,14.70417],[-61.09348,14.7045],[-61.09333,14.70461],[-61.09292,14.70485],[-61.0927,14.70492],[-61.09249,14.70495],[-61.09235,14.70507],[-61.09222,14.7053],[-61.09219,14.70541],[-61.09226,14.7058],[-61.09225,14.7059],[-61.09206,14.70609],[-61.09189,14.70619],[-61.09174,14.70631],[-61.09153,14.7066],[-61.0914,14.70674],[-61.09113,14.70695],[-61.091,14.70702],[-61.09087,14.70705],[-61.09058,14.70693],[-61.09051,14.70695],[-61.09042,14.70734],[-61.09049,14.70758],[-61.09047,14.70771],[-61.0904,14.70781],[-61.09016,14.70799],[-61.09006,14.70801],[-61.0899,14.70795],[-61.08978,14.70783],[-61.08966,14.70754],[-61.08953,14.70743],[-61.08932,14.70738],[-61.08886,14.70721],[-61.08855,14.70707],[-61.08839,14.70697],[-61.08801,14.70688],[-61.08773,14.70686],[-61.08731,14.70677],[-61.08708,14.7067],[-61.08689,14.70668],[-61.08666,14.70663],[-61.08606,14.70636],[-61.08573,14.70635],[-61.08546,14.70644],[-61.08517,14.70664],[-61.08505,14.70677],[-61.08494,14.70696],[-61.0849,14.70708],[-61.0849,14.70731],[-61.08496,14.70749],[-61.08504,14.70765],[-61.08509,14.70783],[-61.08509,14.70797],[-61.08501,14.70822],[-61.08484,14.70838],[-61.08465,14.70846],[-61.08449,14.70844],[-61.08421,14.70835],[-61.08405,14.70825],[-61.0839,14.70803],[-61.08384,14.70799],[-61.08385,14.70762],[-61.08383,14.70742],[-61.08369,14.70718],[-61.0834,14.70704],[-61.08294,14.70696],[-61.08259,14.70706],[-61.0823,14.7071],[-61.08206,14.70719],[-61.08187,14.70722],[-61.08153,14.70719],[-61.0813,14.70725],[-61.08088,14.7073],[-61.08073,14.70728],[-61.08069,14.70708],[-61.08078,14.70691],[-61.08085,14.70667],[-61.08086,14.70652],[-61.08081,14.70635],[-61.08071,14.70622],[-61.08055,14.70615],[-61.08036,14.70591],[-61.08024,14.70549],[-61.08011,14.70524],[-61.07969,14.70469],[-61.07955,14.70455],[-61.07905,14.70414],[-61.07882,14.70397],[-61.07856,14.70385],[-61.07836,14.7038],[-61.0781,14.70383],[-61.07795,14.70391],[-61.07767,14.70411],[-61.0775,14.70416],[-61.07723,14.70402],[-61.07693,14.70375],[-61.0767,14.70359],[-61.07652,14.70315],[-61.07648,14.70294],[-61.07656,14.70238],[-61.0765,14.70203],[-61.07639,14.70181],[-61.0763,14.70176],[-61.07607,14.70186],[-61.07554,14.70223],[-61.07507,14.70267],[-61.07476,14.70291],[-61.07434,14.70311],[-61.07417,14.70316],[-61.07418,14.70293],[-61.07449,14.70237],[-61.07497,14.70176],[-61.07494,14.70118],[-61.07567,14.70116],[-61.07574,14.70131],[-61.07593,14.70127],[-61.07603,14.70084],[-61.07629,14.70074],[-61.07661,14.70067],[-61.07708,14.70021],[-61.07758,14.69996],[-61.07806,14.69947],[-61.07849,14.69898],[-61.07898,14.69914],[-61.0792,14.69904],[-61.07961,14.6989],[-61.07976,14.69875],[-61.08006,14.69853],[-61.08039,14.69831],[-61.08053,14.69827],[-61.08112,14.69838],[-61.08123,14.69825],[-61.08121,14.69809],[-61.08122,14.69791],[-61.08131,14.69784],[-61.08135,14.69771],[-61.08145,14.69759],[-61.08147,14.6975],[-61.08147,14.69712],[-61.08163,14.69689],[-61.08163,14.69666],[-61.08156,14.69639],[-61.08157,14.69629],[-61.08184,14.69604],[-61.0824,14.69607],[-61.08245,14.69594],[-61.0825,14.69566],[-61.0827,14.69556],[-61.08285,14.69537],[-61.08288,14.69525],[-61.08286,14.6949],[-61.08484,14.69273],[-61.08474,14.6923],[-61.08478,14.69204],[-61.08485,14.69175],[-61.08477,14.69154],[-61.08461,14.69136],[-61.08451,14.69116],[-61.08445,14.69086],[-61.08433,14.69071],[-61.08412,14.69056],[-61.08404,14.69045],[-61.08403,14.69034],[-61.08387,14.69021],[-61.08379,14.69003],[-61.08376,14.68968],[-61.08378,14.68945],[-61.08371,14.68916],[-61.08366,14.68904],[-61.08363,14.68878],[-61.08359,14.68871],[-61.08343,14.68858],[-61.08337,14.68838],[-61.08339,14.68805],[-61.08347,14.68774],[-61.08348,14.68757],[-61.08338,14.68733],[-61.08338,14.68726],[-61.08351,14.68701],[-61.08331,14.68675],[-61.08328,14.68654],[-61.08309,14.68639],[-61.08266,14.68628],[-61.08254,14.68617],[-61.08238,14.68598],[-61.08225,14.68588],[-61.08209,14.6858],[-61.08193,14.68577],[-61.08168,14.68557],[-61.08157,14.6854],[-61.08147,14.68512],[-61.08138,14.68499],[-61.08118,14.68484],[-61.08115,14.68468],[-61.08116,14.68455],[-61.08136,14.68442],[-61.08142,14.68425],[-61.08132,14.68405],[-61.0811,14.684],[-61.08092,14.68387],[-61.08064,14.68381],[-61.08056,14.68367],[-61.08064,14.68344],[-61.08073,14.68332],[-61.08074,14.68318],[-61.0807,14.68312],[-61.08046,14.68299],[-61.08023,14.68275],[-61.08016,14.6826],[-61.08002,14.6825],[-61.07988,14.68228],[-61.08009,14.68214],[-61.0802,14.68194],[-61.08036,14.68178],[-61.08042,14.68175],[-61.08063,14.68184],[-61.08073,14.68206],[-61.08085,14.68213],[-61.081,14.68208],[-61.08117,14.68207],[-61.08133,14.68186],[-61.08142,14.68181],[-61.08144,14.6817],[-61.08139,14.68151],[-61.08142,14.68138],[-61.08136,14.68111],[-61.08126,14.68097],[-61.08128,14.68078],[-61.08133,14.68071],[-61.08162,14.68069],[-61.08188,14.68065],[-61.08215,14.68055],[-61.08229,14.68046],[-61.08242,14.68032],[-61.08259,14.67993],[-61.08297,14.67947],[-61.08321,14.67927],[-61.08345,14.67903],[-61.08354,14.67875],[-61.08369,14.67867],[-61.08393,14.67869],[-61.08445,14.67801],[-61.08477,14.67741],[-61.08517,14.67655],[-61.0854,14.67602],[-61.0851,14.67425],[-61.08499,14.67343],[-61.08238,14.67342],[-61.08222,14.67347],[-61.08204,14.67338],[-61.08178,14.67334],[-61.08155,14.67337],[-61.08136,14.67331],[-61.08119,14.67319],[-61.08099,14.67318],[-61.08085,14.67325],[-61.08064,14.67346],[-61.08037,14.67325],[-61.08011,14.67309],[-61.07959,14.67283],[-61.0794,14.6728],[-61.07929,14.67274],[-61.07903,14.67253],[-61.07872,14.67239],[-61.07835,14.67214],[-61.07815,14.67207],[-61.07778,14.67198],[-61.07749,14.67186],[-61.07741,14.67187],[-61.07717,14.67204],[-61.07697,14.67214],[-61.07687,14.67199],[-61.07684,14.67188],[-61.07684,14.67165],[-61.07678,14.67139],[-61.07648,14.67112],[-61.07627,14.67087],[-61.07618,14.6708],[-61.07601,14.67074],[-61.07583,14.67084],[-61.07568,14.67085],[-61.07543,14.67062],[-61.07521,14.67057],[-61.07511,14.6705],[-61.07509,14.67038],[-61.07511,14.67018],[-61.07503,14.67008],[-61.0748,14.67003],[-61.07455,14.67001],[-61.07418,14.67003],[-61.07395,14.67011],[-61.07387,14.66944],[-61.07387,14.66893],[-61.0741,14.66842],[-61.07372,14.66805],[-61.07359,14.66789],[-61.07357,14.66779],[-61.07359,14.66745],[-61.07344,14.66728],[-61.07294,14.66695],[-61.07253,14.66691],[-61.07245,14.66685],[-61.07227,14.66656],[-61.0721,14.6664],[-61.07198,14.66635],[-61.07147,14.66634],[-61.07123,14.66623],[-61.07111,14.66612],[-61.07084,14.66579],[-61.07056,14.66552],[-61.07043,14.66546],[-61.07016,14.66544],[-61.06994,14.66533],[-61.06973,14.66511],[-61.06961,14.66501],[-61.06945,14.66495],[-61.06898,14.66483],[-61.06866,14.66472],[-61.06826,14.66463],[-61.06797,14.66457],[-61.06787,14.6645],[-61.06773,14.66452],[-61.06754,14.66466],[-61.06739,14.66465],[-61.06731,14.66453],[-61.06699,14.66436],[-61.06692,14.6643],[-61.06669,14.66398],[-61.0665,14.66396],[-61.06606,14.66382],[-61.06586,14.66367],[-61.06555,14.66348],[-61.0654,14.66342],[-61.06504,14.66319],[-61.06439,14.66254],[-61.06418,14.66249],[-61.06354,14.66247],[-61.06347,14.66251],[-61.06324,14.66238],[-61.0629,14.66204],[-61.06279,14.66188],[-61.06281,14.66159],[-61.06288,14.66123],[-61.06293,14.66079],[-61.06291,14.66066],[-61.0628,14.66035],[-61.06268,14.66012],[-61.06235,14.65963],[-61.06222,14.65938],[-61.06208,14.65924],[-61.0618,14.65905],[-61.06165,14.65892],[-61.06139,14.65866],[-61.06103,14.65836],[-61.06073,14.65824],[-61.06064,14.65816],[-61.06054,14.65798],[-61.06049,14.6578],[-61.06044,14.65751],[-61.0604,14.65739],[-61.06022,14.65706],[-61.06014,14.65685],[-61.06004,14.65649],[-61.05987,14.65629],[-61.05891,14.65559],[-61.05877,14.65547],[-61.05869,14.65532],[-61.05856,14.65496],[-61.05848,14.65479],[-61.05823,14.65452],[-61.05788,14.65432],[-61.0578,14.65418],[-61.05785,14.65387],[-61.05796,14.65381],[-61.05819,14.65379],[-61.05833,14.6537],[-61.05835,14.6534],[-61.05826,14.65323],[-61.05827,14.6531],[-61.05844,14.65288],[-61.05849,14.65273],[-61.05866,14.65243],[-61.05865,14.65221],[-61.05862,14.65197],[-61.05867,14.65179],[-61.05885,14.65168],[-61.05922,14.65159],[-61.05934,14.6515],[-61.05937,14.65138],[-61.05931,14.65124],[-61.0592,14.65113],[-61.05888,14.65093],[-61.05873,14.65081],[-61.05832,14.6509],[-61.05777,14.65055],[-61.05759,14.65065],[-61.05743,14.65038],[-61.05677,14.65034],[-61.05645,14.65036],[-61.05606,14.65028],[-61.05566,14.65027],[-61.05548,14.65022],[-61.05528,14.65012],[-61.055,14.65005],[-61.05475,14.64993],[-61.0546,14.64989],[-61.05389,14.64988],[-61.05341,14.64969],[-61.05296,14.6494],[-61.05271,14.64926],[-61.05259,14.64915],[-61.05251,14.64895],[-61.05252,14.64874],[-61.05232,14.64831],[-61.05226,14.64815],[-61.05218,14.64782],[-61.05217,14.64769],[-61.05223,14.64758],[-61.05252,14.64742],[-61.05262,14.64725],[-61.05235,14.647],[-61.05177,14.64633],[-61.05169,14.64625],[-61.05142,14.64607],[-61.05119,14.64601],[-61.0506,14.64591],[-61.05012,14.64587],[-61.04934,14.64575],[-61.04932,14.64589],[-61.04919,14.64626],[-61.04582,14.64682],[-61.04424,14.64705],[-61.04428,14.64693],[-61.0443,14.6466],[-61.04424,14.64582],[-61.04415,14.645],[-61.04373,14.64505],[-61.04372,14.645],[-61.04325,14.64503],[-61.04298,14.64491],[-61.0428,14.64469],[-61.04285,14.64429],[-61.04281,14.64395],[-61.04297,14.64364],[-61.04295,14.64355],[-61.04284,14.6434],[-61.0427,14.64326],[-61.04259,14.64321],[-61.04211,14.64315],[-61.04189,14.64324],[-61.04179,14.64323],[-61.04173,14.64315],[-61.04176,14.64295],[-61.04174,14.64278],[-61.04167,14.64271],[-61.0415,14.64266],[-61.0413,14.64256],[-61.04116,14.64252],[-61.04073,14.64259],[-61.04049,14.64256],[-61.04029,14.64239],[-61.04025,14.64228],[-61.04015,14.64218],[-61.03989,14.64216],[-61.03976,14.6422],[-61.03955,14.64244],[-61.03954,14.64252],[-61.03959,14.64272],[-61.03945,14.64265],[-61.03935,14.6425],[-61.03932,14.6423],[-61.03935,14.64199],[-61.03929,14.64179],[-61.03909,14.64143],[-61.03896,14.64122],[-61.03885,14.64111],[-61.03867,14.64102],[-61.0384,14.64111],[-61.03824,14.64119],[-61.03796,14.64128],[-61.03779,14.64125],[-61.03767,14.64115],[-61.03737,14.64074],[-61.03715,14.64056],[-61.03713,14.64045],[-61.03696,14.64032],[-61.03652,14.64031],[-61.03637,14.64025],[-61.03625,14.64009],[-61.03621,14.63989],[-61.03607,14.63965],[-61.03593,14.63937],[-61.0357,14.63882],[-61.03552,14.63841],[-61.03541,14.63796],[-61.03541,14.63755],[-61.03538,14.63742],[-61.03528,14.63726],[-61.03516,14.637],[-61.03514,14.6368],[-61.03522,14.63662],[-61.0353,14.63627],[-61.03513,14.63606],[-61.03507,14.63589],[-61.03514,14.63577],[-61.0351,14.63564],[-61.03518,14.6355],[-61.03519,14.63534],[-61.03516,14.63509],[-61.03503,14.63482],[-61.03498,14.63462],[-61.03494,14.63419],[-61.03495,14.63381],[-61.03498,14.63377],[-61.03524,14.6336],[-61.03548,14.63336],[-61.0355,14.63323],[-61.03543,14.6331],[-61.03517,14.63296],[-61.03499,14.63293],[-61.03482,14.63275],[-61.03476,14.63265],[-61.03476,14.63233],[-61.03472,14.63221],[-61.03443,14.63182],[-61.03436,14.63157],[-61.03448,14.63094],[-61.03451,14.63059],[-61.03448,14.63034],[-61.03448,14.6298],[-61.03459,14.62963],[-61.03459,14.62944],[-61.03466,14.6293],[-61.03488,14.62919],[-61.03525,14.62909],[-61.03534,14.62892],[-61.03532,14.62863],[-61.03538,14.62828],[-61.03536,14.62795],[-61.03543,14.62788],[-61.03566,14.62777],[-61.03577,14.62757],[-61.03561,14.62725],[-61.03562,14.62718],[-61.03597,14.62691],[-61.03594,14.6268],[-61.03558,14.62664],[-61.03542,14.62646],[-61.03522,14.62617],[-61.03513,14.62599],[-61.03514,14.62588],[-61.03535,14.62566],[-61.0356,14.62545],[-61.03585,14.62506],[-61.03601,14.62459],[-61.0361,14.62442],[-61.03629,14.62428],[-61.03643,14.62406],[-61.03644,14.62397],[-61.03637,14.62383],[-61.03601,14.62344],[-61.03566,14.62304],[-61.03563,14.62289],[-61.03581,14.62254],[-61.03586,14.62236],[-61.03583,14.6221],[-61.03575,14.62191],[-61.03563,14.62181],[-61.03542,14.62167],[-61.03539,14.62152],[-61.03547,14.62139],[-61.0357,14.62119],[-61.03593,14.62096],[-61.03616,14.62067],[-61.03629,14.62042],[-61.03626,14.6203],[-61.03617,14.62021],[-61.03613,14.61998],[-61.03623,14.61968],[-61.03628,14.6196],[-61.03634,14.61935],[-61.03631,14.61922],[-61.03584,14.61887],[-61.03558,14.61865],[-61.03528,14.61854],[-61.03522,14.61838],[-61.03525,14.61792],[-61.03531,14.61758],[-61.03543,14.61729],[-61.0356,14.61717],[-61.03592,14.61709],[-61.0363,14.61705],[-61.03697,14.61689],[-61.03719,14.61676],[-61.03725,14.61666],[-61.03731,14.61639],[-61.03729,14.61584],[-61.0373,14.61556],[-61.03729,14.61535],[-61.03722,14.6152],[-61.03701,14.61506],[-61.03693,14.61495],[-61.03684,14.61432],[-61.03663,14.61393],[-61.03656,14.61373],[-61.03655,14.61349],[-61.03647,14.61309],[-61.0363,14.61264],[-61.0363,14.61257],[-61.0364,14.61235],[-61.03642,14.61201],[-61.03638,14.61177],[-61.03639,14.61166],[-61.03645,14.61157],[-61.03658,14.6112],[-61.03661,14.611],[-61.03678,14.61062],[-61.03676,14.61031],[-61.03672,14.61015],[-61.03675,14.61003],[-61.03672,14.60951],[-61.03672,14.60897],[-61.03682,14.60872],[-61.03686,14.6082],[-61.03686,14.6077],[-61.03701,14.60697],[-61.03709,14.60679],[-61.03714,14.60659],[-61.03719,14.60623],[-61.0373,14.60589],[-61.03742,14.6057],[-61.03743,14.60552],[-61.03739,14.60526],[-61.03729,14.60505],[-61.03737,14.60497],[-61.03789,14.60483],[-61.03801,14.60484],[-61.03819,14.60492],[-61.03862,14.60518],[-61.03888,14.60548],[-61.03904,14.60563],[-61.03928,14.60581],[-61.03939,14.60585],[-61.03966,14.60574],[-61.03978,14.60567],[-61.04002,14.60544],[-61.04014,14.60525],[-61.0402,14.60523],[-61.04042,14.60525],[-61.04054,14.60507],[-61.04051,14.60466],[-61.04041,14.60455],[-61.04036,14.6043],[-61.04038,14.60411],[-61.03998,14.6041],[-61.03994,14.60399],[-61.04019,14.604],[-61.04026,14.60379],[-61.04002,14.6036],[-61.03981,14.60339],[-61.03942,14.60315],[-61.03928,14.60302],[-61.03922,14.60274],[-61.03921,14.60233],[-61.03915,14.60201],[-61.03914,14.60168],[-61.03917,14.60155],[-61.03924,14.60144],[-61.03926,14.60128],[-61.03922,14.60094],[-61.03917,14.60078],[-61.03912,14.60044],[-61.03901,14.60021],[-61.03893,14.59992],[-61.03874,14.59949],[-61.0386,14.59936],[-61.03839,14.5992],[-61.03824,14.59886],[-61.03816,14.59872],[-61.0379,14.59789],[-61.03786,14.59769],[-61.0378,14.59759],[-61.03771,14.5973],[-61.03768,14.59727],[-61.03762,14.59699],[-61.03761,14.59676],[-61.03743,14.59633],[-61.03734,14.59624],[-61.03708,14.59604],[-61.03699,14.59593],[-61.03691,14.59573],[-61.03669,14.59543],[-61.03644,14.59475],[-61.03645,14.59462],[-61.03655,14.59451],[-61.03671,14.59443],[-61.0369,14.59439],[-61.03716,14.59441],[-61.03735,14.59451],[-61.03762,14.59459],[-61.03824,14.5948],[-61.03837,14.59492],[-61.03863,14.59521],[-61.03871,14.59545],[-61.03889,14.59568],[-61.03899,14.59573],[-61.03919,14.59605],[-61.03928,14.59614],[-61.03935,14.59636],[-61.03962,14.59676],[-61.03974,14.5969],[-61.04005,14.5971],[-61.04028,14.59738],[-61.04035,14.59755],[-61.04043,14.5978],[-61.0406,14.59798],[-61.04078,14.59805],[-61.04116,14.59824],[-61.04135,14.59838],[-61.04142,14.59847],[-61.04162,14.59896],[-61.04177,14.59893],[-61.0419,14.59869],[-61.04207,14.59857],[-61.04227,14.59836],[-61.04244,14.59827],[-61.04253,14.59815],[-61.0427,14.59807],[-61.04281,14.59784],[-61.04295,14.59775],[-61.04306,14.59757],[-61.04307,14.59688],[-61.04272,14.59596],[-61.04275,14.59466],[-61.04281,14.59459],[-61.04456,14.5944],[-61.04551,14.5943],[-61.04554,14.59407],[-61.04586,14.59414],[-61.04612,14.59409],[-61.04632,14.59392],[-61.04638,14.59367],[-61.04635,14.5936],[-61.04617,14.59276],[-61.04599,14.59183],[-61.0459,14.59131],[-61.04581,14.59118],[-61.04575,14.5909],[-61.04577,14.59079],[-61.04595,14.59063],[-61.04625,14.59057],[-61.04718,14.59042],[-61.04825,14.59022],[-61.04841,14.59033],[-61.04996,14.59003],[-61.05077,14.5941],[-61.05018,14.59421],[-61.05017,14.59433],[-61.04879,14.59458],[-61.04867,14.59517],[-61.04853,14.59565],[-61.04834,14.59657],[-61.04862,14.5968],[-61.04893,14.59708],[-61.04915,14.59718],[-61.0494,14.59739],[-61.04953,14.59765],[-61.04979,14.59773],[-61.05009,14.59776],[-61.05029,14.59773],[-61.05035,14.59779],[-61.05053,14.59779],[-61.05068,14.59776],[-61.05074,14.5977],[-61.05075,14.5974],[-61.05071,14.59726],[-61.05081,14.59719],[-61.05107,14.59735],[-61.05132,14.59738],[-61.05145,14.59743],[-61.05182,14.59749],[-61.05192,14.59758],[-61.05213,14.59768],[-61.05351,14.5979],[-61.05361,14.59788],[-61.05375,14.59778],[-61.05397,14.59771],[-61.05418,14.59747],[-61.05427,14.59729],[-61.05445,14.59702],[-61.05459,14.59691],[-61.05469,14.5969],[-61.05483,14.59704],[-61.05478,14.59709],[-61.05489,14.59736],[-61.0551,14.59708],[-61.05495,14.59697],[-61.05484,14.59704],[-61.05469,14.59689],[-61.05469,14.59675],[-61.05485,14.59662],[-61.05494,14.59648],[-61.05484,14.59611],[-61.05487,14.59591],[-61.05493,14.5957],[-61.05496,14.59534],[-61.05505,14.59523],[-61.0552,14.59522],[-61.05524,14.59535],[-61.0552,14.59574],[-61.05515,14.59584],[-61.05516,14.59609],[-61.05535,14.59612],[-61.05539,14.59599],[-61.05551,14.596],[-61.05567,14.59532],[-61.05548,14.59531],[-61.05541,14.59517],[-61.05539,14.595],[-61.05543,14.59491],[-61.05507,14.59405],[-61.0549,14.59408],[-61.05487,14.59402],[-61.05527,14.59386],[-61.0553,14.59393],[-61.05513,14.59402],[-61.0555,14.59488],[-61.05594,14.59472],[-61.05611,14.59474],[-61.05615,14.5948],[-61.05631,14.59472],[-61.05644,14.59469],[-61.05687,14.59468],[-61.05699,14.59479],[-61.05718,14.59483],[-61.05778,14.59471],[-61.05833,14.59458],[-61.05837,14.59449],[-61.05833,14.59414],[-61.05806,14.5929],[-61.05794,14.59295],[-61.05788,14.59277],[-61.05811,14.59266],[-61.05819,14.59286],[-61.05813,14.59288],[-61.05834,14.59381],[-61.05836,14.59347],[-61.05839,14.59341],[-61.0586,14.5933],[-61.05888,14.59342],[-61.05949,14.59375],[-61.05956,14.59381],[-61.05984,14.59425],[-61.06009,14.59442],[-61.06049,14.59462],[-61.06056,14.59469],[-61.06038,14.59523],[-61.06028,14.59552],[-61.0601,14.59594],[-61.06001,14.59608],[-61.05996,14.59624],[-61.06002,14.59628],[-61.06072,14.59662],[-61.06077,14.5967],[-61.0607,14.59689],[-61.06102,14.59705],[-61.05852,14.60173],[-61.05826,14.60217],[-61.05818,14.60214],[-61.0581,14.60227],[-61.05812,14.60241],[-61.05819,14.60262],[-61.05813,14.60287],[-61.0581,14.60317],[-61.05803,14.60337],[-61.05789,14.60354],[-61.05771,14.60372],[-61.05768,14.60382],[-61.05783,14.60386],[-61.05793,14.604],[-61.05779,14.60415],[-61.05754,14.60446],[-61.05752,14.60453],[-61.05781,14.60459],[-61.05794,14.60444],[-61.05834,14.60394],[-61.05841,14.60398],[-61.05853,14.60385],[-61.0586,14.60385],[-61.05914,14.60413],[-61.05927,14.60399],[-61.05942,14.60397],[-61.05961,14.60385],[-61.0596,14.60376],[-61.05992,14.60339],[-61.05907,14.60232],[-61.05907,14.60224],[-61.05916,14.60214],[-61.05928,14.60225],[-61.06144,14.60016],[-61.06149,14.60017],[-61.06195,14.60062],[-61.06196,14.60074],[-61.06089,14.60186],[-61.061,14.60197],[-61.06105,14.60211],[-61.0627,14.60153],[-61.06334,14.6014],[-61.0635,14.60141],[-61.06364,14.60191],[-61.06387,14.60185],[-61.06383,14.60162],[-61.06464,14.6014],[-61.06513,14.60325],[-61.06528,14.60312],[-61.06534,14.60318],[-61.06515,14.60334],[-61.06519,14.60349],[-61.06532,14.60344],[-61.06573,14.60308],[-61.0658,14.6031],[-61.06617,14.60279],[-61.06608,14.60269],[-61.06618,14.6025],[-61.06618,14.60236],[-61.06608,14.60223],[-61.06599,14.602],[-61.06609,14.60196],[-61.06593,14.60157],[-61.06579,14.60104],[-61.06581,14.60093],[-61.06565,14.60067],[-61.0655,14.60067],[-61.06528,14.60014],[-61.06491,14.59968],[-61.065,14.5993],[-61.06529,14.59892],[-61.06537,14.59858],[-61.06543,14.59805],[-61.06549,14.59782],[-61.06556,14.59733],[-61.06566,14.59731],[-61.06604,14.59729],[-61.06616,14.59717],[-61.06632,14.5974],[-61.06661,14.59776],[-61.06673,14.59817],[-61.06673,14.59835],[-61.06668,14.5985],[-61.06667,14.59868],[-61.06679,14.59925],[-61.06696,14.59988],[-61.06698,14.60014],[-61.06703,14.60047],[-61.06712,14.60065],[-61.06728,14.60089],[-61.06768,14.60131],[-61.06774,14.60139],[-61.06797,14.60147],[-61.06896,14.60198],[-61.069,14.6019],[-61.06931,14.60206],[-61.06927,14.60215],[-61.0696,14.60232],[-61.07164,14.60234],[-61.07258,14.60163],[-61.07261,14.60167],[-61.07288,14.60144],[-61.0731,14.60134],[-61.07355,14.60139],[-61.07371,14.60143],[-61.07379,14.6015],[-61.07388,14.6017],[-61.0739,14.60183],[-61.07429,14.60178],[-61.07433,14.60161],[-61.07446,14.60134],[-61.07455,14.60128],[-61.07489,14.60117],[-61.07509,14.60117],[-61.07533,14.60122],[-61.07546,14.60121],[-61.07556,14.60132],[-61.07556,14.60144],[-61.07539,14.60146],[-61.0754,14.60159],[-61.07547,14.60169],[-61.07555,14.60169],[-61.07569,14.60186],[-61.07568,14.60197],[-61.07588,14.60198],[-61.07603,14.60205],[-61.07634,14.60184],[-61.07691,14.60157],[-61.07702,14.60136],[-61.07713,14.60125],[-61.0774,14.60118],[-61.07752,14.60096],[-61.07767,14.60089],[-61.07785,14.60097],[-61.07831,14.60104],[-61.07874,14.60103],[-61.07895,14.601],[-61.07905,14.60096],[-61.07935,14.60068],[-61.07961,14.6004],[-61.07975,14.60047],[-61.07971,14.60069],[-61.07954,14.60073],[-61.07956,14.60117],[-61.0795,14.60137],[-61.07982,14.60126],[-61.07994,14.60133],[-61.08006,14.60096],[-61.08005,14.60077],[-61.08001,14.60058],[-61.08001,14.60044],[-61.08008,14.60027],[-61.08016,14.60017],[-61.08032,14.60009],[-61.08045,14.60007],[-61.08128,14.60012],[-61.08153,14.6002],[-61.08161,14.60011],[-61.08155,14.60004],[-61.0816,14.59994],[-61.08201,14.59994],[-61.08223,14.59998],[-61.08235,14.59996],[-61.08249,14.59984],[-61.08258,14.59982],[-61.08276,14.59989],[-61.08291,14.59979],[-61.08301,14.59989],[-61.08321,14.59998],[-61.08344,14.59999],[-61.08368,14.5999],[-61.08392,14.59973],[-61.084,14.59963],[-61.084,14.59954],[-61.08408,14.59938],[-61.08434,14.59909],[-61.08447,14.59906],[-61.08475,14.5992],[-61.08494,14.59934],[-61.08507,14.59946],[-61.08559,14.59978],[-61.08605,14.60002],[-61.08619,14.60005],[-61.0863,14.60001],[-61.08635,14.60011],[-61.0865,14.60012],[-61.08668,14.59992],[-61.08684,14.59983],[-61.0871,14.59987],[-61.08725,14.5998],[-61.08732,14.59985],[-61.08769,14.5999],[-61.08784,14.59988],[-61.08821,14.59987],[-61.08843,14.59994],[-61.08867,14.59992],[-61.08886,14.59996],[-61.08901,14.59996],[-61.08918,14.59987],[-61.08935,14.59981],[-61.08958,14.59959],[-61.08965,14.59956],[-61.08976,14.59939],[-61.08987,14.59938],[-61.09019,14.59915],[-61.09032,14.59901],[-61.0906,14.59892],[-61.09084,14.59887],[-61.09116,14.59886],[-61.09122,14.59871],[-61.09132,14.59863],[-61.09157,14.59855],[-61.09172,14.59856],[-61.09183,14.59862],[-61.09169,14.59872],[-61.09149,14.59899],[-61.0914,14.59901],[-61.09113,14.59915],[-61.09092,14.59931],[-61.09067,14.59956],[-61.09062,14.5997],[-61.09063,14.59986],[-61.09076,14.60012],[-61.0906,14.60026],[-61.09043,14.60045],[-61.09043,14.60074],[-61.09031,14.60097],[-61.0903,14.60119],[-61.09026,14.60141],[-61.09027,14.60155],[-61.09017,14.60187],[-61.09018,14.60211],[-61.09028,14.60239],[-61.09039,14.60254],[-61.09073,14.60285],[-61.09068,14.60299],[-61.0904,14.60324],[-61.09002,14.60376],[-61.08988,14.6039],[-61.08983,14.60408],[-61.08955,14.60429],[-61.08952,14.60435],[-61.08951,14.60459],[-61.08961,14.60481],[-61.08973,14.60488],[-61.08972,14.60496],[-61.0892,14.60553],[-61.08889,14.60584],[-61.08861,14.60604],[-61.08849,14.6062],[-61.08843,14.60639],[-61.08815,14.60654],[-61.08804,14.60661],[-61.08795,14.60688],[-61.08794,14.60713],[-61.08808,14.60743],[-61.08812,14.60775],[-61.08812,14.6079],[-61.08793,14.60832],[-61.08783,14.6085],[-61.08778,14.60892],[-61.08769,14.60914],[-61.08767,14.60929],[-61.0877,14.60941],[-61.08783,14.60956],[-61.08797,14.60992],[-61.088,14.61014],[-61.08796,14.61024],[-61.08778,14.6105],[-61.08757,14.61088],[-61.08749,14.6111],[-61.08734,14.61129],[-61.08722,14.6115],[-61.08668,14.61188],[-61.08662,14.61196],[-61.0866,14.61221],[-61.08661,14.61239],[-61.08648,14.61257],[-61.0864,14.61274],[-61.08614,14.613],[-61.08605,14.61322],[-61.08595,14.61329],[-61.08579,14.6133],[-61.08546,14.61362],[-61.08535,14.61381],[-61.08514,14.6141],[-61.08503,14.6142],[-61.08487,14.61428],[-61.08481,14.61444],[-61.08467,14.61454],[-61.08438,14.61495],[-61.08429,14.61519],[-61.08419,14.61554],[-61.08409,14.61578],[-61.08407,14.61597],[-61.0841,14.61637],[-61.08416,14.61657],[-61.08415,14.61669],[-61.08393,14.6171],[-61.08373,14.61728],[-61.08349,14.61757],[-61.08324,14.61758],[-61.08308,14.61752],[-61.08285,14.61759],[-61.08275,14.61751],[-61.08264,14.61749],[-61.0825,14.61764],[-61.08239,14.61772],[-61.08232,14.61788],[-61.08209,14.61794],[-61.08204,14.61803],[-61.08198,14.61824],[-61.08172,14.61842],[-61.08163,14.6189],[-61.08154,14.61919],[-61.08136,14.61948],[-61.08132,14.61959],[-61.08132,14.61981],[-61.08125,14.62007],[-61.0812,14.62065],[-61.08125,14.62097],[-61.08146,14.6212],[-61.08178,14.62144],[-61.08183,14.62152],[-61.08184,14.62165],[-61.08191,14.62208],[-61.08204,14.62232],[-61.0822,14.62267],[-61.08225,14.6229],[-61.08239,14.62377],[-61.08239,14.62386],[-61.08293,14.62742],[-61.08288,14.62768],[-61.08298,14.62825],[-61.08297,14.62856],[-61.08292,14.62875],[-61.08296,14.62891],[-61.08315,14.62918],[-61.08298,14.62964],[-61.08295,14.62996],[-61.083,14.63045],[-61.083,14.63079],[-61.08304,14.63095],[-61.08321,14.63133],[-61.08323,14.63144],[-61.08319,14.6316],[-61.0831,14.63164],[-61.08253,14.6317],[-61.0823,14.63181],[-61.08207,14.63197],[-61.08195,14.63211],[-61.08159,14.63266],[-61.08153,14.63294],[-61.08158,14.63324],[-61.08155,14.63361],[-61.0814,14.63382],[-61.08145,14.63387],[-61.08159,14.63383],[-61.08168,14.63396],[-61.08159,14.63409],[-61.08167,14.63419],[-61.08183,14.63419],[-61.08194,14.6344],[-61.08205,14.63445],[-61.08207,14.63452],[-61.082,14.63474],[-61.08207,14.63481],[-61.082,14.63501],[-61.08206,14.63512],[-61.08232,14.63529],[-61.08238,14.63537],[-61.08239,14.63558],[-61.08232,14.63589],[-61.08236,14.63616],[-61.08244,14.63619],[-61.08246,14.63632],[-61.08221,14.63665],[-61.08224,14.63699],[-61.08235,14.6371],[-61.08221,14.63755],[-61.08235,14.6377],[-61.08237,14.63788],[-61.08251,14.63828],[-61.08265,14.63848],[-61.08269,14.63864],[-61.08281,14.6388],[-61.08289,14.63897],[-61.08297,14.63904],[-61.08313,14.63911],[-61.08324,14.63923],[-61.08333,14.63953],[-61.08338,14.6398],[-61.08348,14.64011],[-61.08356,14.64025],[-61.08363,14.64048],[-61.08371,14.64063],[-61.08405,14.64087],[-61.0842,14.64094],[-61.08391,14.64111],[-61.08399,14.64119],[-61.08441,14.64143],[-61.08455,14.64157],[-61.08468,14.64174],[-61.08498,14.64236],[-61.08504,14.64258],[-61.08519,14.64276],[-61.08529,14.64293],[-61.0853,14.6431],[-61.0854,14.64323],[-61.08553,14.64323],[-61.08565,14.6433],[-61.0868,14.64378],[-61.08688,14.64382],[-61.08704,14.64434],[-61.08719,14.64486],[-61.08714,14.64499],[-61.08694,14.64521],[-61.08672,14.64552],[-61.08663,14.64568],[-61.08659,14.64585],[-61.08661,14.64619],[-61.08685,14.64664],[-61.08686,14.6468],[-61.08672,14.64711],[-61.08669,14.64727],[-61.08674,14.64738],[-61.08687,14.64754],[-61.087,14.64762],[-61.08735,14.64771],[-61.0875,14.6478],[-61.08754,14.64799],[-61.08747,14.64809],[-61.08726,14.6483],[-61.0872,14.64842],[-61.08736,14.64852],[-61.08792,14.64853],[-61.08811,14.64865],[-61.08823,14.64887],[-61.08835,14.64915],[-61.0883,14.64949],[-61.08831,14.64981],[-61.08828,14.65023],[-61.08834,14.65048],[-61.08857,14.65101],[-61.08871,14.65113],[-61.08889,14.65112],[-61.08899,14.65118],[-61.08904,14.65134],[-61.08908,14.65165],[-61.08914,14.65179],[-61.08937,14.65211],[-61.0894,14.65227],[-61.08934,14.65256],[-61.08929,14.65273],[-61.08909,14.65307],[-61.08908,14.65333],[-61.08895,14.65355],[-61.08907,14.65374],[-61.08908,14.65389],[-61.08896,14.6541],[-61.08905,14.65424],[-61.08928,14.65425],[-61.08957,14.65434],[-61.08966,14.65446],[-61.08966,14.65464],[-61.08953,14.65476],[-61.08941,14.6548],[-61.08893,14.65486],[-61.08889,14.65492],[-61.08887,14.65521],[-61.08875,14.65542],[-61.08872,14.65564],[-61.08863,14.65586],[-61.08868,14.65598],[-61.0888,14.656],[-61.08888,14.65594],[-61.08902,14.65572],[-61.08921,14.65549],[-61.08964,14.65527],[-61.09023,14.65505],[-61.09039,14.65493],[-61.09084,14.65449],[-61.09093,14.65438],[-61.09097,14.65421],[-61.09113,14.65408],[-61.09122,14.6541],[-61.09128,14.65422],[-61.09125,14.65448],[-61.09126,14.65464],[-61.09131,14.65495],[-61.09148,14.6549],[-61.09168,14.6549],[-61.09286,14.65478],[-61.09319,14.65506],[-61.09345,14.65533],[-61.09425,14.65616],[-61.09443,14.65662],[-61.09449,14.65688],[-61.09459,14.65709],[-61.09469,14.65739],[-61.09467,14.6576],[-61.09463,14.65915],[-61.09459,14.65927],[-61.09445,14.65925],[-61.09433,14.65934],[-61.09427,14.65949],[-61.0943,14.65973],[-61.09442,14.66008],[-61.09445,14.66076],[-61.09453,14.6611],[-61.09455,14.66128],[-61.09471,14.66181],[-61.09494,14.66232],[-61.09498,14.66267],[-61.09716,14.66273],[-61.09728,14.66309],[-61.09731,14.66335],[-61.09737,14.66428],[-61.09824,14.66635],[-61.09848,14.66697],[-61.09862,14.6674],[-61.09822,14.66966],[-61.09832,14.66994],[-61.09864,14.6705],[-61.09874,14.67071],[-61.09876,14.67081],[-61.0988,14.67144],[-61.09876,14.67192],[-61.09875,14.67238],[-61.09879,14.67256],[-61.09902,14.67294],[-61.09915,14.67347],[-61.09912,14.67388],[-61.09915,14.67406],[-61.09907,14.67414],[-61.09887,14.67422],[-61.09876,14.67436],[-61.09857,14.67469],[-61.0985,14.67507],[-61.09847,14.67566],[-61.09848,14.67579],[-61.09859,14.67618],[-61.09859,14.67648],[-61.09847,14.67688],[-61.09838,14.67705],[-61.09831,14.67735],[-61.09819,14.67824],[-61.09867,14.67901],[-61.09881,14.67913],[-61.09896,14.6793],[-61.09901,14.67972],[-61.09913,14.67992],[-61.09931,14.68045],[-61.09923,14.68097],[-61.09938,14.68145],[-61.09958,14.68195],[-61.09965,14.68232],[-61.09964,14.68297],[-61.09974,14.68352],[-61.10023,14.68439],[-61.10049,14.68526],[-61.10067,14.6855],[-61.10081,14.6856],[-61.10097,14.68566],[-61.10115,14.68564],[-61.10139,14.68575],[-61.10148,14.68592],[-61.10163,14.68607],[-61.10163,14.68667],[-61.10167,14.68672],[-61.10182,14.68676],[-61.10197,14.68673],[-61.10216,14.68683],[-61.10225,14.68712],[-61.10227,14.68731],[-61.10233,14.68741],[-61.10247,14.68738],[-61.10269,14.68759],[-61.1027,14.68775],[-61.10263,14.68784],[-61.10273,14.688],[-61.10273,14.6881],[-61.1029,14.68827],[-61.10293,14.68849],[-61.10288,14.68891],[-61.10268,14.6896],[-61.10228,14.69068],[-61.10231,14.69117],[-61.10244,14.69229],[-61.10249,14.69323],[-61.10266,14.69365],[-61.10286,14.69408],[-61.10288,14.6942],[-61.10264,14.69436],[-61.10188,14.69447],[-61.10159,14.69463],[-61.10129,14.69482],[-61.1011,14.695],[-61.10079,14.69539],[-61.10064,14.6957]]]}},{"type":"Feature","properties":{"nom":"Le François","code":"97210"},"geometry":{"type":"MultiPolygon","coordinates":[[[[-60.86501,14.60579],[-60.86485,14.6061],[-60.86472,14.60627],[-60.86451,14.60665],[-60.86429,14.60691],[-60.86407,14.60705],[-60.86381,14.60718],[-60.86351,14.60723],[-60.86318,14.60723],[-60.86306,14.60704],[-60.86305,14.60693],[-60.86294,14.60665],[-60.8629,14.60644],[-60.86289,14.6062],[-60.86294,14.6059],[-60.86307,14.60562],[-60.86316,14.60557],[-60.86332,14.6053],[-60.86348,14.60525],[-60.86396,14.60518],[-60.86413,14.6052],[-60.86428,14.60527],[-60.86446,14.60525],[-60.86464,14.60516],[-60.86473,14.60525],[-60.86465,14.60533],[-60.86468,14.60545],[-60.86477,14.60554],[-60.86504,14.60561],[-60.86509,14.60568],[-60.86501,14.60579]]],[[[-60.89647,14.56309],[-60.89675,14.5634],[-60.89742,14.5638],[-60.89777,14.56417],[-60.89812,14.56456],[-60.89831,14.56475],[-60.89859,14.56512],[-60.89889,14.56535],[-60.89908,14.56552],[-60.89935,14.56595],[-60.89944,14.5662],[-60.8995,14.56649],[-60.89964,14.56681],[-60.89982,14.56701],[-60.89995,14.56709],[-60.90016,14.56735],[-60.90025,14.56754],[-60.90034,14.56786],[-60.9004,14.56825],[-60.90047,14.5685],[-60.9006,14.56873],[-60.90084,14.569],[-60.90109,14.56933],[-60.90125,14.5696],[-60.90133,14.56968],[-60.90107,14.56989],[-60.90115,14.57054],[-60.90203,14.57046],[-60.90292,14.57037],[-60.90355,14.56979],[-60.90366,14.5697],[-60.90444,14.5697],[-60.90456,14.56977],[-60.90504,14.57035],[-60.90524,14.5705],[-60.90527,14.57067],[-60.90584,14.57131],[-60.90622,14.57161],[-60.906,14.57203],[-60.90651,14.57231],[-60.90669,14.57251],[-60.90693,14.57386],[-60.9079,14.57373],[-60.90843,14.57373],[-60.90955,14.57376],[-60.9096,14.57426],[-60.90946,14.5747],[-60.90941,14.57515],[-60.90957,14.57526],[-60.90977,14.5755],[-60.9102,14.5758],[-60.91065,14.57614],[-60.91097,14.57631],[-60.91064,14.57707],[-60.91115,14.57775],[-60.91138,14.57753],[-60.91239,14.57734],[-60.91257,14.57733],[-60.91273,14.57692],[-60.91293,14.57706],[-60.91347,14.57751],[-60.91369,14.57771],[-60.91391,14.57776],[-60.91407,14.5779],[-60.91407,14.57798],[-60.91421,14.57809],[-60.91445,14.57818],[-60.91451,14.57831],[-60.91483,14.57847],[-60.9149,14.57866],[-60.91487,14.57889],[-60.91489,14.57896],[-60.91524,14.57913],[-60.91534,14.57928],[-60.91573,14.57931],[-60.91589,14.57918],[-60.91621,14.57913],[-60.91642,14.57889],[-60.91666,14.57882],[-60.91672,14.57845],[-60.91708,14.5785],[-60.91739,14.57877],[-60.91743,14.57874],[-60.91753,14.57972],[-60.91808,14.57975],[-60.91871,14.57981],[-60.9193,14.57984],[-60.91969,14.57991],[-60.91963,14.5802],[-60.91971,14.5802],[-60.9203,14.58027],[-60.92071,14.58031],[-60.9207,14.58055],[-60.92098,14.58061],[-60.9212,14.58053],[-60.92099,14.58001],[-60.9219,14.58006],[-60.92199,14.57934],[-60.9227,14.57939],[-60.92326,14.57943],[-60.92345,14.57946],[-60.92498,14.57956],[-60.92681,14.57974],[-60.92724,14.57976],[-60.92789,14.57982],[-60.92828,14.58003],[-60.92836,14.57987],[-60.92837,14.57969],[-60.92875,14.57967],[-60.9287,14.58023],[-60.9287,14.58035],[-60.92897,14.58048],[-60.93014,14.58011],[-60.93013,14.58038],[-60.93018,14.58047],[-60.93074,14.58105],[-60.93087,14.58127],[-60.93057,14.58189],[-60.93059,14.58236],[-60.93054,14.58315],[-60.93054,14.58352],[-60.92997,14.58376],[-60.93004,14.58415],[-60.93047,14.58409],[-60.93048,14.58448],[-60.9317,14.58405],[-60.93205,14.58537],[-60.93219,14.58593],[-60.93271,14.58588],[-60.93339,14.58582],[-60.93348,14.58625],[-60.93359,14.58698],[-60.93428,14.58672],[-60.93438,14.58728],[-60.93545,14.58716],[-60.93584,14.58791],[-60.93594,14.5881],[-60.9356,14.58811],[-60.93502,14.58818],[-60.9348,14.58828],[-60.93498,14.58863],[-60.93556,14.58947],[-60.93566,14.58967],[-60.93541,14.58969],[-60.93506,14.58997],[-60.93525,14.59022],[-60.93527,14.59055],[-60.93527,14.59081],[-60.93524,14.59108],[-60.93523,14.59139],[-60.9351,14.59184],[-60.9353,14.59225],[-60.93545,14.59261],[-60.9354,14.59282],[-60.93538,14.59317],[-60.93516,14.59338],[-60.93502,14.59354],[-60.93497,14.59365],[-60.935,14.59387],[-60.93511,14.59409],[-60.93518,14.59445],[-60.93498,14.59478],[-60.93494,14.59493],[-60.93498,14.59517],[-60.935,14.59551],[-60.93496,14.59567],[-60.93501,14.59599],[-60.93496,14.59628],[-60.93499,14.59658],[-60.93505,14.59664],[-60.93587,14.59685],[-60.93606,14.59693],[-60.93631,14.5971],[-60.93667,14.59727],[-60.93692,14.59732],[-60.93714,14.59731],[-60.93727,14.59725],[-60.93753,14.59727],[-60.93772,14.59736],[-60.93782,14.59749],[-60.93751,14.59834],[-60.93733,14.59889],[-60.93721,14.59933],[-60.93725,14.59985],[-60.93731,14.60007],[-60.93727,14.60036],[-60.93735,14.60043],[-60.93728,14.60054],[-60.9373,14.60068],[-60.93758,14.6013],[-60.93757,14.60165],[-60.93764,14.60181],[-60.93772,14.60185],[-60.93809,14.60192],[-60.93813,14.60218],[-60.93864,14.60239],[-60.93871,14.60246],[-60.93874,14.60279],[-60.93901,14.60269],[-60.93925,14.60269],[-60.93932,14.60284],[-60.93974,14.60288],[-60.94008,14.60294],[-60.94048,14.60332],[-60.94045,14.6037],[-60.94061,14.60389],[-60.94073,14.60366],[-60.94076,14.60349],[-60.94071,14.60301],[-60.94075,14.60287],[-60.94095,14.60256],[-60.94113,14.60236],[-60.94127,14.60226],[-60.94143,14.60222],[-60.94166,14.60221],[-60.94193,14.60218],[-60.94222,14.602],[-60.94239,14.60196],[-60.9425,14.602],[-60.94291,14.60227],[-60.94315,14.60249],[-60.94326,14.60301],[-60.94331,14.60314],[-60.94341,14.60325],[-60.94384,14.60348],[-60.94414,14.60369],[-60.94432,14.60378],[-60.94473,14.60388],[-60.94494,14.60396],[-60.94509,14.60408],[-60.94522,14.60442],[-60.94558,14.60471],[-60.94572,14.60495],[-60.94583,14.6051],[-60.94602,14.60525],[-60.94644,14.60545],[-60.94659,14.60555],[-60.94682,14.6058],[-60.94711,14.606],[-60.9472,14.60609],[-60.94726,14.60623],[-60.94729,14.6064],[-60.94729,14.60664],[-60.94721,14.60744],[-60.94692,14.60774],[-60.94676,14.60801],[-60.9466,14.60816],[-60.94649,14.6082],[-60.9459,14.60838],[-60.94569,14.60849],[-60.94551,14.60868],[-60.94542,14.60902],[-60.94532,14.60928],[-60.94519,14.60942],[-60.94512,14.60958],[-60.94486,14.61002],[-60.94486,14.6103],[-60.9449,14.61059],[-60.94504,14.6113],[-60.94508,14.61144],[-60.94519,14.61151],[-60.94555,14.61163],[-60.94585,14.61183],[-60.94593,14.61197],[-60.94604,14.61201],[-60.94608,14.61238],[-60.94622,14.61262],[-60.9466,14.61312],[-60.94694,14.61351],[-60.94707,14.61376],[-60.94732,14.61419],[-60.94752,14.61446],[-60.94748,14.61454],[-60.94759,14.61519],[-60.94761,14.61545],[-60.94767,14.61562],[-60.94768,14.61582],[-60.94761,14.61605],[-60.94762,14.61678],[-60.94767,14.61788],[-60.94796,14.61785],[-60.94821,14.61834],[-60.94819,14.61856],[-60.94829,14.61887],[-60.94833,14.61924],[-60.94827,14.61945],[-60.9483,14.61973],[-60.94847,14.62011],[-60.94855,14.62005],[-60.94862,14.61987],[-60.94876,14.6203],[-60.94898,14.62082],[-60.94906,14.62112],[-60.94913,14.62186],[-60.94908,14.62222],[-60.94907,14.62242],[-60.94914,14.62279],[-60.94923,14.62302],[-60.9494,14.62333],[-60.94948,14.6236],[-60.94947,14.62385],[-60.94939,14.62404],[-60.94923,14.6243],[-60.94921,14.62437],[-60.94921,14.62471],[-60.94924,14.62511],[-60.94945,14.62607],[-60.94952,14.6265],[-60.949,14.62649],[-60.949,14.62638],[-60.9477,14.62628],[-60.94771,14.62715],[-60.9477,14.62812],[-60.94772,14.62836],[-60.94708,14.62856],[-60.94689,14.62822],[-60.9464,14.62849],[-60.94617,14.62869],[-60.94643,14.62884],[-60.94653,14.6296],[-60.94657,14.63021],[-60.94673,14.63043],[-60.94733,14.6313],[-60.9479,14.63211],[-60.94801,14.63251],[-60.94831,14.63292],[-60.94873,14.63335],[-60.94922,14.63378],[-60.94907,14.63399],[-60.94889,14.63413],[-60.94861,14.63439],[-60.94842,14.63474],[-60.9483,14.63488],[-60.94821,14.63493],[-60.94788,14.63497],[-60.94774,14.63513],[-60.9476,14.63517],[-60.94738,14.63513],[-60.94714,14.63501],[-60.94678,14.63486],[-60.9464,14.63452],[-60.94613,14.6344],[-60.94583,14.63435],[-60.94564,14.63427],[-60.94556,14.6342],[-60.94547,14.63403],[-60.94539,14.63379],[-60.9452,14.63374],[-60.94496,14.63374],[-60.9446,14.63381],[-60.94446,14.63387],[-60.94425,14.63414],[-60.94368,14.63498],[-60.94199,14.63421],[-60.94163,14.63517],[-60.94119,14.63501],[-60.94059,14.63455],[-60.93985,14.63403],[-60.93976,14.63392],[-60.93922,14.6336],[-60.93875,14.63331],[-60.93859,14.63336],[-60.9383,14.63338],[-60.9383,14.63322],[-60.93816,14.63314],[-60.93787,14.63294],[-60.93768,14.63299],[-60.93706,14.63329],[-60.93693,14.63339],[-60.93648,14.63302],[-60.93615,14.63267],[-60.93594,14.63239],[-60.93606,14.63226],[-60.93576,14.6323],[-60.93536,14.63223],[-60.93454,14.63208],[-60.93322,14.63178],[-60.9332,14.63197],[-60.93322,14.63215],[-60.93332,14.63252],[-60.93335,14.63273],[-60.93327,14.6329],[-60.9332,14.63315],[-60.93319,14.63327],[-60.93325,14.63365],[-60.93312,14.63377],[-60.93299,14.63384],[-60.93259,14.63384],[-60.93184,14.63398],[-60.93147,14.63393],[-60.93115,14.63394],[-60.93078,14.63399],[-60.93023,14.63399],[-60.92929,14.63405],[-60.92752,14.63431],[-60.92719,14.63435],[-60.92704,14.63432],[-60.9268,14.63468],[-60.92661,14.63485],[-60.92635,14.6352],[-60.92614,14.63545],[-60.92576,14.63602],[-60.92545,14.63637],[-60.9252,14.63672],[-60.9245,14.63772],[-60.9231,14.63973],[-60.9229,14.64019],[-60.92269,14.64033],[-60.92254,14.64054],[-60.92249,14.64053],[-60.92252,14.64087],[-60.92273,14.64099],[-60.92269,14.64125],[-60.92231,14.6416],[-60.9219,14.64137],[-60.92167,14.64166],[-60.92158,14.6418],[-60.92139,14.64186],[-60.92122,14.64204],[-60.92125,14.64222],[-60.92155,14.64251],[-60.92131,14.64253],[-60.92121,14.64257],[-60.92095,14.64256],[-60.9208,14.64253],[-60.9198,14.64407],[-60.91966,14.64434],[-60.91936,14.64472],[-60.91906,14.64503],[-60.91856,14.64576],[-60.91838,14.64598],[-60.91821,14.64616],[-60.91786,14.64624],[-60.91753,14.64635],[-60.91716,14.64644],[-60.91705,14.6465],[-60.91686,14.64666],[-60.91649,14.6471],[-60.91639,14.64733],[-60.91667,14.64775],[-60.91648,14.64846],[-60.91633,14.64866],[-60.91606,14.64883],[-60.91569,14.64915],[-60.91556,14.64922],[-60.91498,14.64945],[-60.91426,14.64966],[-60.91394,14.64974],[-60.91361,14.64991],[-60.91364,14.65014],[-60.91373,14.65055],[-60.91384,14.65079],[-60.91394,14.65122],[-60.91395,14.65137],[-60.91406,14.65187],[-60.91395,14.65205],[-60.9137,14.65228],[-60.91354,14.65245],[-60.91264,14.65363],[-60.9124,14.65358],[-60.91196,14.65358],[-60.91098,14.65386],[-60.9106,14.65395],[-60.90961,14.65415],[-60.90923,14.65424],[-60.90899,14.65428],[-60.90861,14.65442],[-60.90826,14.65452],[-60.90694,14.65483],[-60.90626,14.65498],[-60.90559,14.65513],[-60.90515,14.6552],[-60.90466,14.65533],[-60.90396,14.65545],[-60.90361,14.65555],[-60.90343,14.65558],[-60.90335,14.6554],[-60.90201,14.65371],[-60.89929,14.65439],[-60.89903,14.65441],[-60.89862,14.65455],[-60.89788,14.65465],[-60.89743,14.65474],[-60.89697,14.65484],[-60.89637,14.65494],[-60.89629,14.65498],[-60.89596,14.65506],[-60.89543,14.65515],[-60.89522,14.65443],[-60.89502,14.65383],[-60.89491,14.65353],[-60.89494,14.65344],[-60.894,14.64997],[-60.89425,14.65005],[-60.89436,14.65012],[-60.89441,14.65023],[-60.89452,14.65033],[-60.89479,14.65044],[-60.89489,14.65055],[-60.89502,14.65075],[-60.89491,14.65103],[-60.8949,14.65113],[-60.89503,14.65181],[-60.89511,14.65202],[-60.89514,14.65244],[-60.89513,14.65259],[-60.89524,14.65267],[-60.89563,14.65257],[-60.89575,14.65249],[-60.8957,14.65243],[-60.89567,14.65222],[-60.89569,14.6519],[-60.89559,14.65165],[-60.89563,14.65139],[-60.8958,14.65131],[-60.89581,14.65114],[-60.8959,14.65091],[-60.89593,14.65059],[-60.8959,14.65038],[-60.8958,14.65031],[-60.89579,14.65014],[-60.89573,14.64998],[-60.89571,14.64971],[-60.89583,14.6494],[-60.89588,14.64917],[-60.89599,14.64894],[-60.89615,14.64875],[-60.89631,14.6485],[-60.89644,14.6484],[-60.89655,14.64838],[-60.89677,14.6485],[-60.8969,14.64854],[-60.89706,14.64852],[-60.89729,14.64856],[-60.89743,14.64871],[-60.89762,14.6488],[-60.89778,14.64878],[-60.8979,14.64881],[-60.89797,14.64891],[-60.89802,14.64921],[-60.89822,14.64936],[-60.89836,14.64952],[-60.89837,14.6497],[-60.89829,14.64985],[-60.89814,14.64987],[-60.89811,14.64998],[-60.89811,14.65025],[-60.89815,14.65043],[-60.89819,14.65079],[-60.89822,14.65097],[-60.89823,14.65116],[-60.89827,14.6515],[-60.89825,14.65174],[-60.89831,14.65202],[-60.8983,14.65231],[-60.89832,14.65238],[-60.89851,14.65269],[-60.89854,14.65284],[-60.8985,14.65319],[-60.89854,14.65345],[-60.8987,14.65363],[-60.89872,14.65378],[-60.89867,14.65413],[-60.89871,14.65434],[-60.89885,14.65441],[-60.89897,14.65439],[-60.89906,14.65433],[-60.89909,14.65412],[-60.89917,14.65392],[-60.89918,14.65373],[-60.89914,14.65335],[-60.89929,14.65312],[-60.89934,14.65298],[-60.89936,14.65256],[-60.8994,14.65242],[-60.89947,14.65227],[-60.89974,14.65192],[-60.89995,14.65178],[-60.90014,14.65159],[-60.90032,14.6515],[-60.90044,14.6515],[-60.90054,14.65157],[-60.90078,14.65165],[-60.901,14.65186],[-60.9012,14.65191],[-60.90143,14.65214],[-60.90158,14.65227],[-60.90159,14.65265],[-60.90161,14.65268],[-60.90173,14.65331],[-60.90179,14.65343],[-60.90202,14.65372],[-60.90215,14.65385],[-60.90253,14.6541],[-60.9029,14.65426],[-60.903,14.65425],[-60.90307,14.65406],[-60.90296,14.65392],[-60.9028,14.65382],[-60.90266,14.65363],[-60.9025,14.65337],[-60.90228,14.65282],[-60.90258,14.65285],[-60.90307,14.65278],[-60.90349,14.65287],[-60.90345,14.65269],[-60.90352,14.65251],[-60.90366,14.65244],[-60.90396,14.65242],[-60.90407,14.6523],[-60.90388,14.65221],[-60.90377,14.65204],[-60.90362,14.65196],[-60.90349,14.65199],[-60.90339,14.65195],[-60.90326,14.65178],[-60.90326,14.65169],[-60.90305,14.65156],[-60.90276,14.6515],[-60.90256,14.65132],[-60.90252,14.65121],[-60.90254,14.65109],[-60.90245,14.6509],[-60.90223,14.65084],[-60.90212,14.65075],[-60.90196,14.65068],[-60.90184,14.65047],[-60.90181,14.65024],[-60.90175,14.65006],[-60.90175,14.64996],[-60.90186,14.64977],[-60.9019,14.64955],[-60.90198,14.64952],[-60.90215,14.64956],[-60.90238,14.64948],[-60.90252,14.64951],[-60.90264,14.64961],[-60.90276,14.6496],[-60.90281,14.6495],[-60.90296,14.64947],[-60.90307,14.64934],[-60.90311,14.64908],[-60.90322,14.64891],[-60.90331,14.64871],[-60.90361,14.64847],[-60.90375,14.6484],[-60.90414,14.64839],[-60.90448,14.64854],[-60.90482,14.64856],[-60.90501,14.64853],[-60.90533,14.64856],[-60.90535,14.6485],[-60.90548,14.64842],[-60.90557,14.64824],[-60.9056,14.64805],[-60.90568,14.64799],[-60.90567,14.64779],[-60.9057,14.64766],[-60.90558,14.64756],[-60.90533,14.64754],[-60.90497,14.64748],[-60.90497,14.64739],[-60.90554,14.64731],[-60.90559,14.64725],[-60.9056,14.64678],[-60.90555,14.64661],[-60.90545,14.6465],[-60.90554,14.64639],[-60.90545,14.64631],[-60.90547,14.6462],[-60.90512,14.64599],[-60.90489,14.64594],[-60.90472,14.64598],[-60.90443,14.64599],[-60.90433,14.64601],[-60.9043,14.64591],[-60.90412,14.64575],[-60.90399,14.64569],[-60.90387,14.64583],[-60.90373,14.6459],[-60.9035,14.64594],[-60.90333,14.6459],[-60.90321,14.64583],[-60.90307,14.64582],[-60.90293,14.64588],[-60.90274,14.64584],[-60.90254,14.64586],[-60.9022,14.64584],[-60.90203,14.6458],[-60.90188,14.64581],[-60.90149,14.64579],[-60.90129,14.64574],[-60.90106,14.64556],[-60.9008,14.64564],[-60.90067,14.64561],[-60.90047,14.64552],[-60.90031,14.64552],[-60.9002,14.64563],[-60.89991,14.64553],[-60.89945,14.64516],[-60.89925,14.64492],[-60.89911,14.64488],[-60.89891,14.64474],[-60.89875,14.64469],[-60.89841,14.64451],[-60.89827,14.6445],[-60.89828,14.64442],[-60.89842,14.64414],[-60.89846,14.64391],[-60.89844,14.64364],[-60.89827,14.64331],[-60.89792,14.64297],[-60.89761,14.64306],[-60.89716,14.64311],[-60.89691,14.64304],[-60.8968,14.64287],[-60.89679,14.64275],[-60.89657,14.64224],[-60.89642,14.64196],[-60.89617,14.64161],[-60.89588,14.64131],[-60.89565,14.64118],[-60.89549,14.64115],[-60.89495,14.64129],[-60.89479,14.64122],[-60.89461,14.64118],[-60.89451,14.64111],[-60.89427,14.64105],[-60.89386,14.64087],[-60.89354,14.64082],[-60.89336,14.64083],[-60.89309,14.64089],[-60.89298,14.64099],[-60.8929,14.64114],[-60.89281,14.64146],[-60.89271,14.64158],[-60.89255,14.64163],[-60.89222,14.64168],[-60.89165,14.64169],[-60.89149,14.64179],[-60.89131,14.64195],[-60.89134,14.64204],[-60.89148,14.64215],[-60.89146,14.64235],[-60.89133,14.64246],[-60.89101,14.6426],[-60.89087,14.64274],[-60.89045,14.64276],[-60.89022,14.64291],[-60.89008,14.64303],[-60.88996,14.64319],[-60.8899,14.64316],[-60.8899,14.64303],[-60.88985,14.64285],[-60.88966,14.64261],[-60.88906,14.64226],[-60.88904,14.64204],[-60.88899,14.64188],[-60.88883,14.64166],[-60.88866,14.64135],[-60.88864,14.64116],[-60.88876,14.64106],[-60.88899,14.64102],[-60.88929,14.64107],[-60.88954,14.64118],[-60.88974,14.64115],[-60.89005,14.64109],[-60.89031,14.641],[-60.89072,14.64101],[-60.89096,14.6411],[-60.89134,14.64109],[-60.89168,14.64117],[-60.89208,14.64106],[-60.89237,14.64087],[-60.89268,14.64074],[-60.89284,14.64073],[-60.89312,14.64079],[-60.89337,14.64072],[-60.89351,14.6406],[-60.89363,14.64033],[-60.89372,14.64004],[-60.8938,14.63983],[-60.89393,14.63967],[-60.89425,14.63957],[-60.89447,14.63961],[-60.8949,14.63955],[-60.895,14.63947],[-60.89509,14.63915],[-60.8951,14.6389],[-60.89507,14.6387],[-60.89499,14.63861],[-60.89476,14.6386],[-60.89464,14.63834],[-60.89408,14.63805],[-60.89395,14.63791],[-60.89375,14.63757],[-60.89373,14.63739],[-60.89375,14.6372],[-60.89385,14.63689],[-60.89381,14.63677],[-60.89388,14.63669],[-60.8941,14.63618],[-60.89408,14.63604],[-60.89445,14.63583],[-60.89457,14.63562],[-60.89456,14.63543],[-60.89471,14.63529],[-60.89466,14.63509],[-60.8948,14.63492],[-60.89491,14.63489],[-60.89506,14.63493],[-60.89518,14.63507],[-60.89532,14.63516],[-60.89563,14.63514],[-60.89591,14.63497],[-60.89593,14.6349],[-60.89582,14.63483],[-60.89537,14.63469],[-60.89508,14.63455],[-60.89481,14.63462],[-60.89462,14.63461],[-60.89449,14.63452],[-60.89429,14.63448],[-60.89419,14.63451],[-60.89402,14.63462],[-60.89352,14.63483],[-60.8934,14.63494],[-60.89332,14.63517],[-60.89299,14.63539],[-60.89282,14.63548],[-60.89256,14.63555],[-60.89244,14.6356],[-60.8924,14.63578],[-60.89208,14.63603],[-60.89206,14.63611],[-60.89194,14.63611],[-60.89176,14.63617],[-60.89155,14.63621],[-60.89135,14.63621],[-60.89109,14.63616],[-60.89099,14.63603],[-60.89095,14.63561],[-60.8911,14.63542],[-60.89112,14.63524],[-60.8913,14.63505],[-60.89148,14.63492],[-60.89192,14.63471],[-60.89192,14.63465],[-60.89209,14.63446],[-60.89216,14.63429],[-60.89217,14.63411],[-60.89224,14.63397],[-60.89228,14.63373],[-60.89223,14.63354],[-60.89198,14.63318],[-60.89164,14.63288],[-60.89143,14.63279],[-60.8913,14.63268],[-60.89116,14.63247],[-60.89109,14.63218],[-60.89111,14.63193],[-60.89108,14.63168],[-60.89094,14.63148],[-60.8909,14.63126],[-60.89096,14.63108],[-60.89112,14.63084],[-60.89138,14.63066],[-60.89158,14.63061],[-60.8921,14.6306],[-60.89238,14.63058],[-60.89258,14.63065],[-60.8927,14.63073],[-60.89282,14.6309],[-60.89294,14.63121],[-60.89324,14.63154],[-60.89334,14.63152],[-60.89347,14.63129],[-60.89362,14.63122],[-60.89403,14.63121],[-60.89428,14.63129],[-60.89443,14.63131],[-60.89459,14.63144],[-60.89476,14.63145],[-60.89493,14.63137],[-60.89496,14.63124],[-60.89494,14.63111],[-60.89498,14.6309],[-60.89497,14.63053],[-60.89483,14.63037],[-60.89453,14.63019],[-60.89425,14.63013],[-60.89413,14.6302],[-60.89399,14.63019],[-60.89383,14.63005],[-60.89391,14.62989],[-60.89407,14.62984],[-60.89426,14.62953],[-60.89442,14.62921],[-60.89473,14.62873],[-60.89481,14.62859],[-60.89489,14.62831],[-60.89534,14.62823],[-60.89565,14.62829],[-60.8958,14.62842],[-60.89567,14.62849],[-60.8957,14.62865],[-60.89599,14.62882],[-60.89618,14.6289],[-60.89643,14.6289],[-60.89664,14.62885],[-60.89698,14.6287],[-60.89717,14.62866],[-60.8975,14.62869],[-60.89777,14.62882],[-60.89787,14.62889],[-60.8984,14.62924],[-60.89846,14.62921],[-60.89832,14.62883],[-60.89827,14.62865],[-60.89839,14.62846],[-60.89863,14.62828],[-60.89881,14.62812],[-60.89895,14.62811],[-60.89929,14.62821],[-60.89949,14.62832],[-60.89981,14.62858],[-60.89993,14.62844],[-60.89995,14.62836],[-60.89984,14.6282],[-60.89973,14.62814],[-60.89932,14.62798],[-60.89874,14.6279],[-60.89827,14.62792],[-60.89818,14.62794],[-60.89794,14.62808],[-60.89778,14.6281],[-60.89767,14.62805],[-60.89758,14.62792],[-60.89749,14.6276],[-60.89744,14.62735],[-60.89742,14.6271],[-60.89735,14.62672],[-60.89734,14.62621],[-60.8974,14.6259],[-60.89731,14.62571],[-60.89735,14.62553],[-60.89727,14.62531],[-60.89716,14.62509],[-60.89705,14.62496],[-60.897,14.62478],[-60.8968,14.62435],[-60.8967,14.62419],[-60.8965,14.62408],[-60.89633,14.62393],[-60.89614,14.62382],[-60.89605,14.62367],[-60.89618,14.62357],[-60.89641,14.62361],[-60.89654,14.62357],[-60.89672,14.62388],[-60.89682,14.624],[-60.89702,14.62411],[-60.89734,14.62425],[-60.89749,14.62425],[-60.89765,14.62409],[-60.89764,14.62388],[-60.89775,14.6238],[-60.89784,14.62366],[-60.89808,14.62349],[-60.8983,14.62337],[-60.89854,14.62327],[-60.89866,14.62317],[-60.89883,14.62308],[-60.89886,14.6227],[-60.89883,14.62233],[-60.89873,14.62183],[-60.89861,14.62146],[-60.89834,14.62093],[-60.89808,14.62058],[-60.89795,14.62058],[-60.89771,14.62074],[-60.8976,14.62068],[-60.8972,14.62066],[-60.89705,14.62082],[-60.8969,14.62066],[-60.89682,14.62062],[-60.89669,14.62073],[-60.89676,14.621],[-60.89672,14.62108],[-60.89653,14.62093],[-60.89623,14.62096],[-60.89574,14.62082],[-60.89561,14.62083],[-60.89541,14.62059],[-60.89517,14.62039],[-60.89465,14.61978],[-60.89438,14.61958],[-60.89417,14.6195],[-60.89399,14.61946],[-60.89369,14.61952],[-60.89332,14.61975],[-60.89317,14.61995],[-60.89298,14.62014],[-60.89285,14.62021],[-60.89265,14.62024],[-60.89228,14.62013],[-60.89206,14.62],[-60.89184,14.61983],[-60.89162,14.61977],[-60.89124,14.61984],[-60.89072,14.61987],[-60.89054,14.61984],[-60.89039,14.61973],[-60.89035,14.61978],[-60.8902,14.61969],[-60.89018,14.61962],[-60.89001,14.61954],[-60.88994,14.61958],[-60.88957,14.61943],[-60.88957,14.61932],[-60.88923,14.61938],[-60.88907,14.61954],[-60.88901,14.62004],[-60.88902,14.62041],[-60.88905,14.62072],[-60.88918,14.621],[-60.88929,14.62115],[-60.88946,14.62119],[-60.8896,14.62104],[-60.88976,14.62103],[-60.88981,14.62116],[-60.88969,14.62132],[-60.88961,14.62149],[-60.88933,14.62176],[-60.88929,14.62185],[-60.88905,14.62191],[-60.88891,14.62202],[-60.88883,14.62216],[-60.88866,14.62225],[-60.88838,14.62226],[-60.88818,14.62223],[-60.88789,14.62212],[-60.88767,14.62199],[-60.88747,14.62183],[-60.88726,14.62151],[-60.88715,14.6212],[-60.88714,14.62107],[-60.88705,14.6208],[-60.88692,14.62047],[-60.88677,14.61987],[-60.88676,14.61963],[-60.88666,14.61923],[-60.88659,14.61899],[-60.8866,14.61881],[-60.88667,14.61863],[-60.88695,14.61828],[-60.88701,14.61798],[-60.88715,14.61771],[-60.88719,14.61746],[-60.88716,14.61736],[-60.88721,14.61691],[-60.88717,14.61656],[-60.88722,14.61645],[-60.88719,14.61621],[-60.8872,14.61595],[-60.88757,14.61554],[-60.88772,14.61553],[-60.88781,14.6154],[-60.88762,14.61531],[-60.88752,14.6153],[-60.88731,14.6154],[-60.88721,14.61536],[-60.88704,14.61539],[-60.88669,14.61536],[-60.8866,14.61539],[-60.88645,14.61537],[-60.8863,14.61528],[-60.88622,14.61518],[-60.88622,14.61487],[-60.88601,14.61484],[-60.88593,14.61478],[-60.88589,14.61463],[-60.88582,14.61463],[-60.8857,14.61471],[-60.88569,14.61482],[-60.88559,14.61489],[-60.88544,14.61486],[-60.88534,14.61481],[-60.88535,14.61514],[-60.88533,14.61527],[-60.88525,14.61543],[-60.8851,14.6156],[-60.88502,14.61605],[-60.88495,14.61621],[-60.88486,14.61633],[-60.88459,14.61654],[-60.8844,14.61678],[-60.88415,14.61684],[-60.88366,14.61674],[-60.88331,14.61679],[-60.88311,14.61692],[-60.88309,14.61714],[-60.88303,14.61731],[-60.88305,14.61753],[-60.88315,14.61782],[-60.88315,14.61814],[-60.88321,14.6182],[-60.88358,14.61843],[-60.88385,14.61873],[-60.88396,14.61905],[-60.8841,14.61918],[-60.88464,14.61884],[-60.88486,14.61858],[-60.88524,14.61808],[-60.88531,14.6181],[-60.88523,14.61832],[-60.88512,14.61841],[-60.88493,14.61869],[-60.88478,14.61897],[-60.88457,14.61916],[-60.88431,14.61937],[-60.88408,14.6195],[-60.88369,14.61976],[-60.88343,14.61988],[-60.88324,14.6199],[-60.883,14.61981],[-60.88281,14.61969],[-60.88263,14.61972],[-60.88234,14.61956],[-60.88215,14.6194],[-60.88198,14.61921],[-60.88192,14.61894],[-60.88194,14.61855],[-60.8819,14.61836],[-60.88185,14.61824],[-60.88167,14.61807],[-60.88125,14.61791],[-60.88082,14.6179],[-60.88072,14.61795],[-60.88066,14.61787],[-60.88049,14.61798],[-60.88037,14.61796],[-60.88013,14.61783],[-60.88006,14.61786],[-60.8798,14.61814],[-60.87967,14.61832],[-60.87959,14.61839],[-60.87955,14.61856],[-60.87958,14.61865],[-60.8799,14.61884],[-60.88007,14.61904],[-60.88014,14.61908],[-60.88031,14.6193],[-60.8802,14.61938],[-60.88,14.61976],[-60.8798,14.6199],[-60.87958,14.62012],[-60.87941,14.62019],[-60.87884,14.62025],[-60.8785,14.62034],[-60.87839,14.62039],[-60.87826,14.62053],[-60.87808,14.62079],[-60.87789,14.62098],[-60.87774,14.62117],[-60.87744,14.62134],[-60.87725,14.62142],[-60.87683,14.62166],[-60.87668,14.62167],[-60.87641,14.62153],[-60.87585,14.62108],[-60.87558,14.62087],[-60.87539,14.6207],[-60.87526,14.62054],[-60.87516,14.62025],[-60.87522,14.61995],[-60.87543,14.61976],[-60.87544,14.6197],[-60.87535,14.61951],[-60.87511,14.61924],[-60.87504,14.61919],[-60.87425,14.6191],[-60.87407,14.61901],[-60.87364,14.61891],[-60.87309,14.61883],[-60.87296,14.61885],[-60.87282,14.61895],[-60.87265,14.619],[-60.87247,14.61899],[-60.87218,14.61893],[-60.87178,14.61882],[-60.87157,14.61892],[-60.8712,14.61917],[-60.87065,14.61943],[-60.87051,14.61957],[-60.87026,14.61961],[-60.87011,14.61952],[-60.86998,14.61928],[-60.86956,14.61859],[-60.86939,14.61838],[-60.86926,14.6183],[-60.86917,14.61819],[-60.86896,14.61797],[-60.86892,14.61785],[-60.86892,14.61768],[-60.8691,14.61745],[-60.86923,14.61738],[-60.86946,14.61739],[-60.86974,14.61753],[-60.87,14.61756],[-60.87039,14.61777],[-60.8708,14.61787],[-60.87167,14.61764],[-60.87185,14.61751],[-60.87204,14.61726],[-60.87215,14.61701],[-60.87224,14.61686],[-60.87244,14.61669],[-60.87283,14.61661],[-60.87295,14.61652],[-60.87354,14.61598],[-60.87405,14.61578],[-60.87448,14.61574],[-60.87463,14.61576],[-60.87543,14.61593],[-60.87567,14.61603],[-60.87574,14.6162],[-60.87603,14.61632],[-60.87623,14.61631],[-60.87629,14.61614],[-60.87626,14.61581],[-60.87617,14.61562],[-60.87604,14.61555],[-60.8758,14.6155],[-60.87586,14.61543],[-60.8761,14.61547],[-60.87618,14.6152],[-60.87624,14.61481],[-60.87625,14.61464],[-60.87631,14.61417],[-60.87639,14.61404],[-60.87653,14.61391],[-60.87682,14.61379],[-60.87706,14.61378],[-60.87727,14.61384],[-60.87766,14.61375],[-60.87776,14.61371],[-60.87804,14.6135],[-60.87814,14.6133],[-60.87823,14.61322],[-60.8787,14.61317],[-60.87932,14.61296],[-60.87962,14.61284],[-60.87986,14.61271],[-60.87994,14.61263],[-60.88017,14.6125],[-60.88024,14.61233],[-60.88023,14.61221],[-60.88029,14.61206],[-60.88022,14.61199],[-60.87987,14.61195],[-60.87978,14.61191],[-60.87976,14.61173],[-60.87971,14.61169],[-60.8793,14.61168],[-60.87909,14.6115],[-60.87891,14.61121],[-60.87889,14.61111],[-60.87859,14.6107],[-60.87836,14.61054],[-60.87786,14.61035],[-60.87768,14.61035],[-60.87749,14.61043],[-60.87726,14.61031],[-60.87712,14.61034],[-60.877,14.61031],[-60.87678,14.61034],[-60.87653,14.61032],[-60.87613,14.61026],[-60.87589,14.61025],[-60.87563,14.61001],[-60.87548,14.60993],[-60.87521,14.6099],[-60.87507,14.60985],[-60.87479,14.60982],[-60.8747,14.60976],[-60.87484,14.60954],[-60.87516,14.60941],[-60.87538,14.60918],[-60.87547,14.60886],[-60.87545,14.60853],[-60.8754,14.60814],[-60.87541,14.60809],[-60.87572,14.6079],[-60.87593,14.60787],[-60.8762,14.60789],[-60.87625,14.60781],[-60.87568,14.60781],[-60.87555,14.60775],[-60.87538,14.6078],[-60.87531,14.60786],[-60.87513,14.6079],[-60.87481,14.6078],[-60.87475,14.60771],[-60.87455,14.60765],[-60.87412,14.60769],[-60.87376,14.6076],[-60.8734,14.60748],[-60.87317,14.60751],[-60.87293,14.60745],[-60.87283,14.60746],[-60.87256,14.6073],[-60.8723,14.60717],[-60.87219,14.60718],[-60.87204,14.60699],[-60.87189,14.60688],[-60.87191,14.6068],[-60.8717,14.6066],[-60.87168,14.60653],[-60.87141,14.60634],[-60.87121,14.60634],[-60.8711,14.6063],[-60.87061,14.60626],[-60.87054,14.60617],[-60.87041,14.6061],[-60.87027,14.60618],[-60.87015,14.60617],[-60.87009,14.60631],[-60.86993,14.60615],[-60.86988,14.60595],[-60.86962,14.60566],[-60.86933,14.60524],[-60.86917,14.60493],[-60.86912,14.6047],[-60.8692,14.60458],[-60.86919,14.60417],[-60.86916,14.60389],[-60.86916,14.6036],[-60.86919,14.60344],[-60.86917,14.60327],[-60.86919,14.60284],[-60.86914,14.60272],[-60.86907,14.60224],[-60.86893,14.60203],[-60.86857,14.60189],[-60.86812,14.60164],[-60.868,14.60148],[-60.86789,14.60122],[-60.86784,14.60099],[-60.86794,14.60091],[-60.86817,14.6006],[-60.86821,14.60022],[-60.86834,14.60014],[-60.86856,14.6001],[-60.86877,14.60012],[-60.86909,14.6002],[-60.86924,14.60034],[-60.86916,14.60054],[-60.8692,14.60066],[-60.86932,14.60086],[-60.86952,14.60108],[-60.8698,14.60116],[-60.87002,14.60127],[-60.8702,14.60133],[-60.87048,14.60136],[-60.87066,14.60144],[-60.87093,14.60148],[-60.87127,14.60135],[-60.87144,14.60137],[-60.87151,14.6015],[-60.87168,14.60166],[-60.87185,14.60171],[-60.872,14.60165],[-60.87215,14.60152],[-60.87214,14.60135],[-60.872,14.60131],[-60.87191,14.60116],[-60.8719,14.60102],[-60.87167,14.60072],[-60.87173,14.60062],[-60.87204,14.60036],[-60.87207,14.60025],[-60.87205,14.60002],[-60.87215,14.59982],[-60.87226,14.59953],[-60.87225,14.59944],[-60.8721,14.59939],[-60.87214,14.59925],[-60.87235,14.59912],[-60.87246,14.59914],[-60.87257,14.59897],[-60.8725,14.59878],[-60.87261,14.59863],[-60.8726,14.59838],[-60.87265,14.59822],[-60.87266,14.59795],[-60.87271,14.59771],[-60.87271,14.59754],[-60.87267,14.59741],[-60.8727,14.59717],[-60.87278,14.597],[-60.8726,14.59686],[-60.87249,14.59671],[-60.87239,14.59652],[-60.87242,14.59642],[-60.87272,14.59633],[-60.87267,14.59619],[-60.87245,14.59623],[-60.8723,14.59612],[-60.87213,14.59608],[-60.87197,14.59596],[-60.87173,14.59597],[-60.87165,14.59594],[-60.87147,14.59575],[-60.87142,14.59559],[-60.87133,14.59552],[-60.87108,14.59541],[-60.87086,14.5954],[-60.87062,14.59544],[-60.87046,14.59544],[-60.87037,14.59533],[-60.87043,14.59519],[-60.87059,14.5951],[-60.87069,14.59494],[-60.87065,14.59485],[-60.87043,14.59488],[-60.87067,14.5947],[-60.87069,14.59465],[-60.87066,14.59439],[-60.87057,14.5942],[-60.87042,14.59404],[-60.8702,14.59396],[-60.87012,14.59397],[-60.86991,14.59409],[-60.86981,14.59407],[-60.86958,14.59387],[-60.86927,14.59368],[-60.86889,14.59353],[-60.86882,14.59357],[-60.86849,14.59349],[-60.86832,14.59348],[-60.86814,14.59337],[-60.86806,14.59294],[-60.86828,14.59263],[-60.86854,14.59234],[-60.86875,14.5923],[-60.86882,14.59217],[-60.86878,14.59153],[-60.86869,14.5913],[-60.86855,14.59116],[-60.86857,14.59104],[-60.86838,14.5908],[-60.86831,14.59065],[-60.86829,14.59038],[-60.86825,14.59031],[-60.86853,14.59032],[-60.86853,14.5902],[-60.86838,14.59019],[-60.86813,14.59023],[-60.86789,14.59031],[-60.86778,14.59027],[-60.86763,14.5903],[-60.86754,14.59037],[-60.86736,14.59037],[-60.86722,14.59022],[-60.8671,14.59019],[-60.86673,14.58996],[-60.86662,14.58995],[-60.8665,14.58986],[-60.86639,14.58965],[-60.86623,14.58964],[-60.86603,14.58954],[-60.86586,14.58958],[-60.86565,14.58952],[-60.86536,14.58933],[-60.86513,14.58899],[-60.86507,14.58879],[-60.86513,14.58864],[-60.86505,14.58858],[-60.8648,14.58867],[-60.86448,14.58868],[-60.86432,14.58872],[-60.86376,14.58868],[-60.86353,14.58896],[-60.86334,14.58904],[-60.86308,14.58937],[-60.86302,14.58953],[-60.86301,14.58979],[-60.8628,14.58987],[-60.86242,14.58988],[-60.86231,14.59],[-60.86216,14.59001],[-60.86203,14.5899],[-60.86174,14.58958],[-60.86153,14.58962],[-60.86148,14.58953],[-60.86141,14.58897],[-60.86124,14.58888],[-60.8612,14.58878],[-60.86123,14.58856],[-60.8612,14.5885],[-60.86116,14.58825],[-60.86077,14.58831],[-60.86036,14.5884],[-60.86016,14.58846],[-60.86003,14.58866],[-60.85992,14.58874],[-60.85975,14.58876],[-60.85953,14.58874],[-60.85945,14.58883],[-60.85944,14.58893],[-60.85957,14.58916],[-60.85977,14.58936],[-60.85999,14.58938],[-60.86026,14.58936],[-60.8604,14.58957],[-60.86055,14.58969],[-60.86073,14.58998],[-60.86106,14.59019],[-60.86126,14.59026],[-60.86115,14.59033],[-60.86074,14.59019],[-60.86043,14.59018],[-60.86028,14.59014],[-60.86003,14.59014],[-60.85993,14.59009],[-60.8598,14.58997],[-60.85955,14.58983],[-60.85923,14.58983],[-60.85891,14.58976],[-60.85878,14.58969],[-60.85849,14.58964],[-60.85832,14.58975],[-60.85818,14.58961],[-60.85796,14.58966],[-60.85784,14.58964],[-60.85767,14.58974],[-60.85762,14.58991],[-60.8574,14.58999],[-60.85721,14.59013],[-60.85691,14.5903],[-60.85669,14.59061],[-60.85662,14.59078],[-60.85649,14.5913],[-60.85632,14.59183],[-60.85617,14.59204],[-60.8558,14.59221],[-60.85526,14.59228],[-60.85521,14.59244],[-60.85508,14.59243],[-60.85495,14.59247],[-60.85483,14.5923],[-60.85424,14.59232],[-60.85373,14.59239],[-60.85336,14.59254],[-60.85314,14.5927],[-60.85302,14.59286],[-60.85294,14.59316],[-60.85294,14.59357],[-60.8529,14.59374],[-60.8528,14.59392],[-60.85262,14.59417],[-60.85267,14.59435],[-60.85256,14.59444],[-60.85236,14.59448],[-60.85211,14.59466],[-60.85193,14.59481],[-60.85191,14.59497],[-60.85184,14.59507],[-60.85174,14.5951],[-60.8516,14.59526],[-60.8515,14.59543],[-60.85138,14.59551],[-60.85121,14.5955],[-60.85109,14.59538],[-60.8512,14.59517],[-60.85118,14.59498],[-60.85106,14.59483],[-60.85101,14.59432],[-60.8511,14.59425],[-60.85141,14.59413],[-60.85158,14.59382],[-60.85165,14.59377],[-60.8518,14.59355],[-60.85185,14.59343],[-60.85197,14.59329],[-60.85195,14.59295],[-60.85197,14.59276],[-60.85191,14.5925],[-60.85184,14.59247],[-60.85176,14.59231],[-60.8516,14.59216],[-60.85136,14.59203],[-60.85081,14.59187],[-60.85082,14.59173],[-60.85071,14.59164],[-60.85053,14.59158],[-60.85053,14.59141],[-60.85064,14.59117],[-60.85069,14.59097],[-60.85089,14.59085],[-60.8511,14.59064],[-60.85119,14.59046],[-60.85115,14.59021],[-60.85112,14.58994],[-60.85104,14.58982],[-60.85076,14.58959],[-60.85052,14.58958],[-60.85025,14.58967],[-60.84978,14.58987],[-60.84968,14.58994],[-60.84937,14.58995],[-60.84916,14.58988],[-60.84913,14.58977],[-60.84916,14.58965],[-60.84929,14.58942],[-60.84934,14.58928],[-60.84943,14.58923],[-60.84941,14.58899],[-60.84942,14.58887],[-60.8495,14.58879],[-60.84954,14.58853],[-60.84939,14.58842],[-60.84908,14.58828],[-60.84893,14.58833],[-60.84885,14.58823],[-60.84867,14.58821],[-60.84843,14.58814],[-60.84828,14.58814],[-60.84821,14.58802],[-60.84825,14.58789],[-60.84837,14.5878],[-60.84861,14.58781],[-60.84878,14.58778],[-60.84905,14.58765],[-60.84933,14.58759],[-60.84948,14.58763],[-60.84963,14.58771],[-60.84988,14.58756],[-60.84995,14.58742],[-60.84996,14.58727],[-60.85005,14.58716],[-60.8503,14.58713],[-60.85045,14.58699],[-60.85052,14.58684],[-60.85055,14.58658],[-60.85053,14.58627],[-60.8506,14.58615],[-60.8505,14.58594],[-60.85044,14.58565],[-60.85048,14.58552],[-60.85043,14.58542],[-60.85031,14.58537],[-60.85021,14.58547],[-60.85012,14.58546],[-60.85,14.58557],[-60.84999,14.58541],[-60.85031,14.58518],[-60.851,14.58472],[-60.85128,14.58451],[-60.8517,14.58425],[-60.85183,14.58414],[-60.85253,14.58367],[-60.85298,14.58338],[-60.85314,14.58331],[-60.85342,14.58312],[-60.85345,14.58307],[-60.85387,14.58275],[-60.85418,14.58257],[-60.85448,14.58235],[-60.85474,14.5822],[-60.85548,14.58169],[-60.8559,14.58138],[-60.8563,14.58118],[-60.85661,14.58112],[-60.85691,14.58102],[-60.857,14.58103],[-60.85746,14.58099],[-60.8578,14.58092],[-60.85835,14.5809],[-60.85885,14.58083],[-60.85946,14.58071],[-60.85978,14.58067],[-60.86001,14.58067],[-60.86038,14.58064],[-60.86103,14.58052],[-60.86115,14.58048],[-60.86139,14.58035],[-60.86145,14.58028],[-60.86162,14.5802],[-60.86286,14.57957],[-60.86335,14.57932],[-60.86356,14.57918],[-60.86369,14.57903],[-60.86372,14.57892],[-60.86383,14.57878],[-60.86404,14.57903],[-60.86417,14.57905],[-60.86431,14.57897],[-60.86471,14.57865],[-60.86482,14.57859],[-60.86505,14.57856],[-60.8653,14.57854],[-60.86552,14.57848],[-60.86572,14.57838],[-60.86616,14.57812],[-60.86639,14.57804],[-60.86665,14.57801],[-60.86689,14.57794],[-60.86726,14.57795],[-60.86746,14.57787],[-60.86782,14.57743],[-60.86801,14.57726],[-60.86849,14.57701],[-60.86881,14.57691],[-60.86941,14.57675],[-60.87012,14.57648],[-60.87033,14.57644],[-60.87057,14.57646],[-60.87079,14.57652],[-60.87094,14.57652],[-60.87109,14.57649],[-60.87139,14.57635],[-60.87153,14.57625],[-60.87181,14.57582],[-60.87183,14.57573],[-60.87183,14.57551],[-60.87188,14.57538],[-60.87214,14.57525],[-60.87229,14.57514],[-60.87249,14.57495],[-60.87267,14.57473],[-60.87284,14.5745],[-60.87322,14.57423],[-60.87379,14.57434],[-60.87611,14.57657],[-60.87643,14.57652],[-60.87663,14.57646],[-60.87723,14.57639],[-60.87731,14.57629],[-60.87732,14.57564],[-60.87734,14.57514],[-60.87731,14.57478],[-60.87741,14.57417],[-60.8802,14.57391],[-60.88079,14.57391],[-60.88094,14.57391],[-60.88149,14.57399],[-60.88158,14.57416],[-60.88163,14.57435],[-60.88167,14.57463],[-60.88438,14.57449],[-60.8852,14.57428],[-60.88515,14.57384],[-60.88514,14.57353],[-60.88511,14.57339],[-60.88508,14.57289],[-60.88481,14.57134],[-60.88454,14.56856],[-60.88641,14.56875],[-60.88675,14.56884],[-60.88716,14.56891],[-60.88757,14.56896],[-60.88857,14.56893],[-60.89147,14.56885],[-60.89146,14.56874],[-60.89139,14.56856],[-60.89138,14.56835],[-60.89133,14.56826],[-60.8912,14.56822],[-60.89115,14.56811],[-60.89115,14.56784],[-60.89109,14.56766],[-60.8909,14.56741],[-60.89078,14.5672],[-60.89075,14.56699],[-60.89061,14.56674],[-60.89055,14.56613],[-60.89078,14.56598],[-60.89112,14.56574],[-60.89105,14.56537],[-60.89082,14.56464],[-60.89149,14.56459],[-60.89154,14.56446],[-60.89166,14.56427],[-60.89176,14.56423],[-60.89204,14.56416],[-60.89203,14.56444],[-60.89314,14.56447],[-60.89334,14.56418],[-60.89471,14.56423],[-60.89471,14.56396],[-60.89476,14.56377],[-60.89475,14.56358],[-60.89478,14.56341],[-60.8959,14.56302],[-60.89606,14.56315],[-60.89633,14.56308],[-60.89647,14.56309]]],[[[-60.86217,14.60838],[-60.86205,14.60855],[-60.86188,14.60865],[-60.86178,14.60867],[-60.86148,14.60889],[-60.86141,14.60908],[-60.86127,14.60934],[-60.86125,14.60948],[-60.8611,14.60974],[-60.86089,14.60987],[-60.86059,14.60995],[-60.86046,14.60998],[-60.86031,14.60993],[-60.8598,14.61018],[-60.85956,14.6102],[-60.85931,14.61036],[-60.85901,14.61042],[-60.85889,14.61036],[-60.85876,14.61049],[-60.85843,14.61063],[-60.85825,14.61078],[-60.8582,14.6109],[-60.85786,14.61114],[-60.85768,14.6114],[-60.85774,14.61163],[-60.85775,14.61185],[-60.85782,14.61203],[-60.85783,14.61241],[-60.85775,14.61264],[-60.85763,14.6129],[-60.85742,14.61307],[-60.85731,14.61306],[-60.85713,14.61296],[-60.85692,14.61278],[-60.85674,14.6127],[-60.85638,14.6127],[-60.8562,14.61265],[-60.85594,14.61262],[-60.85581,14.61266],[-60.85554,14.61306],[-60.85537,14.61311],[-60.85525,14.61321],[-60.85509,14.61324],[-60.85502,14.61334],[-60.85478,14.61346],[-60.85451,14.61352],[-60.85434,14.61359],[-60.85418,14.61357],[-60.85392,14.61372],[-60.85382,14.61375],[-60.8536,14.61372],[-60.85342,14.61377],[-60.85328,14.6139],[-60.85309,14.61421],[-60.85302,14.61437],[-60.85283,14.61451],[-60.85254,14.61463],[-60.8524,14.61467],[-60.85228,14.61465],[-60.8521,14.6145],[-60.8517,14.61443],[-60.85152,14.61434],[-60.85135,14.6141],[-60.85139,14.61395],[-60.85165,14.61377],[-60.85181,14.61362],[-60.85184,14.6135],[-60.85198,14.61328],[-60.85221,14.61299],[-60.85228,14.6128],[-60.85247,14.61264],[-60.85254,14.61248],[-60.85253,14.61224],[-60.85209,14.61144],[-60.85193,14.61126],[-60.85179,14.61124],[-60.8511,14.61127],[-60.85088,14.61124],[-60.85074,14.61119],[-60.85069,14.61111],[-60.8505,14.61105],[-60.85022,14.61099],[-60.85013,14.61085],[-60.85006,14.61087],[-60.84982,14.61073],[-60.8498,14.61067],[-60.84981,14.61039],[-60.84984,14.61025],[-60.84983,14.61003],[-60.84989,14.60992],[-60.85018,14.60979],[-60.85052,14.60982],[-60.85088,14.60997],[-60.85108,14.61012],[-60.85133,14.61025],[-60.85169,14.6103],[-60.85184,14.61025],[-60.85193,14.6103],[-60.85217,14.61026],[-60.85235,14.61033],[-60.8525,14.61031],[-60.85279,14.61017],[-60.85302,14.6102],[-60.85313,14.61028],[-60.85328,14.61047],[-60.85335,14.61066],[-60.85343,14.61106],[-60.85349,14.61122],[-60.85403,14.61144],[-60.85426,14.61148],[-60.8546,14.61141],[-60.85518,14.61101],[-60.85538,14.61102],[-60.85553,14.61107],[-60.85594,14.61126],[-60.85628,14.61135],[-60.85657,14.61133],[-60.85667,14.61123],[-60.85691,14.61109],[-60.85706,14.61093],[-60.85713,14.61074],[-60.85735,14.61035],[-60.85749,14.61005],[-60.85755,14.60976],[-60.85764,14.6095],[-60.85777,14.60944],[-60.85829,14.6094],[-60.85865,14.60948],[-60.85896,14.60946],[-60.85949,14.60932],[-60.8598,14.6093],[-60.86006,14.6092],[-60.86042,14.60895],[-60.86046,14.60889],[-60.86092,14.60884],[-60.86113,14.60897],[-60.86131,14.60882],[-60.8616,14.60848],[-60.86186,14.60823],[-60.86197,14.60817],[-60.86219,14.60816],[-60.86222,14.60827],[-60.86217,14.60838]]],[[[-60.84924,14.61471],[-60.84898,14.61488],[-60.84888,14.61501],[-60.8487,14.61516],[-60.84851,14.61535],[-60.84844,14.61536],[-60.84822,14.61523],[-60.84818,14.61516],[-60.84828,14.61507],[-60.84846,14.615],[-60.84868,14.61486],[-60.84898,14.61477],[-60.84923,14.61458],[-60.84924,14.61471]]],[[[-60.86471,14.619],[-60.86463,14.619],[-60.86454,14.61916],[-60.86441,14.61927],[-60.86415,14.61931],[-60.86383,14.61942],[-60.86289,14.6198],[-60.86256,14.61999],[-60.86229,14.62008],[-60.86218,14.62009],[-60.86201,14.62017],[-60.86158,14.62027],[-60.86142,14.62035],[-60.8611,14.62054],[-60.86102,14.62053],[-60.86084,14.62063],[-60.8605,14.62088],[-60.86037,14.62091],[-60.86004,14.62105],[-60.85992,14.62117],[-60.85984,14.62142],[-60.85973,14.62154],[-60.85968,14.62166],[-60.85957,14.62178],[-60.85941,14.62185],[-60.85932,14.62194],[-60.85902,14.62203],[-60.85882,14.62201],[-60.85861,14.62203],[-60.85834,14.62213],[-60.85826,14.62207],[-60.8583,14.62169],[-60.85832,14.62121],[-60.85834,14.62109],[-60.85887,14.62072],[-60.8591,14.62063],[-60.85941,14.62062],[-60.85958,14.6206],[-60.85979,14.62053],[-60.86008,14.62031],[-60.86041,14.61998],[-60.86059,14.61969],[-60.86066,14.61942],[-60.8606,14.61921],[-60.86049,14.61908],[-60.86044,14.61892],[-60.86051,14.61876],[-60.86069,14.61862],[-60.86086,14.61862],[-60.86119,14.61852],[-60.86144,14.61862],[-60.8617,14.61863],[-60.86177,14.61868],[-60.86189,14.61866],[-60.86229,14.61849],[-60.86256,14.61834],[-60.86278,14.61831],[-60.86311,14.61839],[-60.86323,14.61838],[-60.86343,14.61828],[-60.86362,14.6183],[-60.86379,14.61823],[-60.86403,14.61837],[-60.86415,14.61837],[-60.86431,14.61844],[-60.8646,14.61867],[-60.86475,14.61891],[-60.86471,14.619]]],[[[-60.85039,14.62526],[-60.85017,14.62538],[-60.84986,14.62549],[-60.84962,14.62552],[-60.84915,14.62573],[-60.84893,14.62589],[-60.84858,14.62647],[-60.84846,14.62689],[-60.84833,14.62713],[-60.84806,14.62734],[-60.84789,14.62741],[-60.84736,14.62773],[-60.84721,14.62788],[-60.84716,14.62786],[-60.84672,14.62812],[-60.84646,14.62825],[-60.84639,14.62818],[-60.84658,14.62794],[-60.84672,14.62783],[-60.84689,14.62765],[-60.8471,14.62747],[-60.84719,14.6273],[-60.84719,14.627],[-60.84711,14.62686],[-60.84697,14.6267],[-60.84695,14.62664],[-60.847,14.6264],[-60.84697,14.62616],[-60.84686,14.62593],[-60.84672,14.62592],[-60.84653,14.6258],[-60.84622,14.62571],[-60.8459,14.62573],[-60.84577,14.62567],[-60.84568,14.62555],[-60.84566,14.62542],[-60.8458,14.62538],[-60.84607,14.62541],[-60.84644,14.62523],[-60.84658,14.62521],[-60.84665,14.62513],[-60.84669,14.62496],[-60.84658,14.62473],[-60.84636,14.62443],[-60.84641,14.62416],[-60.84657,14.62401],[-60.84683,14.62387],[-60.847,14.62396],[-60.84714,14.62416],[-60.84727,14.62424],[-60.8475,14.62421],[-60.84786,14.62409],[-60.84793,14.62404],[-60.84804,14.62383],[-60.84823,14.62371],[-60.84836,14.62358],[-60.84869,14.62355],[-60.84881,14.62358],[-60.84909,14.62378],[-60.84918,14.62389],[-60.84928,14.62393],[-60.8494,14.62406],[-60.84954,14.62448],[-60.84958,14.62453],[-60.84998,14.62477],[-60.85023,14.62487],[-60.8506,14.62486],[-60.85073,14.62494],[-60.85072,14.625],[-60.85039,14.62526]]],[[[-60.85439,14.62676],[-60.85433,14.6268],[-60.85414,14.62705],[-60.85415,14.62723],[-60.85404,14.6274],[-60.854,14.62761],[-60.85403,14.62775],[-60.85383,14.62822],[-60.85366,14.62856],[-60.85338,14.62901],[-60.85321,14.62926],[-60.85325,14.62937],[-60.85316,14.62945],[-60.853,14.62949],[-60.85291,14.62946],[-60.85279,14.62935],[-60.85226,14.62903],[-60.85217,14.62889],[-60.85231,14.62851],[-60.85215,14.6281],[-60.85218,14.62782],[-60.85207,14.62763],[-60.85207,14.62755],[-60.85196,14.62737],[-60.85197,14.62725],[-60.8521,14.62708],[-60.85217,14.62692],[-60.85243,14.6267],[-60.85258,14.62663],[-60.85276,14.62639],[-60.85289,14.62628],[-60.85305,14.62621],[-60.8534,14.62627],[-60.85364,14.62626],[-60.85396,14.62617],[-60.85416,14.6264],[-60.85432,14.62653],[-60.85455,14.62661],[-60.85454,14.62668],[-60.85439,14.62676]]],[[[-60.88988,14.63368],[-60.88993,14.63382],[-60.88985,14.63409],[-60.88972,14.6342],[-60.88957,14.63425],[-60.88937,14.6344],[-60.88922,14.63471],[-60.88902,14.6349],[-60.88889,14.63495],[-60.88867,14.63492],[-60.88841,14.63478],[-60.88826,14.63478],[-60.88796,14.63485],[-60.88771,14.63479],[-60.8878,14.63437],[-60.88785,14.63424],[-60.88781,14.63403],[-60.88752,14.63361],[-60.88736,14.63332],[-60.88735,14.63316],[-60.88711,14.63287],[-60.88685,14.63275],[-60.88669,14.63276],[-60.88649,14.63288],[-60.88613,14.63297],[-60.88593,14.63299],[-60.88567,14.63294],[-60.88532,14.63281],[-60.88495,14.63271],[-60.88482,14.63263],[-60.88475,14.63253],[-60.88472,14.63219],[-60.88478,14.63192],[-60.88493,14.63174],[-60.88519,14.63152],[-60.88538,14.63138],[-60.88563,14.63132],[-60.88588,14.63119],[-60.88607,14.63113],[-60.88633,14.63109],[-60.88661,14.63087],[-60.88677,14.63057],[-60.88688,14.63043],[-60.88707,14.63027],[-60.88728,14.63001],[-60.88747,14.62985],[-60.88764,14.6298],[-60.88788,14.62978],[-60.88814,14.62987],[-60.88832,14.63003],[-60.88833,14.63028],[-60.88838,14.63045],[-60.88854,14.6307],[-60.88865,14.63111],[-60.88862,14.63166],[-60.8885,14.63187],[-60.8884,14.6321],[-60.8884,14.63231],[-60.88854,14.63251],[-60.88867,14.63263],[-60.88885,14.63272],[-60.88914,14.63281],[-60.88936,14.63293],[-60.88959,14.63311],[-60.88994,14.6334],[-60.88987,14.63354],[-60.88988,14.63368]]],[[[-60.8843,14.63298],[-60.88416,14.63303],[-60.88399,14.63299],[-60.88381,14.63278],[-60.88381,14.63269],[-60.88388,14.63256],[-60.88396,14.63251],[-60.88409,14.63255],[-60.8843,14.63253],[-60.88462,14.63265],[-60.88446,14.63285],[-60.8843,14.63298]]]]}},{"type":"Feature","properties":{"nom":"Grand'Rivière","code":"97211"},"geometry":{"type":"Polygon","coordinates":[[[-61.16652,14.81738],[-61.16669,14.81736],[-61.16718,14.81743],[-61.16743,14.81743],[-61.16754,14.81756],[-61.16766,14.81753],[-61.16781,14.81744],[-61.16807,14.81735],[-61.16836,14.81713],[-61.16857,14.81704],[-61.16872,14.81704],[-61.16882,14.81695],[-61.16909,14.81696],[-61.16931,14.81692],[-61.16954,14.81697],[-61.16969,14.81707],[-61.16998,14.81744],[-61.17015,14.81759],[-61.17048,14.81775],[-61.1708,14.81787],[-61.171,14.81792],[-61.17107,14.81798],[-61.17137,14.81837],[-61.1714,14.81845],[-61.17144,14.81897],[-61.17198,14.81926],[-61.17206,14.81935],[-61.17244,14.81992],[-61.17268,14.82031],[-61.173,14.82095],[-61.17304,14.82107],[-61.17318,14.82134],[-61.17343,14.822],[-61.17354,14.82217],[-61.1739,14.82233],[-61.17408,14.82237],[-61.17434,14.82238],[-61.17472,14.8225],[-61.17489,14.82269],[-61.17504,14.82279],[-61.17516,14.82294],[-61.17551,14.82317],[-61.17577,14.8233],[-61.17588,14.82338],[-61.17608,14.82329],[-61.17648,14.82316],[-61.17693,14.82313],[-61.17743,14.82323],[-61.17765,14.82326],[-61.17794,14.82334],[-61.17843,14.823],[-61.1788,14.8228],[-61.17902,14.82273],[-61.17972,14.82406],[-61.18101,14.82423],[-61.18197,14.8253],[-61.18294,14.82577],[-61.18306,14.82607],[-61.18426,14.82662],[-61.18466,14.82815],[-61.18447,14.82926],[-61.18439,14.83023],[-61.18549,14.83172],[-61.18569,14.83189],[-61.18605,14.83211],[-61.18632,14.83223],[-61.18678,14.83238],[-61.187,14.83237],[-61.18703,14.83218],[-61.18711,14.83196],[-61.18721,14.83177],[-61.18733,14.83161],[-61.1875,14.83148],[-61.18784,14.83131],[-61.1882,14.83116],[-61.18966,14.83216],[-61.18983,14.83212],[-61.19007,14.83203],[-61.19053,14.83192],[-61.19104,14.83193],[-61.19172,14.83207],[-61.19156,14.83243],[-61.19144,14.83282],[-61.19118,14.83344],[-61.191,14.83386],[-61.19069,14.83445],[-61.19044,14.83488],[-61.19005,14.83544],[-61.18997,14.83559],[-61.19044,14.83691],[-61.19072,14.83734],[-61.19091,14.83773],[-61.19104,14.83817],[-61.19109,14.83839],[-61.19112,14.83882],[-61.19116,14.83902],[-61.19073,14.83934],[-61.19063,14.83949],[-61.1906,14.8399],[-61.19055,14.84011],[-61.19031,14.84064],[-61.18997,14.8415],[-61.18988,14.84245],[-61.18985,14.84275],[-61.18981,14.84307],[-61.18968,14.84432],[-61.19124,14.84574],[-61.19252,14.84631],[-61.19387,14.84653],[-61.1944,14.84693],[-61.19455,14.84711],[-61.19463,14.84734],[-61.19467,14.84761],[-61.19471,14.84803],[-61.19463,14.84841],[-61.19494,14.84917],[-61.19598,14.84972],[-61.19739,14.85117],[-61.19803,14.85187],[-61.19821,14.85202],[-61.19834,14.85219],[-61.19876,14.8526],[-61.19895,14.85267],[-61.19915,14.85267],[-61.19934,14.85274],[-61.19945,14.85291],[-61.19959,14.8532],[-61.19972,14.85339],[-61.2,14.85367],[-61.20033,14.85392],[-61.20063,14.85413],[-61.20076,14.85426],[-61.20099,14.85459],[-61.20125,14.85515],[-61.2013,14.85547],[-61.20115,14.85593],[-61.20106,14.85609],[-61.20086,14.85625],[-61.20073,14.85644],[-61.20065,14.85671],[-61.20063,14.85702],[-61.20065,14.85725],[-61.20078,14.85758],[-61.20085,14.85771],[-61.20106,14.85789],[-61.20151,14.85813],[-61.20193,14.85826],[-61.20222,14.85831],[-61.20241,14.85836],[-61.20276,14.8585],[-61.20291,14.85853],[-61.20309,14.85862],[-61.2031,14.8588],[-61.20287,14.85916],[-61.2028,14.85939],[-61.20285,14.85956],[-61.20305,14.85976],[-61.20334,14.85999],[-61.20356,14.86028],[-61.20367,14.86053],[-61.20362,14.86066],[-61.20355,14.86104],[-61.20365,14.86141],[-61.20405,14.8617],[-61.2039,14.86177],[-61.20356,14.86183],[-61.20325,14.86193],[-61.2032,14.86207],[-61.20342,14.86211],[-61.20335,14.86226],[-61.20321,14.86236],[-61.20272,14.8621],[-61.20259,14.86209],[-61.20237,14.86217],[-61.20199,14.8622],[-61.20159,14.86226],[-61.20131,14.86237],[-61.20123,14.86236],[-61.20107,14.86246],[-61.20086,14.86254],[-61.20079,14.86269],[-61.20031,14.86292],[-61.20004,14.86299],[-61.19969,14.86314],[-61.19957,14.86318],[-61.19954,14.86324],[-61.1994,14.86332],[-61.19924,14.86333],[-61.19889,14.86349],[-61.1988,14.86348],[-61.19861,14.86354],[-61.19828,14.86353],[-61.19781,14.86372],[-61.19755,14.86372],[-61.19701,14.86379],[-61.19676,14.86392],[-61.19666,14.86418],[-61.19658,14.86425],[-61.19635,14.86434],[-61.19626,14.86448],[-61.19614,14.86445],[-61.19599,14.8643],[-61.19583,14.86429],[-61.19564,14.86437],[-61.19548,14.8644],[-61.19496,14.86466],[-61.19483,14.86482],[-61.19469,14.8649],[-61.19454,14.86512],[-61.19456,14.86523],[-61.19436,14.86538],[-61.19414,14.86561],[-61.19401,14.86587],[-61.19396,14.86611],[-61.19381,14.86621],[-61.19382,14.86648],[-61.19375,14.8667],[-61.19361,14.86688],[-61.19347,14.86695],[-61.19348,14.86702],[-61.19362,14.86714],[-61.19351,14.86729],[-61.19344,14.86753],[-61.19338,14.86754],[-61.19323,14.86739],[-61.19316,14.86726],[-61.19303,14.86718],[-61.19274,14.86677],[-61.19249,14.86669],[-61.19199,14.86701],[-61.19181,14.86723],[-61.19166,14.86726],[-61.19156,14.86718],[-61.19148,14.86719],[-61.19134,14.86712],[-61.19112,14.8672],[-61.19078,14.86716],[-61.19029,14.86753],[-61.19018,14.8675],[-61.18995,14.86763],[-61.18984,14.86775],[-61.18982,14.86783],[-61.18969,14.86788],[-61.1895,14.86784],[-61.18933,14.86791],[-61.18925,14.86802],[-61.18895,14.86812],[-61.18878,14.86821],[-61.18846,14.8682],[-61.18836,14.86817],[-61.18812,14.86819],[-61.18806,14.86823],[-61.18779,14.86828],[-61.18757,14.86841],[-61.18739,14.86862],[-61.18727,14.86888],[-61.18716,14.86899],[-61.18697,14.86928],[-61.18686,14.86949],[-61.18679,14.86971],[-61.18662,14.86994],[-61.18659,14.87004],[-61.18626,14.8701],[-61.18622,14.87005],[-61.18597,14.86992],[-61.18556,14.86986],[-61.18529,14.86992],[-61.18496,14.87001],[-61.18472,14.87021],[-61.18465,14.87034],[-61.18453,14.87043],[-61.18396,14.87067],[-61.18377,14.87079],[-61.1835,14.87082],[-61.18342,14.8709],[-61.18328,14.8709],[-61.18317,14.87104],[-61.18301,14.8711],[-61.18283,14.87131],[-61.18263,14.87144],[-61.18253,14.87156],[-61.18254,14.87179],[-61.18248,14.87213],[-61.18224,14.87274],[-61.18228,14.8729],[-61.18219,14.87291],[-61.18217,14.87277],[-61.18203,14.87294],[-61.18191,14.87365],[-61.18087,14.87441],[-61.18121,14.87485],[-61.18145,14.87476],[-61.1824,14.87428],[-61.1827,14.87399],[-61.18317,14.87356],[-61.18324,14.87341],[-61.18334,14.87334],[-61.18343,14.87336],[-61.18352,14.87351],[-61.18341,14.87364],[-61.18261,14.87436],[-61.18238,14.87451],[-61.18191,14.87475],[-61.18143,14.87498],[-61.18097,14.87505],[-61.18055,14.87506],[-61.18032,14.87493],[-61.18015,14.87493],[-61.17987,14.87505],[-61.17971,14.87505],[-61.17955,14.87497],[-61.17943,14.87499],[-61.17922,14.87495],[-61.17885,14.87477],[-61.17866,14.87467],[-61.17866,14.87446],[-61.17842,14.87436],[-61.17835,14.87444],[-61.17819,14.87446],[-61.1778,14.8743],[-61.17729,14.87416],[-61.17716,14.8741],[-61.17683,14.87406],[-61.1766,14.87401],[-61.17634,14.87399],[-61.1758,14.87403],[-61.17528,14.87415],[-61.17457,14.87438],[-61.17421,14.87446],[-61.17396,14.87455],[-61.17339,14.87481],[-61.17293,14.87504],[-61.17268,14.87514],[-61.17217,14.87539],[-61.17166,14.87568],[-61.17129,14.87597],[-61.17106,14.87607],[-61.17025,14.87629],[-61.16966,14.87638],[-61.16871,14.87636],[-61.16857,14.87634],[-61.16815,14.87625],[-61.16783,14.87625],[-61.16738,14.87633],[-61.16716,14.87643],[-61.16665,14.87674],[-61.16633,14.87696],[-61.16619,14.87702],[-61.1661,14.87684],[-61.16643,14.87622],[-61.1666,14.87605],[-61.16663,14.87594],[-61.16653,14.87564],[-61.16637,14.87546],[-61.16623,14.87533],[-61.16628,14.87523],[-61.16667,14.87503],[-61.16667,14.87487],[-61.16655,14.87476],[-61.16654,14.87455],[-61.16665,14.87437],[-61.16653,14.87414],[-61.16651,14.87388],[-61.16646,14.87375],[-61.1665,14.87356],[-61.16649,14.87337],[-61.16644,14.87334],[-61.16657,14.87273],[-61.16652,14.87263],[-61.16643,14.87147],[-61.16636,14.87131],[-61.16638,14.87091],[-61.16644,14.87075],[-61.16619,14.8704],[-61.16616,14.87032],[-61.16618,14.87005],[-61.16612,14.86976],[-61.16613,14.86954],[-61.1661,14.86937],[-61.16602,14.86925],[-61.16584,14.86905],[-61.16584,14.86886],[-61.16601,14.86861],[-61.16602,14.86848],[-61.16597,14.86833],[-61.16593,14.86789],[-61.1658,14.8676],[-61.16568,14.86744],[-61.16566,14.86733],[-61.16573,14.86724],[-61.16573,14.86712],[-61.16563,14.86684],[-61.16551,14.86663],[-61.16535,14.86617],[-61.16532,14.86603],[-61.16541,14.86558],[-61.16548,14.86542],[-61.16566,14.86525],[-61.16579,14.86506],[-61.16584,14.86487],[-61.16582,14.8647],[-61.16574,14.86444],[-61.16571,14.86405],[-61.16567,14.86382],[-61.16579,14.86342],[-61.16606,14.86299],[-61.16635,14.86242],[-61.16647,14.86225],[-61.16665,14.86208],[-61.16681,14.862],[-61.16696,14.86196],[-61.16734,14.86173],[-61.16741,14.86162],[-61.16743,14.86133],[-61.16713,14.86096],[-61.16718,14.86075],[-61.16712,14.86023],[-61.16703,14.85995],[-61.1669,14.85976],[-61.16696,14.8596],[-61.16686,14.85934],[-61.16687,14.85907],[-61.16678,14.85883],[-61.16659,14.85865],[-61.16643,14.85859],[-61.16641,14.85849],[-61.16642,14.85818],[-61.16649,14.85795],[-61.16648,14.85773],[-61.16654,14.85754],[-61.16672,14.85734],[-61.16681,14.85713],[-61.16683,14.85699],[-61.16692,14.85689],[-61.16741,14.8565],[-61.16748,14.85634],[-61.16746,14.85578],[-61.1672,14.85554],[-61.16715,14.85529],[-61.16725,14.85485],[-61.16726,14.85474],[-61.1672,14.85434],[-61.16729,14.85418],[-61.16749,14.854],[-61.16756,14.85384],[-61.16755,14.85349],[-61.16744,14.85333],[-61.16719,14.85313],[-61.167,14.85289],[-61.16692,14.85268],[-61.16691,14.85252],[-61.16673,14.85233],[-61.16662,14.85217],[-61.16662,14.85206],[-61.16669,14.85183],[-61.16666,14.85152],[-61.16654,14.8514],[-61.16642,14.85137],[-61.16615,14.85084],[-61.16626,14.85062],[-61.16623,14.85037],[-61.16598,14.85024],[-61.16591,14.85013],[-61.16587,14.84999],[-61.16593,14.8498],[-61.16591,14.84956],[-61.16585,14.84949],[-61.16589,14.8493],[-61.16583,14.8492],[-61.16584,14.8491],[-61.16572,14.84903],[-61.16575,14.84874],[-61.16558,14.8482],[-61.16558,14.84796],[-61.16542,14.84779],[-61.16545,14.84749],[-61.16539,14.84726],[-61.16519,14.84695],[-61.16515,14.84662],[-61.16521,14.84647],[-61.16516,14.84633],[-61.16521,14.84606],[-61.16526,14.8456],[-61.16491,14.84557],[-61.165,14.84538],[-61.16514,14.8449],[-61.16518,14.84467],[-61.1652,14.84443],[-61.16517,14.84406],[-61.16511,14.84383],[-61.16494,14.84362],[-61.16479,14.8432],[-61.16481,14.84262],[-61.16494,14.84246],[-61.16497,14.84215],[-61.16494,14.84203],[-61.16325,14.84151],[-61.16355,14.84128],[-61.16364,14.84119],[-61.16369,14.84103],[-61.16379,14.84087],[-61.16389,14.84055],[-61.164,14.84032],[-61.16435,14.83982],[-61.16453,14.83947],[-61.16462,14.83918],[-61.16463,14.83895],[-61.16455,14.83829],[-61.16454,14.83784],[-61.16459,14.83748],[-61.16458,14.83724],[-61.16443,14.83704],[-61.1643,14.83693],[-61.16413,14.83684],[-61.16392,14.83678],[-61.16362,14.83673],[-61.16351,14.83659],[-61.16345,14.83644],[-61.16353,14.83622],[-61.16366,14.83602],[-61.16384,14.83589],[-61.16392,14.83567],[-61.16395,14.8352],[-61.16405,14.83477],[-61.16393,14.83398],[-61.16398,14.8337],[-61.16397,14.83333],[-61.16415,14.83306],[-61.16426,14.83266],[-61.16435,14.83202],[-61.16444,14.83198],[-61.16445,14.8318],[-61.16461,14.83158],[-61.1647,14.83135],[-61.16474,14.83117],[-61.16485,14.83086],[-61.16492,14.83075],[-61.16486,14.83066],[-61.16499,14.8298],[-61.16514,14.82945],[-61.16531,14.82917],[-61.16582,14.82888],[-61.16596,14.82869],[-61.16605,14.8285],[-61.16609,14.82804],[-61.1661,14.82772],[-61.16612,14.82737],[-61.16607,14.8272],[-61.16612,14.82702],[-61.16608,14.82671],[-61.16608,14.82653],[-61.16599,14.82629],[-61.16595,14.82612],[-61.16583,14.82578],[-61.16564,14.82555],[-61.1656,14.82535],[-61.16551,14.82508],[-61.16555,14.82487],[-61.16564,14.82473],[-61.16565,14.82451],[-61.16557,14.82439],[-61.1656,14.82413],[-61.16545,14.82392],[-61.16544,14.82378],[-61.16537,14.82363],[-61.16532,14.82338],[-61.1653,14.82297],[-61.16526,14.82281],[-61.16526,14.82265],[-61.16511,14.82225],[-61.16514,14.82195],[-61.1651,14.82187],[-61.16517,14.82168],[-61.16517,14.82153],[-61.16538,14.8212],[-61.16555,14.82105],[-61.16566,14.82085],[-61.16564,14.82064],[-61.16569,14.82026],[-61.16593,14.81976],[-61.16591,14.81965],[-61.16598,14.81916],[-61.16595,14.81893],[-61.16605,14.81892],[-61.16611,14.81883],[-61.16612,14.81872],[-61.16625,14.81854],[-61.16627,14.81846],[-61.16639,14.81835],[-61.16647,14.81816],[-61.16647,14.81805],[-61.16658,14.81788],[-61.16659,14.81775],[-61.16653,14.81756],[-61.16652,14.81738]]]}},{"type":"Feature","properties":{"nom":"Gros-Morne","code":"97212"},"geometry":{"type":"Polygon","coordinates":[[[-60.97723,14.69808],[-60.9776,14.69695],[-60.97773,14.69666],[-60.97781,14.69661],[-60.97869,14.69455],[-60.97875,14.69446],[-60.97885,14.69419],[-60.97968,14.69221],[-60.97961,14.69212],[-60.97983,14.69195],[-60.98,14.69171],[-60.98277,14.69277],[-60.98303,14.69205],[-60.98321,14.6917],[-60.98305,14.69161],[-60.98354,14.69044],[-60.98446,14.69089],[-60.98478,14.68989],[-60.98511,14.68997],[-60.98589,14.69031],[-60.98612,14.69035],[-60.98729,14.69076],[-60.98874,14.68898],[-60.989,14.68909],[-60.98916,14.68885],[-60.98952,14.68833],[-60.98897,14.68802],[-60.98871,14.68785],[-60.98738,14.68709],[-60.98793,14.68645],[-60.98899,14.68517],[-60.98911,14.68506],[-60.98911,14.68497],[-60.98924,14.68466],[-60.98941,14.68432],[-60.98961,14.68379],[-60.98934,14.68368],[-60.98959,14.68338],[-60.98964,14.68328],[-60.98974,14.68321],[-60.99006,14.68318],[-60.99031,14.68303],[-60.99045,14.68308],[-60.9906,14.68305],[-60.99083,14.6829],[-60.99096,14.68266],[-60.99125,14.6824],[-60.99136,14.68221],[-60.99135,14.68191],[-60.99138,14.68174],[-60.99134,14.68124],[-60.99123,14.68114],[-60.99111,14.68122],[-60.99104,14.68139],[-60.99102,14.68167],[-60.99098,14.68178],[-60.99085,14.68196],[-60.99062,14.68214],[-60.99053,14.68217],[-60.99037,14.68206],[-60.99032,14.68188],[-60.99032,14.68175],[-60.99038,14.68163],[-60.99048,14.68117],[-60.99049,14.68107],[-60.99039,14.68061],[-60.99013,14.68055],[-60.98994,14.68047],[-60.98991,14.68032],[-60.98999,14.68019],[-60.99027,14.68002],[-60.99045,14.67989],[-60.99063,14.67971],[-60.99064,14.67964],[-60.99047,14.67936],[-60.99057,14.67927],[-60.99071,14.67936],[-60.99092,14.67972],[-60.99161,14.67996],[-60.99363,14.68056],[-60.99389,14.67958],[-60.99368,14.67946],[-60.99367,14.67923],[-60.99353,14.67883],[-60.99329,14.67867],[-60.99318,14.67852],[-60.99304,14.67809],[-60.9931,14.67801],[-60.9934,14.67807],[-60.99348,14.67806],[-60.99377,14.67779],[-60.99374,14.67769],[-60.99379,14.67753],[-60.99369,14.6773],[-60.99343,14.67695],[-60.99313,14.67688],[-60.99304,14.67699],[-60.99295,14.67727],[-60.99284,14.67729],[-60.99269,14.67716],[-60.99241,14.67683],[-60.99233,14.67669],[-60.99231,14.67645],[-60.9924,14.67626],[-60.99248,14.67621],[-60.99264,14.67618],[-60.99277,14.6762],[-60.99298,14.6763],[-60.99308,14.67631],[-60.99339,14.67621],[-60.99377,14.67594],[-60.99382,14.67583],[-60.9938,14.67571],[-60.99361,14.67557],[-60.99318,14.67558],[-60.99308,14.67555],[-60.99295,14.6754],[-60.99292,14.67521],[-60.99297,14.67503],[-60.99307,14.67491],[-60.99332,14.67486],[-60.99359,14.67506],[-60.99367,14.67503],[-60.99377,14.67487],[-60.99385,14.67469],[-60.994,14.67443],[-60.99402,14.67424],[-60.99395,14.67404],[-60.99388,14.67396],[-60.99373,14.67395],[-60.99348,14.67397],[-60.99344,14.67391],[-60.99374,14.6735],[-60.99383,14.67331],[-60.99397,14.67328],[-60.99415,14.67313],[-60.99448,14.67303],[-60.99453,14.67378],[-60.99449,14.67404],[-60.99439,14.67428],[-60.99436,14.67448],[-60.9945,14.6748],[-60.99459,14.67489],[-60.99477,14.67493],[-60.99493,14.67489],[-60.9951,14.67479],[-60.99525,14.67478],[-60.99553,14.67481],[-60.99604,14.67497],[-60.99626,14.67512],[-60.99638,14.67529],[-60.99636,14.67548],[-60.99606,14.67581],[-60.99586,14.67607],[-60.99588,14.67621],[-60.99597,14.67628],[-60.99616,14.67632],[-60.9973,14.67663],[-60.99757,14.67662],[-60.99784,14.67654],[-60.998,14.67662],[-60.99811,14.67675],[-60.99817,14.67716],[-60.99824,14.67736],[-60.9985,14.67762],[-60.99877,14.67779],[-60.99919,14.67788],[-61.00027,14.67794],[-61.00065,14.67807],[-61.00079,14.67821],[-61.00082,14.67836],[-61.00076,14.67909],[-61.00082,14.67935],[-61.00089,14.67952],[-61.00107,14.67966],[-61.00134,14.67972],[-61.00165,14.6797],[-61.00184,14.6796],[-61.00191,14.67951],[-61.00194,14.67936],[-61.00192,14.67916],[-61.00184,14.67901],[-61.0015,14.67877],[-61.00136,14.67864],[-61.0013,14.6783],[-61.00138,14.67799],[-61.00152,14.67786],[-61.00164,14.67786],[-61.00186,14.67797],[-61.00206,14.678],[-61.00218,14.67798],[-61.00244,14.67763],[-61.00284,14.67701],[-61.00297,14.67692],[-61.00306,14.67692],[-61.00325,14.67701],[-61.0037,14.67742],[-61.00395,14.67771],[-61.0041,14.67798],[-61.00409,14.67839],[-61.00393,14.67873],[-61.00393,14.67895],[-61.00397,14.6791],[-61.00433,14.67939],[-61.0048,14.67958],[-61.005,14.67964],[-61.00517,14.67962],[-61.00533,14.67951],[-61.00549,14.6793],[-61.00568,14.67921],[-61.00591,14.67919],[-61.00613,14.67923],[-61.00621,14.67929],[-61.00647,14.68029],[-61.00658,14.68048],[-61.00675,14.68061],[-61.00697,14.68065],[-61.00719,14.68053],[-61.0074,14.68026],[-61.00764,14.68],[-61.00786,14.67983],[-61.00812,14.67974],[-61.00844,14.6797],[-61.00886,14.6797],[-61.00911,14.67973],[-61.0093,14.6798],[-61.00948,14.6799],[-61.00962,14.68006],[-61.00983,14.68048],[-61.01005,14.68066],[-61.0101,14.68078],[-61.01008,14.68087],[-61.00992,14.68098],[-61.00953,14.68099],[-61.00897,14.68087],[-61.00881,14.68087],[-61.00874,14.68094],[-61.00864,14.68138],[-61.00864,14.68168],[-61.00873,14.68188],[-61.00887,14.68197],[-61.00915,14.68199],[-61.00925,14.68203],[-61.00945,14.68225],[-61.00968,14.6827],[-61.00966,14.68286],[-61.00938,14.68346],[-61.00936,14.6836],[-61.0095,14.6837],[-61.00986,14.68373],[-61.01001,14.6838],[-61.0101,14.68389],[-61.01019,14.68413],[-61.01039,14.68433],[-61.01064,14.68444],[-61.01085,14.68446],[-61.01102,14.68437],[-61.01113,14.68423],[-61.01132,14.68378],[-61.0114,14.68362],[-61.01154,14.68359],[-61.01175,14.68367],[-61.01194,14.68379],[-61.01208,14.68397],[-61.01214,14.68412],[-61.01215,14.6843],[-61.01211,14.6844],[-61.01234,14.68458],[-61.01254,14.68477],[-61.01263,14.68482],[-61.0129,14.6848],[-61.01306,14.68475],[-61.01342,14.68469],[-61.01359,14.68497],[-61.01376,14.6854],[-61.01393,14.6854],[-61.01409,14.6853],[-61.01419,14.68529],[-61.01438,14.68537],[-61.0145,14.68534],[-61.01465,14.68517],[-61.01478,14.68509],[-61.01481,14.68478],[-61.01505,14.68467],[-61.01524,14.68466],[-61.01588,14.68485],[-61.01581,14.68504],[-61.01588,14.6851],[-61.01652,14.68501],[-61.01664,14.68535],[-61.01684,14.68568],[-61.01697,14.68582],[-61.01794,14.68765],[-61.01897,14.68907],[-61.02043,14.69056],[-61.02032,14.69099],[-61.02037,14.69118],[-61.02068,14.6911],[-61.02083,14.69084],[-61.02096,14.69081],[-61.02134,14.69081],[-61.02139,14.69066],[-61.02224,14.69097],[-61.02264,14.69132],[-61.02264,14.69169],[-61.02376,14.69193],[-61.02374,14.69207],[-61.0248,14.69358],[-61.02693,14.69422],[-61.02788,14.69326],[-61.02956,14.69322],[-61.02966,14.69345],[-61.02938,14.69486],[-61.02997,14.6952],[-61.03047,14.6958],[-61.03121,14.6962],[-61.0322,14.69631],[-61.03185,14.69757],[-61.03287,14.69712],[-61.03424,14.69589],[-61.035,14.69521],[-61.0354,14.69488],[-61.03611,14.69358],[-61.03642,14.69374],[-61.03663,14.6938],[-61.03675,14.69394],[-61.03686,14.69396],[-61.0371,14.69393],[-61.03731,14.69412],[-61.03757,14.69424],[-61.03773,14.69423],[-61.03787,14.69435],[-61.038,14.69439],[-61.03817,14.69435],[-61.03832,14.6944],[-61.0387,14.69442],[-61.03889,14.69452],[-61.03909,14.69459],[-61.03939,14.69473],[-61.03965,14.69488],[-61.03987,14.69495],[-61.0417,14.69567],[-61.04179,14.69573],[-61.04197,14.69577],[-61.04413,14.69653],[-61.04458,14.69666],[-61.04473,14.69675],[-61.04525,14.69758],[-61.04593,14.69864],[-61.04614,14.69893],[-61.04639,14.69938],[-61.04703,14.7004],[-61.04754,14.70101],[-61.04765,14.70123],[-61.04775,14.70137],[-61.04805,14.70165],[-61.04977,14.69928],[-61.05104,14.69994],[-61.05132,14.7001],[-61.05169,14.70014],[-61.05192,14.7002],[-61.05248,14.70039],[-61.05283,14.70055],[-61.05318,14.70076],[-61.05335,14.70092],[-61.05357,14.70169],[-61.05453,14.70125],[-61.05471,14.70194],[-61.05525,14.70192],[-61.05602,14.70203],[-61.05669,14.70198],[-61.05719,14.70226],[-61.05728,14.70236],[-61.05753,14.70257],[-61.05781,14.70273],[-61.05796,14.70277],[-61.05807,14.7029],[-61.05809,14.70304],[-61.05819,14.70319],[-61.0584,14.70325],[-61.05851,14.70336],[-61.05851,14.70361],[-61.0588,14.70385],[-61.05915,14.70407],[-61.05942,14.70414],[-61.05958,14.70413],[-61.05974,14.70407],[-61.06,14.70414],[-61.06009,14.70411],[-61.06041,14.70392],[-61.06062,14.70391],[-61.06075,14.704],[-61.06088,14.70417],[-61.06099,14.70428],[-61.06136,14.70441],[-61.06157,14.70455],[-61.06189,14.705],[-61.06216,14.70527],[-61.06283,14.70561],[-61.06299,14.70566],[-61.06343,14.70563],[-61.06376,14.70567],[-61.06461,14.70605],[-61.06497,14.70627],[-61.06509,14.70637],[-61.06535,14.70655],[-61.06584,14.70672],[-61.06656,14.70713],[-61.0667,14.70726],[-61.06685,14.70731],[-61.06721,14.70763],[-61.06746,14.7077],[-61.06782,14.70806],[-61.0682,14.70834],[-61.06824,14.70841],[-61.0684,14.70851],[-61.06849,14.70888],[-61.06863,14.70898],[-61.06865,14.70917],[-61.06871,14.70933],[-61.06897,14.70969],[-61.06911,14.70986],[-61.06929,14.70989],[-61.06945,14.70999],[-61.06961,14.71017],[-61.06984,14.71058],[-61.0701,14.71078],[-61.07019,14.71091],[-61.07163,14.7106],[-61.07213,14.71075],[-61.07232,14.71112],[-61.07242,14.7113],[-61.07266,14.71165],[-61.07285,14.71183],[-61.07309,14.71199],[-61.07328,14.712],[-61.07356,14.71219],[-61.07387,14.71258],[-61.07471,14.71278],[-61.07492,14.713],[-61.07511,14.71331],[-61.07529,14.71374],[-61.07589,14.71388],[-61.0762,14.71402],[-61.07837,14.71585],[-61.07913,14.71767],[-61.07995,14.71795],[-61.08005,14.71812],[-61.08018,14.71842],[-61.08021,14.71867],[-61.08037,14.71893],[-61.08048,14.71922],[-61.08116,14.71974],[-61.08134,14.7199],[-61.08143,14.72002],[-61.08162,14.72035],[-61.08171,14.72045],[-61.08212,14.72075],[-61.08235,14.72112],[-61.08235,14.72134],[-61.0827,14.7218],[-61.08292,14.72205],[-61.08308,14.72214],[-61.08336,14.72234],[-61.08387,14.72256],[-61.08399,14.72266],[-61.0843,14.72273],[-61.08442,14.72292],[-61.08433,14.72304],[-61.0844,14.72321],[-61.08451,14.72342],[-61.0846,14.72378],[-61.08477,14.72405],[-61.0848,14.7243],[-61.08485,14.72451],[-61.08482,14.72469],[-61.08465,14.72491],[-61.08438,14.72493],[-61.08423,14.72497],[-61.08404,14.72506],[-61.08382,14.72513],[-61.08359,14.72512],[-61.08331,14.72526],[-61.08299,14.72532],[-61.08228,14.72536],[-61.08203,14.72544],[-61.0817,14.72565],[-61.08135,14.72574],[-61.08087,14.72566],[-61.08066,14.72567],[-61.08035,14.72593],[-61.0801,14.72631],[-61.07968,14.7267],[-61.07955,14.72687],[-61.07944,14.72694],[-61.07924,14.72698],[-61.07879,14.72714],[-61.07858,14.72733],[-61.07854,14.72742],[-61.07846,14.7279],[-61.0783,14.72819],[-61.07805,14.72838],[-61.07798,14.72857],[-61.07778,14.72862],[-61.07637,14.72877],[-61.07606,14.72875],[-61.07542,14.72832],[-61.07424,14.72891],[-61.07346,14.72952],[-61.07202,14.73076],[-61.07184,14.731],[-61.07165,14.73118],[-61.0713,14.7312],[-61.07091,14.73136],[-61.07075,14.7313],[-61.07059,14.73131],[-61.07045,14.73141],[-61.07027,14.73159],[-61.07003,14.73171],[-61.06988,14.73182],[-61.06977,14.73205],[-61.06964,14.73265],[-61.06966,14.73307],[-61.06959,14.73322],[-61.06946,14.7333],[-61.06927,14.73331],[-61.06914,14.73325],[-61.06877,14.73304],[-61.06858,14.73307],[-61.0684,14.73319],[-61.0682,14.73327],[-61.06788,14.7333],[-61.06777,14.73333],[-61.06765,14.73344],[-61.06752,14.73378],[-61.06731,14.73412],[-61.06686,14.73468],[-61.06676,14.73481],[-61.0666,14.73513],[-61.06639,14.73526],[-61.06631,14.73538],[-61.06627,14.73554],[-61.06614,14.73566],[-61.06594,14.73563],[-61.06584,14.73569],[-61.0656,14.73592],[-61.06551,14.73597],[-61.06522,14.73591],[-61.06489,14.73599],[-61.06459,14.73594],[-61.06428,14.73598],[-61.06401,14.73596],[-61.0639,14.73593],[-61.06354,14.73577],[-61.06337,14.73574],[-61.06303,14.73563],[-61.06262,14.73557],[-61.06219,14.73576],[-61.06204,14.73576],[-61.0616,14.73586],[-61.06117,14.73608],[-61.0609,14.7363],[-61.06032,14.73659],[-61.05997,14.73671],[-61.05953,14.73675],[-61.059,14.73667],[-61.05879,14.73657],[-61.05857,14.7366],[-61.05835,14.73685],[-61.05808,14.73725],[-61.05789,14.73739],[-61.05765,14.7375],[-61.05741,14.73743],[-61.05722,14.73749],[-61.05698,14.73749],[-61.05604,14.73757],[-61.05592,14.73761],[-61.05555,14.73787],[-61.05534,14.73799],[-61.05503,14.73814],[-61.05447,14.73846],[-61.05431,14.73863],[-61.0542,14.73884],[-61.05414,14.73934],[-61.05403,14.74006],[-61.05406,14.74071],[-61.05406,14.7409],[-61.0537,14.74131],[-61.05356,14.7418],[-61.0534,14.74225],[-61.0532,14.7424],[-61.05302,14.74262],[-61.05289,14.74283],[-61.05264,14.74302],[-61.05257,14.74312],[-61.05253,14.74335],[-61.05244,14.74359],[-61.05239,14.74383],[-61.05229,14.74368],[-61.05219,14.74359],[-61.05196,14.74352],[-61.05143,14.74356],[-61.05099,14.74365],[-61.05088,14.74366],[-61.05044,14.74356],[-61.05024,14.74346],[-61.05011,14.74332],[-61.05002,14.74326],[-61.04972,14.74316],[-61.0488,14.7428],[-61.0487,14.74279],[-61.04823,14.74259],[-61.04814,14.74258],[-61.04864,14.74217],[-61.04565,14.74147],[-61.04527,14.74133],[-61.04507,14.74129],[-61.04382,14.74099],[-61.04348,14.74099],[-61.04306,14.74094],[-61.04297,14.74085],[-61.0428,14.74085],[-61.04244,14.74071],[-61.04175,14.74053],[-61.03977,14.74041],[-61.0394,14.74032],[-61.0393,14.74035],[-61.03897,14.74035],[-61.0369,14.74022],[-61.03694,14.73989],[-61.03703,14.73969],[-61.03678,14.73973],[-61.03654,14.73973],[-61.03593,14.73986],[-61.03538,14.73996],[-61.03508,14.73965],[-61.03495,14.73955],[-61.03475,14.73934],[-61.03451,14.73918],[-61.03371,14.73843],[-61.03354,14.73831],[-61.03324,14.73803],[-61.03298,14.7378],[-61.03277,14.7376],[-61.03222,14.73715],[-61.03197,14.7369],[-61.03166,14.73668],[-61.03145,14.73632],[-61.03128,14.73621],[-61.03102,14.73593],[-61.03084,14.73585],[-61.03075,14.73576],[-61.03068,14.73554],[-61.03054,14.73544],[-61.03026,14.73507],[-61.03013,14.73537],[-61.02994,14.7356],[-61.02967,14.73565],[-61.02934,14.73574],[-61.02917,14.73574],[-61.02865,14.73554],[-61.02857,14.73543],[-61.02854,14.73528],[-61.02836,14.73512],[-61.02829,14.73502],[-61.02822,14.73478],[-61.02813,14.73472],[-61.02806,14.73476],[-61.028,14.73499],[-61.02792,14.73512],[-61.0278,14.73518],[-61.02772,14.73529],[-61.02767,14.73545],[-61.02758,14.73542],[-61.02749,14.73526],[-61.02739,14.73514],[-61.02717,14.73514],[-61.02706,14.73508],[-61.027,14.73494],[-61.0269,14.73485],[-61.02636,14.73483],[-61.02597,14.73486],[-61.02548,14.73482],[-61.02527,14.73488],[-61.02521,14.73473],[-61.02509,14.73457],[-61.02489,14.73443],[-61.02475,14.7345],[-61.02473,14.7347],[-61.02457,14.73475],[-61.02428,14.73468],[-61.02418,14.7347],[-61.02403,14.73482],[-61.0239,14.73488],[-61.02371,14.73488],[-61.02344,14.73478],[-61.02313,14.7347],[-61.02297,14.73472],[-61.02277,14.73504],[-61.02267,14.73517],[-61.02249,14.73532],[-61.02235,14.73538],[-61.02208,14.73538],[-61.02195,14.73542],[-61.02188,14.73528],[-61.0217,14.73506],[-61.02123,14.73471],[-61.02105,14.73455],[-61.02054,14.73392],[-61.02045,14.73383],[-61.01977,14.73382],[-61.01941,14.73386],[-61.01936,14.73383],[-61.01921,14.73349],[-61.01915,14.7334],[-61.0181,14.73328],[-61.01778,14.73326],[-61.01738,14.73335],[-61.01698,14.73346],[-61.01683,14.73354],[-61.0162,14.733],[-61.01628,14.73207],[-61.01576,14.73183],[-61.01547,14.73124],[-61.01516,14.73076],[-61.01425,14.72982],[-61.01413,14.72971],[-61.01387,14.72965],[-61.01356,14.7296],[-61.01333,14.72968],[-61.01323,14.72978],[-61.01315,14.72995],[-61.01308,14.72999],[-61.01282,14.72998],[-61.01246,14.7301],[-61.01239,14.73019],[-61.01224,14.73048],[-61.01187,14.73066],[-61.01159,14.73104],[-61.01105,14.73105],[-61.01062,14.73092],[-61.01024,14.73075],[-61.00955,14.73049],[-61.0095,14.72994],[-61.00945,14.7296],[-61.00924,14.72966],[-61.00842,14.72991],[-61.00818,14.72992],[-61.008,14.73],[-61.00785,14.73013],[-61.00777,14.72979],[-61.00774,14.72954],[-61.00771,14.72939],[-61.00715,14.72971],[-61.00697,14.72973],[-61.00679,14.72969],[-61.00664,14.72961],[-61.00642,14.7294],[-61.00629,14.72917],[-61.00602,14.729],[-61.00574,14.72891],[-61.00537,14.72868],[-61.00513,14.72855],[-61.00504,14.72862],[-61.00503,14.72885],[-61.00496,14.72889],[-61.00474,14.72892],[-61.00444,14.72916],[-61.00435,14.72926],[-61.00418,14.72932],[-61.00367,14.72932],[-61.00354,14.72904],[-61.00345,14.72904],[-61.00318,14.72932],[-61.00303,14.72933],[-61.00284,14.72901],[-61.00275,14.72898],[-61.00265,14.72903],[-61.00258,14.72886],[-61.00224,14.72882],[-61.00123,14.72875],[-61.00038,14.72841],[-60.9988,14.72796],[-60.99824,14.72774],[-60.99771,14.72744],[-60.99737,14.72712],[-60.997,14.72671],[-60.99628,14.72596],[-60.99551,14.72519],[-60.99543,14.72508],[-60.99518,14.72491],[-60.9951,14.72475],[-60.99496,14.72459],[-60.99468,14.72457],[-60.99451,14.72444],[-60.99434,14.72421],[-60.99417,14.72412],[-60.99387,14.72391],[-60.99378,14.72379],[-60.99376,14.72324],[-60.99369,14.72293],[-60.99202,14.72227],[-60.99188,14.72222],[-60.99049,14.72166],[-60.98987,14.72135],[-60.98924,14.72108],[-60.98889,14.72099],[-60.98859,14.72087],[-60.98843,14.72085],[-60.98787,14.72063],[-60.98793,14.7205],[-60.98843,14.71927],[-60.98854,14.71907],[-60.98847,14.71891],[-60.9884,14.71885],[-60.98828,14.71896],[-60.98821,14.71897],[-60.98808,14.71885],[-60.98813,14.71862],[-60.9881,14.71849],[-60.98794,14.71822],[-60.98759,14.718],[-60.98746,14.71795],[-60.9871,14.7179],[-60.98704,14.71791],[-60.98683,14.71813],[-60.98669,14.7182],[-60.98652,14.718],[-60.9864,14.71798],[-60.9863,14.71803],[-60.98596,14.71832],[-60.98585,14.71833],[-60.98556,14.71814],[-60.98545,14.71804],[-60.98529,14.71778],[-60.98518,14.71753],[-60.98503,14.71677],[-60.98506,14.71645],[-60.98503,14.71631],[-60.98491,14.71598],[-60.98488,14.71574],[-60.98478,14.71532],[-60.98472,14.71518],[-60.98466,14.71493],[-60.98453,14.71471],[-60.98448,14.71453],[-60.98441,14.71396],[-60.98433,14.71381],[-60.98419,14.71367],[-60.98421,14.71358],[-60.98435,14.71355],[-60.98458,14.7136],[-60.98473,14.71356],[-60.98483,14.71337],[-60.98474,14.71317],[-60.98473,14.71301],[-60.98464,14.71275],[-60.98457,14.71263],[-60.98441,14.71252],[-60.98412,14.71252],[-60.98394,14.71242],[-60.98386,14.71244],[-60.98382,14.71261],[-60.98387,14.71293],[-60.98384,14.71302],[-60.98369,14.7131],[-60.98321,14.71313],[-60.98304,14.71317],[-60.98278,14.71309],[-60.9826,14.71307],[-60.98246,14.71291],[-60.98242,14.7126],[-60.98228,14.71231],[-60.98212,14.71218],[-60.98175,14.71219],[-60.98158,14.71212],[-60.98133,14.71195],[-60.98125,14.71194],[-60.98093,14.7121],[-60.98087,14.71216],[-60.98065,14.71217],[-60.98031,14.71207],[-60.98013,14.71205],[-60.98002,14.71208],[-60.9795,14.7107],[-60.97962,14.71061],[-60.97985,14.7105],[-60.97988,14.71044],[-60.98041,14.70985],[-60.98082,14.70945],[-60.98092,14.70927],[-60.98085,14.7086],[-60.9808,14.70832],[-60.98078,14.70806],[-60.98027,14.70762],[-60.97899,14.70648],[-60.97816,14.70578],[-60.97705,14.70521],[-60.97637,14.70484],[-60.97605,14.70469],[-60.97577,14.70452],[-60.97585,14.70414],[-60.9759,14.70396],[-60.97592,14.70205],[-60.97599,14.70149],[-60.97598,14.70077],[-60.97599,14.70048],[-60.97597,14.70033],[-60.97628,14.70026],[-60.97655,14.70012],[-60.97723,14.69808]]]}},{"type":"Feature","properties":{"nom":"Le Lamentin","code":"97213"},"geometry":{"type":"MultiPolygon","coordinates":[[[[-61.00492,14.57778],[-61.00499,14.57767],[-61.00509,14.57735],[-61.00537,14.57694],[-61.00551,14.57672],[-61.00561,14.57658],[-61.0057,14.57638],[-61.00572,14.57623],[-61.00562,14.57592],[-61.00551,14.57575],[-61.00544,14.57555],[-61.00544,14.57526],[-61.00538,14.57499],[-61.00547,14.57491],[-61.00574,14.57475],[-61.00591,14.57469],[-61.0064,14.57442],[-61.00672,14.57427],[-61.00686,14.57416],[-61.00704,14.57389],[-61.00707,14.57356],[-61.00701,14.57321],[-61.00696,14.57305],[-61.0068,14.57309],[-61.00628,14.57312],[-61.00581,14.5732],[-61.00555,14.57306],[-61.00534,14.57264],[-61.00524,14.57212],[-61.00524,14.57197],[-61.00536,14.57173],[-61.00547,14.57167],[-61.00568,14.57164],[-61.00651,14.57166],[-61.00693,14.57185],[-61.00716,14.57204],[-61.00727,14.57207],[-61.00746,14.57221],[-61.00756,14.57231],[-61.00768,14.57252],[-61.00795,14.57281],[-61.00788,14.57306],[-61.0078,14.57324],[-61.00809,14.57342],[-61.00822,14.57347],[-61.00853,14.57335],[-61.00887,14.57353],[-61.00879,14.57361],[-61.00875,14.57387],[-61.00879,14.57402],[-61.00891,14.57431],[-61.00897,14.5746],[-61.00904,14.57513],[-61.00895,14.57533],[-61.00886,14.57538],[-61.00806,14.57552],[-61.00784,14.57568],[-61.00761,14.57599],[-61.00743,14.57606],[-61.00716,14.57611],[-61.00697,14.57628],[-61.00684,14.5765],[-61.00678,14.57646],[-61.00664,14.57665],[-61.00643,14.57675],[-61.00627,14.57693],[-61.00625,14.57705],[-61.00629,14.57731],[-61.0068,14.57767],[-61.00695,14.57773],[-61.00727,14.57779],[-61.00741,14.57787],[-61.00797,14.57829],[-61.00829,14.5785],[-61.00843,14.5786],[-61.00893,14.5792],[-61.00902,14.57934],[-61.00918,14.57969],[-61.00951,14.58015],[-61.00966,14.58035],[-61.00969,14.58047],[-61.00967,14.58065],[-61.00962,14.58076],[-61.00941,14.58092],[-61.00918,14.58098],[-61.00878,14.58099],[-61.00837,14.58089],[-61.00814,14.58075],[-61.00809,14.58069],[-61.00777,14.5804],[-61.00757,14.58028],[-61.00703,14.58004],[-61.00684,14.58],[-61.0065,14.57998],[-61.00617,14.57985],[-61.00582,14.57974],[-61.00542,14.57964],[-61.00504,14.57958],[-61.00481,14.57948],[-61.00453,14.57933],[-61.00439,14.57907],[-61.00435,14.5788],[-61.00439,14.57866],[-61.00449,14.57857],[-61.00465,14.57851],[-61.00493,14.57835],[-61.005,14.57821],[-61.005,14.57805],[-61.00492,14.57778]]],[[[-61.03945,14.64265],[-61.03947,14.64306],[-61.03943,14.64363],[-61.03949,14.64419],[-61.03953,14.64487],[-61.03969,14.64556],[-61.03967,14.64564],[-61.03955,14.6457],[-61.03927,14.64566],[-61.03892,14.64565],[-61.03859,14.64566],[-61.03689,14.64552],[-61.03684,14.64554],[-61.03652,14.64554],[-61.03632,14.64556],[-61.03623,14.64569],[-61.03621,14.64609],[-61.03612,14.64618],[-61.03572,14.64621],[-61.03555,14.64625],[-61.03534,14.6462],[-61.03502,14.6462],[-61.0346,14.64626],[-61.03425,14.64632],[-61.03414,14.64703],[-61.03278,14.6472],[-61.03268,14.64687],[-61.03091,14.64745],[-61.03088,14.64753],[-61.0309,14.64786],[-61.03095,14.64805],[-61.03102,14.6487],[-61.02994,14.64874],[-61.02861,14.64881],[-61.02854,14.64859],[-61.02828,14.64829],[-61.02817,14.64814],[-61.0282,14.64794],[-61.02831,14.64776],[-61.02846,14.6476],[-61.02846,14.64753],[-61.02826,14.64737],[-61.02797,14.6473],[-61.02766,14.64752],[-61.02739,14.64763],[-61.0269,14.64793],[-61.0267,14.64811],[-61.02658,14.64828],[-61.02459,14.64968],[-61.02454,14.64959],[-61.02439,14.64903],[-61.02414,14.64922],[-61.02376,14.64952],[-61.02338,14.6498],[-61.02275,14.6503],[-61.02265,14.65035],[-61.02271,14.65066],[-61.02277,14.65082],[-61.02233,14.65095],[-61.02162,14.65114],[-61.02153,14.65066],[-61.02144,14.65034],[-61.02133,14.65034],[-61.02108,14.65043],[-61.02095,14.65044],[-61.02062,14.65035],[-61.02052,14.65036],[-61.0201,14.65048],[-61.01942,14.65091],[-61.01943,14.65111],[-61.01953,14.65121],[-61.01983,14.65131],[-61.0199,14.65139],[-61.01985,14.65158],[-61.0185,14.65209],[-61.0184,14.65179],[-61.01699,14.65253],[-61.01692,14.65123],[-61.01694,14.65109],[-61.01694,14.65063],[-61.01698,14.64965],[-61.01708,14.64959],[-61.01697,14.64934],[-61.01689,14.64921],[-61.01677,14.64911],[-61.01662,14.64902],[-61.01635,14.64892],[-61.0161,14.64901],[-61.01598,14.64912],[-61.0159,14.64927],[-61.01586,14.6495],[-61.01579,14.64974],[-61.01591,14.64998],[-61.01592,14.65008],[-61.01577,14.65034],[-61.01574,14.65047],[-61.0157,14.65081],[-61.01571,14.65109],[-61.01567,14.65123],[-61.01553,14.65142],[-61.01544,14.65178],[-61.01533,14.65218],[-61.01533,14.65233],[-61.01538,14.6526],[-61.01536,14.65273],[-61.01513,14.65296],[-61.01494,14.65325],[-61.01478,14.65336],[-61.01465,14.65334],[-61.01418,14.65334],[-61.01379,14.65357],[-61.0137,14.65352],[-61.01357,14.65352],[-61.01335,14.65358],[-61.01318,14.65372],[-61.01296,14.65364],[-61.01276,14.65376],[-61.0123,14.65393],[-61.01221,14.65417],[-61.01209,14.65433],[-61.01202,14.65465],[-61.01202,14.65477],[-61.01178,14.65509],[-61.0118,14.65525],[-61.01165,14.65528],[-61.01157,14.65503],[-61.01138,14.65505],[-61.01109,14.65516],[-61.01086,14.65533],[-61.01054,14.65583],[-61.01043,14.65592],[-61.00966,14.65631],[-61.00962,14.6562],[-61.00905,14.65646],[-61.0076,14.65709],[-61.0076,14.65712],[-61.00662,14.65758],[-61.00665,14.65768],[-61.00598,14.65797],[-61.00565,14.65789],[-61.0054,14.65795],[-61.00527,14.65789],[-61.00525,14.65767],[-61.00515,14.65757],[-61.00506,14.65756],[-61.00479,14.657],[-61.00351,14.65438],[-61.00255,14.65483],[-61.00131,14.65541],[-61.00116,14.65549],[-61.00066,14.65571],[-60.99972,14.6562],[-60.9993,14.6564],[-60.99889,14.65656],[-60.99788,14.65705],[-60.99704,14.65746],[-60.99684,14.65757],[-60.99647,14.65775],[-60.99595,14.65802],[-60.99597,14.65823],[-60.99575,14.65881],[-60.99557,14.65933],[-60.99545,14.65955],[-60.99555,14.65968],[-60.9956,14.66],[-60.99555,14.66015],[-60.99547,14.66025],[-60.99525,14.6604],[-60.99501,14.66047],[-60.99483,14.66044],[-60.99474,14.6606],[-60.99468,14.66085],[-60.99477,14.66112],[-60.99507,14.66127],[-60.99528,14.66142],[-60.99562,14.66157],[-60.99578,14.66163],[-60.99599,14.66174],[-60.99614,14.66195],[-60.99636,14.66212],[-60.99645,14.66224],[-60.99651,14.66242],[-60.99652,14.66261],[-60.99649,14.66274],[-60.99634,14.66295],[-60.99615,14.66307],[-60.99587,14.6631],[-60.99552,14.66307],[-60.99522,14.66311],[-60.99498,14.66322],[-60.99488,14.66323],[-60.99497,14.66347],[-60.99516,14.66374],[-60.99543,14.66399],[-60.9961,14.6644],[-60.99639,14.66498],[-60.99656,14.66552],[-60.99647,14.66616],[-60.99611,14.66661],[-60.99583,14.66688],[-60.99571,14.66715],[-60.99566,14.66757],[-60.99568,14.6682],[-60.99577,14.66899],[-60.99585,14.66948],[-60.99584,14.66955],[-60.99633,14.6698],[-60.99672,14.67009],[-60.99712,14.67053],[-60.9973,14.67077],[-60.99732,14.67086],[-60.99725,14.67117],[-60.99727,14.6713],[-60.99735,14.67144],[-60.99692,14.67185],[-60.99676,14.67204],[-60.99655,14.67214],[-60.99609,14.67224],[-60.99555,14.67238],[-60.99507,14.67252],[-60.9948,14.67264],[-60.99461,14.6728],[-60.99448,14.67303],[-60.99415,14.67313],[-60.99397,14.67328],[-60.99383,14.67331],[-60.99374,14.6735],[-60.99344,14.67391],[-60.99348,14.67397],[-60.99373,14.67395],[-60.99388,14.67396],[-60.99395,14.67404],[-60.99402,14.67424],[-60.994,14.67443],[-60.99385,14.67469],[-60.99377,14.67487],[-60.99367,14.67503],[-60.99359,14.67506],[-60.99332,14.67486],[-60.99307,14.67491],[-60.99297,14.67503],[-60.99292,14.67521],[-60.99295,14.6754],[-60.99308,14.67555],[-60.99318,14.67558],[-60.99361,14.67557],[-60.9938,14.67571],[-60.99382,14.67583],[-60.99377,14.67594],[-60.99339,14.67621],[-60.99308,14.67631],[-60.99298,14.6763],[-60.99277,14.6762],[-60.99264,14.67618],[-60.99248,14.67621],[-60.9924,14.67626],[-60.99231,14.67645],[-60.99233,14.67669],[-60.99241,14.67683],[-60.99269,14.67716],[-60.99284,14.67729],[-60.99295,14.67727],[-60.99304,14.67699],[-60.99313,14.67688],[-60.99343,14.67695],[-60.99369,14.6773],[-60.99379,14.67753],[-60.99374,14.67769],[-60.99377,14.67779],[-60.99348,14.67806],[-60.9934,14.67807],[-60.9931,14.67801],[-60.99304,14.67809],[-60.99318,14.67852],[-60.99329,14.67867],[-60.99353,14.67883],[-60.99367,14.67923],[-60.99368,14.67946],[-60.99389,14.67958],[-60.99363,14.68056],[-60.99161,14.67996],[-60.99092,14.67972],[-60.99071,14.67936],[-60.99057,14.67927],[-60.99047,14.67936],[-60.99064,14.67964],[-60.99063,14.67971],[-60.99045,14.67989],[-60.99027,14.68002],[-60.98999,14.68019],[-60.98991,14.68032],[-60.98994,14.68047],[-60.99013,14.68055],[-60.99039,14.68061],[-60.99049,14.68107],[-60.99048,14.68117],[-60.99038,14.68163],[-60.99032,14.68175],[-60.99032,14.68188],[-60.99037,14.68206],[-60.99053,14.68217],[-60.99062,14.68214],[-60.99085,14.68196],[-60.99098,14.68178],[-60.99102,14.68167],[-60.99104,14.68139],[-60.99111,14.68122],[-60.99123,14.68114],[-60.99134,14.68124],[-60.99138,14.68174],[-60.99135,14.68191],[-60.99136,14.68221],[-60.99125,14.6824],[-60.99096,14.68266],[-60.99083,14.6829],[-60.9906,14.68305],[-60.99045,14.68308],[-60.99031,14.68303],[-60.99006,14.68318],[-60.98974,14.68321],[-60.98964,14.68328],[-60.98959,14.68338],[-60.98934,14.68368],[-60.98902,14.68391],[-60.98875,14.68403],[-60.98859,14.68407],[-60.98777,14.68253],[-60.9874,14.68183],[-60.9857,14.67856],[-60.98576,14.67831],[-60.98416,14.67842],[-60.98397,14.67905],[-60.98389,14.67928],[-60.98363,14.67916],[-60.98334,14.67906],[-60.98331,14.67902],[-60.98311,14.679],[-60.98257,14.67885],[-60.98278,14.67857],[-60.98322,14.67781],[-60.98303,14.67763],[-60.98277,14.6775],[-60.98259,14.67746],[-60.98237,14.67752],[-60.98221,14.67766],[-60.98189,14.67786],[-60.98157,14.67837],[-60.98126,14.67823],[-60.98128,14.67804],[-60.98133,14.67785],[-60.98142,14.67772],[-60.98165,14.67749],[-60.98179,14.6773],[-60.98181,14.67718],[-60.98133,14.67639],[-60.9812,14.6763],[-60.98101,14.67623],[-60.98063,14.67604],[-60.98042,14.67597],[-60.98035,14.67584],[-60.98051,14.67557],[-60.98072,14.67519],[-60.98078,14.67496],[-60.98051,14.67487],[-60.98073,14.67444],[-60.98119,14.67373],[-60.98059,14.67336],[-60.98041,14.67321],[-60.98063,14.67277],[-60.98058,14.67243],[-60.98073,14.67166],[-60.9797,14.67179],[-60.97947,14.67169],[-60.97895,14.67166],[-60.97867,14.67167],[-60.9786,14.67163],[-60.97857,14.67142],[-60.97861,14.6712],[-60.97838,14.67117],[-60.97804,14.67059],[-60.97781,14.67029],[-60.97786,14.67011],[-60.97784,14.67002],[-60.97769,14.66987],[-60.97738,14.66983],[-60.97768,14.66955],[-60.97749,14.66931],[-60.9772,14.6693],[-60.97753,14.66731],[-60.9763,14.66733],[-60.97616,14.66714],[-60.97614,14.66705],[-60.97619,14.66665],[-60.97618,14.66636],[-60.97606,14.66625],[-60.97581,14.6663],[-60.97555,14.66623],[-60.97513,14.66608],[-60.97463,14.66595],[-60.97442,14.66592],[-60.97429,14.66583],[-60.97421,14.6655],[-60.97437,14.66549],[-60.9745,14.66553],[-60.97454,14.66489],[-60.97468,14.66382],[-60.97474,14.66334],[-60.97458,14.66315],[-60.97446,14.66306],[-60.97423,14.6631],[-60.97411,14.66304],[-60.97405,14.6629],[-60.97404,14.66273],[-60.97396,14.66248],[-60.97381,14.66244],[-60.97353,14.66251],[-60.97385,14.66212],[-60.97374,14.66201],[-60.97373,14.66183],[-60.97361,14.66169],[-60.97358,14.66147],[-60.97349,14.66124],[-60.97335,14.66117],[-60.9732,14.66097],[-60.97301,14.66085],[-60.9729,14.66063],[-60.97279,14.6605],[-60.97264,14.66044],[-60.97227,14.66047],[-60.97218,14.66053],[-60.97183,14.66069],[-60.97143,14.66092],[-60.97105,14.66103],[-60.9707,14.66107],[-60.97051,14.66115],[-60.9702,14.66152],[-60.97001,14.6617],[-60.96983,14.66157],[-60.96939,14.66137],[-60.96924,14.66125],[-60.96914,14.66113],[-60.96897,14.66112],[-60.96878,14.66107],[-60.96862,14.66088],[-60.96737,14.66119],[-60.96711,14.66108],[-60.96709,14.66102],[-60.9669,14.66092],[-60.96697,14.66082],[-60.9671,14.66053],[-60.96728,14.66028],[-60.96757,14.65995],[-60.96689,14.65963],[-60.96671,14.65941],[-60.96663,14.65938],[-60.96581,14.65885],[-60.96591,14.6588],[-60.96541,14.65851],[-60.96579,14.65686],[-60.96506,14.65652],[-60.96438,14.65624],[-60.9642,14.65635],[-60.96405,14.65638],[-60.964,14.65658],[-60.96266,14.65647],[-60.96169,14.65638],[-60.96078,14.65631],[-60.96063,14.65632],[-60.96034,14.65627],[-60.95967,14.65621],[-60.95927,14.65617],[-60.95935,14.65563],[-60.95965,14.65569],[-60.95999,14.65563],[-60.96008,14.65547],[-60.96017,14.65517],[-60.96035,14.65503],[-60.96068,14.65419],[-60.96091,14.65391],[-60.9607,14.65394],[-60.96041,14.65392],[-60.96008,14.65398],[-60.95975,14.65382],[-60.95952,14.65366],[-60.95968,14.65289],[-60.95997,14.65241],[-60.96019,14.65202],[-60.96041,14.65172],[-60.96006,14.65134],[-60.95992,14.65101],[-60.95992,14.65082],[-60.95983,14.65073],[-60.95956,14.65068],[-60.95896,14.65059],[-60.95876,14.65052],[-60.95846,14.65037],[-60.95802,14.65012],[-60.95794,14.65001],[-60.95602,14.64912],[-60.95588,14.64891],[-60.95586,14.64857],[-60.95581,14.64834],[-60.95574,14.64819],[-60.9553,14.64782],[-60.95497,14.64751],[-60.95482,14.64726],[-60.9548,14.64706],[-60.95486,14.64676],[-60.95509,14.6464],[-60.95525,14.64626],[-60.9554,14.64619],[-60.9556,14.64597],[-60.95572,14.64587],[-60.95589,14.6458],[-60.95426,14.64486],[-60.95381,14.64481],[-60.95368,14.64457],[-60.95346,14.64429],[-60.9534,14.64414],[-60.95347,14.64371],[-60.95345,14.64362],[-60.9533,14.64359],[-60.95235,14.64291],[-60.95298,14.64167],[-60.95259,14.63978],[-60.95285,14.63849],[-60.95248,14.6384],[-60.95251,14.63798],[-60.95093,14.63772],[-60.95123,14.63695],[-60.95139,14.63641],[-60.95101,14.63629],[-60.9509,14.63621],[-60.95074,14.63598],[-60.95069,14.63571],[-60.95059,14.63528],[-60.95046,14.63507],[-60.95028,14.63489],[-60.9501,14.63474],[-60.95014,14.63459],[-60.95015,14.63425],[-60.95067,14.63423],[-60.95066,14.63359],[-60.95048,14.63343],[-60.95017,14.63325],[-60.95004,14.63322],[-60.94981,14.63326],[-60.94955,14.63339],[-60.9494,14.63354],[-60.94922,14.63378],[-60.94873,14.63335],[-60.94831,14.63292],[-60.94801,14.63251],[-60.9479,14.63211],[-60.94733,14.6313],[-60.94673,14.63043],[-60.94657,14.63021],[-60.94653,14.6296],[-60.94643,14.62884],[-60.94617,14.62869],[-60.9464,14.62849],[-60.94689,14.62822],[-60.94708,14.62856],[-60.94772,14.62836],[-60.9477,14.62812],[-60.94771,14.62715],[-60.9477,14.62628],[-60.949,14.62638],[-60.949,14.62649],[-60.94952,14.6265],[-60.94945,14.62607],[-60.94924,14.62511],[-60.94921,14.62471],[-60.94921,14.62437],[-60.94923,14.6243],[-60.94939,14.62404],[-60.94947,14.62385],[-60.94948,14.6236],[-60.9494,14.62333],[-60.94923,14.62302],[-60.94914,14.62279],[-60.94907,14.62242],[-60.94908,14.62222],[-60.94913,14.62186],[-60.94906,14.62112],[-60.94898,14.62082],[-60.94876,14.6203],[-60.94862,14.61987],[-60.94855,14.62005],[-60.94847,14.62011],[-60.9483,14.61973],[-60.94827,14.61945],[-60.94833,14.61924],[-60.94829,14.61887],[-60.94819,14.61856],[-60.94821,14.61834],[-60.94796,14.61785],[-60.94767,14.61788],[-60.94762,14.61678],[-60.94761,14.61605],[-60.94768,14.61582],[-60.94767,14.61562],[-60.94761,14.61545],[-60.94759,14.61519],[-60.94748,14.61454],[-60.94752,14.61446],[-60.94732,14.61419],[-60.94707,14.61376],[-60.94694,14.61351],[-60.9466,14.61312],[-60.94622,14.61262],[-60.94608,14.61238],[-60.94604,14.61201],[-60.94593,14.61197],[-60.94585,14.61183],[-60.94555,14.61163],[-60.94519,14.61151],[-60.94508,14.61144],[-60.94504,14.6113],[-60.9449,14.61059],[-60.94486,14.6103],[-60.94486,14.61002],[-60.94512,14.60958],[-60.94519,14.60942],[-60.94532,14.60928],[-60.94542,14.60902],[-60.94551,14.60868],[-60.94569,14.60849],[-60.9459,14.60838],[-60.94649,14.6082],[-60.9466,14.60816],[-60.94676,14.60801],[-60.94692,14.60774],[-60.94721,14.60744],[-60.9473,14.60755],[-60.94745,14.60763],[-60.94775,14.60767],[-60.94834,14.60767],[-60.94854,14.60771],[-60.94882,14.60792],[-60.94912,14.60825],[-60.94922,14.60831],[-60.94951,14.60844],[-60.94967,14.60848],[-60.95005,14.60849],[-60.95084,14.60866],[-60.95159,14.60906],[-60.95184,14.60911],[-60.95241,14.6091],[-60.95261,14.60915],[-60.95294,14.6093],[-60.95314,14.60929],[-60.95369,14.60911],[-60.9538,14.6091],[-60.95393,14.60914],[-60.95405,14.60932],[-60.9541,14.60959],[-60.95616,14.60971],[-60.95622,14.60962],[-60.95653,14.60929],[-60.95686,14.60902],[-60.95725,14.60884],[-60.9577,14.60862],[-60.95788,14.6086],[-60.95819,14.6086],[-60.95861,14.60869],[-60.95883,14.6088],[-60.95925,14.60916],[-60.95961,14.60926],[-60.95974,14.60924],[-60.96028,14.60925],[-60.9608,14.60919],[-60.96084,14.60917],[-60.96154,14.60839],[-60.96181,14.60814],[-60.96188,14.60804],[-60.962,14.60769],[-60.96216,14.60744],[-60.96233,14.60726],[-60.96267,14.60702],[-60.96321,14.60678],[-60.96334,14.60669],[-60.96369,14.60628],[-60.96378,14.60631],[-60.96377,14.60645],[-60.96369,14.60702],[-60.964,14.60784],[-60.96415,14.60808],[-60.96425,14.60815],[-60.96461,14.60822],[-60.96468,14.60825],[-60.9648,14.60842],[-60.96488,14.60887],[-60.96492,14.60892],[-60.96511,14.60884],[-60.96537,14.60881],[-60.96561,14.60871],[-60.96593,14.60844],[-60.96611,14.60827],[-60.96636,14.60806],[-60.96659,14.60791],[-60.96698,14.6077],[-60.96725,14.60751],[-60.96763,14.60722],[-60.96823,14.60666],[-60.96836,14.60645],[-60.96841,14.60612],[-60.96961,14.60616],[-60.96962,14.60607],[-60.97067,14.60568],[-60.97136,14.60546],[-60.97172,14.60531],[-60.97205,14.6052],[-60.97228,14.60503],[-60.97258,14.60498],[-60.97315,14.6033],[-60.97326,14.60295],[-60.97352,14.60199],[-60.97364,14.60155],[-60.97391,14.6007],[-60.97402,14.60023],[-60.97415,14.59988],[-60.97428,14.59942],[-60.97428,14.59929],[-60.97409,14.59905],[-60.9741,14.59883],[-60.97418,14.59866],[-60.97435,14.59855],[-60.97468,14.59849],[-60.97497,14.59841],[-60.9751,14.59831],[-60.97524,14.59813],[-60.97545,14.59793],[-60.97581,14.59768],[-60.97592,14.59755],[-60.97597,14.59729],[-60.97599,14.59676],[-60.976,14.59656],[-60.97608,14.59638],[-60.97641,14.59609],[-60.97655,14.59573],[-60.97665,14.59551],[-60.97691,14.59501],[-60.97714,14.59456],[-60.97724,14.5943],[-60.97739,14.59406],[-60.97761,14.59401],[-60.97805,14.59398],[-60.97824,14.59394],[-60.97866,14.59379],[-60.97878,14.59386],[-60.97894,14.59412],[-60.97905,14.59426],[-60.97914,14.59429],[-60.9793,14.59426],[-60.97944,14.59415],[-60.97975,14.59378],[-60.98001,14.59359],[-60.98033,14.59353],[-60.98055,14.59352],[-60.98069,14.59356],[-60.98096,14.59375],[-60.98113,14.59384],[-60.98134,14.59388],[-60.98155,14.59381],[-60.98177,14.59377],[-60.98197,14.59325],[-60.9821,14.59315],[-60.98233,14.59314],[-60.98252,14.59302],[-60.9827,14.59282],[-60.98305,14.59239],[-60.9837,14.59173],[-60.98375,14.59162],[-60.98431,14.59102],[-60.98471,14.59054],[-60.98663,14.58871],[-60.98738,14.58796],[-60.98754,14.58778],[-60.98798,14.58739],[-60.9882,14.58718],[-60.98843,14.587],[-60.98864,14.58679],[-60.98917,14.5862],[-60.98931,14.58587],[-60.98944,14.58575],[-60.98992,14.58552],[-60.99006,14.58547],[-60.99023,14.58532],[-60.99047,14.58518],[-60.99068,14.58498],[-60.99076,14.58482],[-60.99085,14.58453],[-60.99091,14.58447],[-60.99163,14.58436],[-60.99182,14.58431],[-60.99203,14.58421],[-60.99213,14.58412],[-60.99227,14.58388],[-60.99238,14.58354],[-60.99253,14.58352],[-60.99269,14.58368],[-60.99314,14.58392],[-60.99348,14.58406],[-60.99385,14.58408],[-60.99412,14.58402],[-60.99451,14.58383],[-60.9947,14.58392],[-60.99483,14.5839],[-60.9949,14.58368],[-60.99486,14.58354],[-60.99471,14.58332],[-60.99461,14.58312],[-60.99427,14.58268],[-60.99425,14.58261],[-60.99426,14.58226],[-60.99436,14.58187],[-60.99443,14.58141],[-60.99437,14.58107],[-60.99437,14.58089],[-60.99447,14.58063],[-60.99455,14.58025],[-60.99463,14.57964],[-60.9945,14.57932],[-60.99428,14.57905],[-60.99413,14.57894],[-60.99375,14.57882],[-60.99367,14.57873],[-60.99362,14.57856],[-60.99364,14.57845],[-60.994,14.57837],[-60.99423,14.57828],[-60.99449,14.57822],[-60.99494,14.57828],[-60.99525,14.57823],[-60.99558,14.57803],[-60.99589,14.57797],[-60.99603,14.57792],[-60.99623,14.57774],[-60.9966,14.5773],[-60.99675,14.57719],[-60.99691,14.5772],[-60.99721,14.57726],[-60.99737,14.57721],[-60.99748,14.57712],[-60.99784,14.57673],[-60.99788,14.57666],[-60.99788,14.57645],[-60.99781,14.57619],[-60.99757,14.57569],[-60.99736,14.57531],[-60.99728,14.57514],[-60.9973,14.57497],[-60.99741,14.57485],[-60.99757,14.57471],[-60.99767,14.57451],[-60.99769,14.57439],[-60.99764,14.57424],[-60.99754,14.57414],[-60.99735,14.574],[-60.99728,14.5739],[-60.99726,14.57345],[-60.99735,14.57326],[-60.99758,14.57309],[-60.99787,14.57307],[-60.99795,14.573],[-60.99804,14.57273],[-60.9983,14.57262],[-60.99841,14.57254],[-60.9987,14.57223],[-60.99886,14.57195],[-60.999,14.57178],[-60.99916,14.57171],[-60.99935,14.57184],[-60.99953,14.5719],[-60.99984,14.57192],[-61.00008,14.57187],[-61.00021,14.57186],[-61.00042,14.57195],[-61.00066,14.57226],[-61.00083,14.5724],[-61.00101,14.57245],[-61.00111,14.57239],[-61.00115,14.57224],[-61.00117,14.57203],[-61.00129,14.57165],[-61.00133,14.57142],[-61.00132,14.57121],[-61.00136,14.57107],[-61.00158,14.5708],[-61.0016,14.57066],[-61.00145,14.57005],[-61.0013,14.56979],[-61.00126,14.56958],[-61.0012,14.56944],[-61.00102,14.56925],[-61.00095,14.56912],[-61.00087,14.56908],[-61.00095,14.56823],[-61.00108,14.56686],[-61.00102,14.56679],[-61.00108,14.5665],[-61.00141,14.56615],[-61.00149,14.56598],[-61.0017,14.56569],[-61.00183,14.56543],[-61.00194,14.56534],[-61.00208,14.56544],[-61.00218,14.56544],[-61.00228,14.56532],[-61.00221,14.56505],[-61.0022,14.56462],[-61.00202,14.56414],[-61.00194,14.56366],[-61.002,14.56287],[-61.00198,14.56256],[-61.00191,14.56211],[-61.00212,14.56235],[-61.00243,14.56281],[-61.0025,14.56305],[-61.00251,14.56342],[-61.00247,14.5638],[-61.00251,14.564],[-61.00271,14.56444],[-61.00256,14.56464],[-61.00281,14.56485],[-61.00286,14.565],[-61.0029,14.56529],[-61.00297,14.56555],[-61.0031,14.56569],[-61.00341,14.56576],[-61.00365,14.56587],[-61.00411,14.56564],[-61.00462,14.5655],[-61.00497,14.56538],[-61.00509,14.56536],[-61.00546,14.56545],[-61.00555,14.5656],[-61.0058,14.56565],[-61.00579,14.56576],[-61.00561,14.56579],[-61.00558,14.56593],[-61.00553,14.56631],[-61.00547,14.56634],[-61.00522,14.5662],[-61.00513,14.5662],[-61.00514,14.56633],[-61.00536,14.56659],[-61.00559,14.56655],[-61.0057,14.56668],[-61.00548,14.56685],[-61.0054,14.56669],[-61.00527,14.56668],[-61.00519,14.56689],[-61.00512,14.56697],[-61.00494,14.56708],[-61.00473,14.56718],[-61.00435,14.56748],[-61.00436,14.56764],[-61.00447,14.56785],[-61.00427,14.56794],[-61.0041,14.56809],[-61.00407,14.56824],[-61.00419,14.56847],[-61.00425,14.56891],[-61.0045,14.56907],[-61.00452,14.56919],[-61.00446,14.56931],[-61.00443,14.56948],[-61.00445,14.56992],[-61.00418,14.57053],[-61.00405,14.57106],[-61.00396,14.57141],[-61.00377,14.57192],[-61.00376,14.57227],[-61.00386,14.57312],[-61.00383,14.57346],[-61.00363,14.57372],[-61.00347,14.5738],[-61.00329,14.57384],[-61.00277,14.57402],[-61.00222,14.57438],[-61.00216,14.5745],[-61.00218,14.57468],[-61.00241,14.57488],[-61.00244,14.5751],[-61.0024,14.5752],[-61.00229,14.57532],[-61.00207,14.5754],[-61.00164,14.57536],[-61.00152,14.57543],[-61.00144,14.57557],[-61.00139,14.57582],[-61.00125,14.576],[-61.00101,14.5761],[-61.00076,14.57615],[-61.00063,14.57627],[-61.00047,14.57658],[-61.00051,14.57673],[-61.00066,14.57684],[-61.00088,14.57712],[-61.00112,14.57722],[-61.00127,14.57731],[-61.00173,14.57736],[-61.00199,14.57727],[-61.00218,14.57723],[-61.00248,14.57712],[-61.00261,14.57702],[-61.00261,14.57686],[-61.00265,14.57676],[-61.00274,14.57671],[-61.00301,14.57668],[-61.00313,14.57638],[-61.00319,14.57629],[-61.00338,14.57619],[-61.00361,14.5762],[-61.00374,14.57625],[-61.00381,14.57637],[-61.00382,14.57648],[-61.00372,14.57669],[-61.00346,14.57731],[-61.00324,14.57764],[-61.0033,14.57774],[-61.00334,14.57798],[-61.00345,14.57822],[-61.00331,14.57842],[-61.00344,14.57859],[-61.00344,14.57868],[-61.00333,14.57887],[-61.00321,14.57895],[-61.00312,14.57928],[-61.00299,14.57942],[-61.00302,14.57957],[-61.00316,14.57976],[-61.00353,14.57998],[-61.00354,14.58024],[-61.00348,14.58046],[-61.00362,14.58052],[-61.00519,14.58158],[-61.0054,14.58163],[-61.00643,14.58229],[-61.00654,14.58234],[-61.00684,14.58256],[-61.00734,14.58283],[-61.00753,14.58295],[-61.00756,14.58325],[-61.00754,14.58345],[-61.00758,14.58362],[-61.00776,14.58367],[-61.00792,14.58356],[-61.00819,14.58334],[-61.0086,14.58342],[-61.0087,14.58347],[-61.00874,14.58328],[-61.00881,14.58321],[-61.00896,14.58316],[-61.00916,14.58324],[-61.00923,14.58315],[-61.00937,14.58308],[-61.00939,14.58301],[-61.00955,14.58296],[-61.00972,14.58304],[-61.00974,14.58323],[-61.0098,14.58331],[-61.01001,14.5834],[-61.01018,14.58361],[-61.01033,14.58368],[-61.01048,14.58392],[-61.01055,14.58396],[-61.0107,14.58424],[-61.01082,14.58425],[-61.01085,14.58412],[-61.01098,14.58408],[-61.01117,14.58419],[-61.01122,14.58438],[-61.01143,14.58466],[-61.01153,14.58475],[-61.01159,14.5849],[-61.01155,14.58506],[-61.01147,14.58518],[-61.01128,14.5853],[-61.01077,14.58535],[-61.01044,14.58546],[-61.01016,14.58558],[-61.00994,14.58577],[-61.00978,14.58605],[-61.00974,14.58618],[-61.00965,14.58629],[-61.00946,14.58695],[-61.00934,14.58741],[-61.00933,14.58788],[-61.0093,14.58806],[-61.00919,14.58829],[-61.00921,14.58845],[-61.00928,14.58854],[-61.00934,14.58869],[-61.01053,14.58848],[-61.01251,14.58814],[-61.01282,14.5881],[-61.013,14.58818],[-61.01314,14.5882],[-61.01334,14.58818],[-61.01333,14.58831],[-61.01358,14.58837],[-61.01369,14.58838],[-61.01397,14.58823],[-61.0145,14.58808],[-61.01465,14.58806],[-61.01486,14.58808],[-61.01498,14.58805],[-61.01524,14.58791],[-61.01573,14.58777],[-61.01589,14.58765],[-61.01651,14.58759],[-61.01669,14.58752],[-61.01676,14.58744],[-61.01684,14.58717],[-61.01699,14.58717],[-61.01727,14.58743],[-61.01748,14.58729],[-61.01755,14.58728],[-61.01761,14.58717],[-61.01761,14.58698],[-61.01767,14.58663],[-61.01771,14.58656],[-61.01792,14.58636],[-61.0185,14.58603],[-61.01887,14.58584],[-61.019,14.58579],[-61.01922,14.58563],[-61.0194,14.58569],[-61.01942,14.58554],[-61.01929,14.58539],[-61.0194,14.58524],[-61.01964,14.58521],[-61.01983,14.58508],[-61.01986,14.58483],[-61.02004,14.58451],[-61.02023,14.5843],[-61.0203,14.58415],[-61.02043,14.58401],[-61.0205,14.58386],[-61.0204,14.58355],[-61.02043,14.58346],[-61.02062,14.58342],[-61.02108,14.58378],[-61.02132,14.58375],[-61.0214,14.58362],[-61.02136,14.58343],[-61.02141,14.58339],[-61.02159,14.58337],[-61.02184,14.58344],[-61.0219,14.5835],[-61.02208,14.58349],[-61.02233,14.58343],[-61.0224,14.58349],[-61.02259,14.58343],[-61.02292,14.58345],[-61.02321,14.58357],[-61.02345,14.58376],[-61.02354,14.58393],[-61.02369,14.58408],[-61.02371,14.58417],[-61.02386,14.5844],[-61.0239,14.58455],[-61.02413,14.58479],[-61.02423,14.58484],[-61.02439,14.58506],[-61.0244,14.58518],[-61.02432,14.58536],[-61.02425,14.58559],[-61.02426,14.5858],[-61.0242,14.58601],[-61.02372,14.58643],[-61.02363,14.58657],[-61.02355,14.58679],[-61.02356,14.5872],[-61.02353,14.58732],[-61.0236,14.58745],[-61.02365,14.58771],[-61.02358,14.58799],[-61.02358,14.58826],[-61.02369,14.58875],[-61.02379,14.58907],[-61.02387,14.58941],[-61.024,14.58969],[-61.02399,14.59007],[-61.02392,14.59018],[-61.02372,14.59024],[-61.02361,14.5904],[-61.02353,14.59067],[-61.02352,14.59079],[-61.0236,14.59109],[-61.02369,14.59123],[-61.02379,14.59146],[-61.02364,14.59165],[-61.02363,14.59182],[-61.02368,14.59203],[-61.02364,14.59208],[-61.0235,14.59206],[-61.02321,14.59197],[-61.02304,14.59203],[-61.02283,14.59193],[-61.02283,14.59185],[-61.02253,14.59152],[-61.02222,14.59124],[-61.02214,14.59112],[-61.02228,14.59065],[-61.02226,14.5905],[-61.02215,14.59045],[-61.0219,14.59047],[-61.01922,14.59093],[-61.01838,14.59108],[-61.01723,14.59128],[-61.01687,14.59132],[-61.01602,14.59145],[-61.01505,14.59162],[-61.01476,14.59165],[-61.01454,14.59172],[-61.01462,14.59179],[-61.01557,14.59212],[-61.01594,14.59233],[-61.01637,14.59246],[-61.01656,14.59254],[-61.01708,14.59281],[-61.0172,14.59289],[-61.01712,14.59297],[-61.01692,14.59288],[-61.01682,14.59279],[-61.01662,14.59272],[-61.01646,14.59261],[-61.0163,14.59257],[-61.01587,14.59242],[-61.01578,14.59245],[-61.01555,14.5924],[-61.01552,14.59236],[-61.01529,14.59227],[-61.01532,14.59217],[-61.01516,14.5921],[-61.01512,14.5922],[-61.01503,14.59216],[-61.01507,14.59205],[-61.01481,14.59197],[-61.01474,14.59204],[-61.01459,14.59197],[-61.01453,14.59188],[-61.01431,14.59177],[-61.01402,14.5918],[-61.0139,14.59187],[-61.01354,14.59191],[-61.01351,14.59201],[-61.01373,14.59212],[-61.01391,14.59232],[-61.01408,14.59241],[-61.01423,14.59241],[-61.01433,14.59228],[-61.01458,14.59226],[-61.01484,14.59233],[-61.01487,14.59238],[-61.01512,14.59244],[-61.01514,14.59238],[-61.01534,14.59245],[-61.01519,14.59254],[-61.01491,14.59256],[-61.01492,14.59264],[-61.0152,14.59263],[-61.01537,14.59267],[-61.01572,14.59266],[-61.01583,14.59259],[-61.01583,14.59277],[-61.01503,14.59283],[-61.01503,14.59301],[-61.01521,14.59307],[-61.01574,14.59302],[-61.0159,14.593],[-61.01596,14.59306],[-61.01607,14.59304],[-61.01656,14.59306],[-61.01659,14.59315],[-61.01635,14.59317],[-61.01505,14.5932],[-61.01492,14.59321],[-61.01475,14.59329],[-61.01468,14.59388],[-61.01459,14.59417],[-61.01457,14.59453],[-61.01447,14.59479],[-61.01431,14.59475],[-61.01424,14.59461],[-61.01403,14.59456],[-61.01392,14.59437],[-61.01387,14.59393],[-61.01391,14.59368],[-61.0137,14.59319],[-61.01365,14.5929],[-61.01366,14.5926],[-61.01337,14.59223],[-61.01324,14.59212],[-61.01305,14.59203],[-61.01288,14.59202],[-61.01206,14.59215],[-61.01156,14.59227],[-61.01072,14.59242],[-61.01033,14.59253],[-61.0097,14.59262],[-61.00936,14.59269],[-61.0087,14.59278],[-61.00853,14.59282],[-61.00851,14.59288],[-61.00861,14.59306],[-61.00855,14.59319],[-61.00841,14.59319],[-61.00824,14.59305],[-61.0081,14.593],[-61.00794,14.59316],[-61.00792,14.59327],[-61.00787,14.59411],[-61.00782,14.59422],[-61.0077,14.59433],[-61.00738,14.59443],[-61.0069,14.59455],[-61.00635,14.59467],[-61.00628,14.59471],[-61.00622,14.59487],[-61.00624,14.59503],[-61.00638,14.5954],[-61.00637,14.59577],[-61.00639,14.59592],[-61.00647,14.59617],[-61.00649,14.59659],[-61.00654,14.59726],[-61.00652,14.59744],[-61.00644,14.59757],[-61.00629,14.59771],[-61.00628,14.5979],[-61.00598,14.59789],[-61.00565,14.59795],[-61.00483,14.59802],[-61.00389,14.59812],[-61.00296,14.5982],[-61.00254,14.59823],[-61.00259,14.59832],[-61.00314,14.59829],[-61.00393,14.59823],[-61.00555,14.59807],[-61.00601,14.59803],[-61.00619,14.59803],[-61.00626,14.59814],[-61.00627,14.59825],[-61.00621,14.59833],[-61.0056,14.59851],[-61.00507,14.59861],[-61.00467,14.59862],[-61.00457,14.59872],[-61.00446,14.59876],[-61.0042,14.5988],[-61.0042,14.5987],[-61.00431,14.5986],[-61.00446,14.59856],[-61.00453,14.5985],[-61.00451,14.59834],[-61.00447,14.59828],[-61.00369,14.59838],[-61.00352,14.59844],[-61.00346,14.59855],[-61.00353,14.59891],[-61.00336,14.59898],[-61.00309,14.59903],[-61.00329,14.59971],[-61.00331,14.5999],[-61.00344,14.60019],[-61.00344,14.60029],[-61.00354,14.60032],[-61.00388,14.60017],[-61.00408,14.60014],[-61.00431,14.60015],[-61.0046,14.59997],[-61.00554,14.59953],[-61.00571,14.59947],[-61.00605,14.5994],[-61.0066,14.59919],[-61.00662,14.59931],[-61.00609,14.59949],[-61.00563,14.59966],[-61.00527,14.59982],[-61.00499,14.59992],[-61.00436,14.60021],[-61.00401,14.60019],[-61.00341,14.60043],[-61.00337,14.60057],[-61.00275,14.60082],[-61.00262,14.60098],[-61.00257,14.60135],[-61.00219,14.60177],[-61.00197,14.60196],[-61.0018,14.6022],[-61.00192,14.60236],[-61.00199,14.60239],[-61.00229,14.60234],[-61.00277,14.60235],[-61.00306,14.60244],[-61.00335,14.60243],[-61.0035,14.60237],[-61.00371,14.6021],[-61.0038,14.60208],[-61.00403,14.60211],[-61.00413,14.60201],[-61.00409,14.60183],[-61.00436,14.6022],[-61.00439,14.60234],[-61.00446,14.6024],[-61.00462,14.60236],[-61.0048,14.60237],[-61.00497,14.60233],[-61.0053,14.60233],[-61.00542,14.60239],[-61.00552,14.60233],[-61.0056,14.60219],[-61.00557,14.60196],[-61.00598,14.60207],[-61.00617,14.60209],[-61.0064,14.60206],[-61.00678,14.60203],[-61.00708,14.60208],[-61.00748,14.60218],[-61.00761,14.6023],[-61.00794,14.60245],[-61.00834,14.60249],[-61.00883,14.60238],[-61.00926,14.60223],[-61.00947,14.60211],[-61.00971,14.60202],[-61.00993,14.60205],[-61.01012,14.60206],[-61.01033,14.60201],[-61.01064,14.60191],[-61.01112,14.60177],[-61.01127,14.60154],[-61.01144,14.60147],[-61.01169,14.60143],[-61.01206,14.60145],[-61.01227,14.60151],[-61.01246,14.6015],[-61.01296,14.6014],[-61.01343,14.60133],[-61.01397,14.60136],[-61.01441,14.60131],[-61.01481,14.60123],[-61.01534,14.60111],[-61.0157,14.60105],[-61.01622,14.60091],[-61.01632,14.60079],[-61.01644,14.60074],[-61.01655,14.60076],[-61.01685,14.60063],[-61.01704,14.60068],[-61.01732,14.60064],[-61.0176,14.60053],[-61.01768,14.60047],[-61.01779,14.60023],[-61.01817,14.60042],[-61.01841,14.60051],[-61.01858,14.60047],[-61.01859,14.6004],[-61.0191,14.60025],[-61.01943,14.60013],[-61.02,14.60012],[-61.02031,14.60005],[-61.02044,14.60013],[-61.0206,14.60013],[-61.02063,14.60021],[-61.02114,14.60011],[-61.02152,14.59999],[-61.02198,14.59982],[-61.0221,14.5997],[-61.02219,14.5997],[-61.0224,14.59958],[-61.02255,14.59956],[-61.02274,14.59948],[-61.02293,14.59944],[-61.023,14.59947],[-61.02314,14.5997],[-61.02361,14.59953],[-61.02361,14.59959],[-61.02321,14.59976],[-61.02302,14.59993],[-61.02287,14.59995],[-61.02233,14.6002],[-61.02205,14.60037],[-61.02192,14.60042],[-61.02148,14.6005],[-61.02111,14.60061],[-61.02078,14.60067],[-61.02043,14.60064],[-61.02034,14.60065],[-61.01982,14.60083],[-61.01966,14.60084],[-61.01944,14.60091],[-61.01932,14.60088],[-61.01899,14.60089],[-61.01838,14.60101],[-61.01797,14.60107],[-61.01772,14.60114],[-61.01718,14.60122],[-61.01689,14.60126],[-61.0163,14.60138],[-61.01601,14.60151],[-61.01574,14.60151],[-61.01555,14.60153],[-61.01368,14.60191],[-61.01366,14.60193],[-61.0137,14.60231],[-61.0134,14.60246],[-61.01314,14.60242],[-61.01279,14.60241],[-61.01239,14.60246],[-61.01201,14.60238],[-61.01185,14.60236],[-61.01173,14.60239],[-61.01162,14.60249],[-61.01163,14.6026],[-61.01188,14.60324],[-61.01192,14.60347],[-61.01183,14.60364],[-61.01171,14.60371],[-61.01159,14.60371],[-61.01119,14.6039],[-61.01105,14.60402],[-61.01098,14.60423],[-61.01092,14.60471],[-61.01088,14.60479],[-61.01056,14.605],[-61.01002,14.60531],[-61.00995,14.60539],[-61.00998,14.60549],[-61.01026,14.60564],[-61.01043,14.60577],[-61.01075,14.60613],[-61.01094,14.60648],[-61.01099,14.60664],[-61.01098,14.60679],[-61.01093,14.60697],[-61.01068,14.60723],[-61.01002,14.60762],[-61.00994,14.60774],[-61.00992,14.60798],[-61.00982,14.60818],[-61.00986,14.60844],[-61.00998,14.60857],[-61.00984,14.6088],[-61.00945,14.60915],[-61.00926,14.60922],[-61.00901,14.60922],[-61.00895,14.60949],[-61.00885,14.60954],[-61.00852,14.60953],[-61.00843,14.60956],[-61.00849,14.60969],[-61.0089,14.60981],[-61.00951,14.61012],[-61.00979,14.61022],[-61.00995,14.61024],[-61.0102,14.61017],[-61.0113,14.60974],[-61.01193,14.6095],[-61.01287,14.60913],[-61.01327,14.60898],[-61.01392,14.60872],[-61.01504,14.6083],[-61.01744,14.60737],[-61.01821,14.60709],[-61.01927,14.60665],[-61.02006,14.60634],[-61.02,14.60609],[-61.02004,14.60591],[-61.02002,14.60553],[-61.02009,14.60541],[-61.02028,14.60523],[-61.02035,14.60521],[-61.02051,14.60508],[-61.02059,14.60493],[-61.02077,14.6047],[-61.02078,14.6046],[-61.0206,14.60443],[-61.02037,14.60436],[-61.02016,14.60434],[-61.01989,14.60435],[-61.01924,14.60406],[-61.01917,14.6039],[-61.01915,14.60368],[-61.01908,14.60351],[-61.019,14.60343],[-61.01877,14.60328],[-61.01869,14.60305],[-61.01881,14.60287],[-61.01888,14.60284],[-61.01911,14.60286],[-61.01947,14.60309],[-61.01965,14.60335],[-61.01987,14.60361],[-61.02016,14.60381],[-61.02022,14.60389],[-61.02037,14.60398],[-61.02078,14.60432],[-61.02101,14.60444],[-61.02116,14.60455],[-61.0214,14.60462],[-61.0216,14.60464],[-61.02169,14.60479],[-61.02167,14.60489],[-61.02151,14.60523],[-61.02152,14.60534],[-61.02158,14.60545],[-61.02171,14.60548],[-61.02155,14.60567],[-61.02171,14.60574],[-61.02175,14.6058],[-61.02155,14.60589],[-61.02139,14.60604],[-61.02131,14.60619],[-61.02126,14.60637],[-61.02098,14.60644],[-61.02083,14.60645],[-61.02071,14.60655],[-61.02056,14.60661],[-61.02038,14.60658],[-61.02017,14.60668],[-61.02014,14.60665],[-61.02006,14.60636],[-61.01928,14.60666],[-61.01822,14.60711],[-61.01745,14.60739],[-61.01505,14.60832],[-61.01393,14.60874],[-61.01328,14.609],[-61.01288,14.60914],[-61.01194,14.60951],[-61.01131,14.60975],[-61.01007,14.61023],[-61.00995,14.61026],[-61.00979,14.61024],[-61.0095,14.61013],[-61.00886,14.60981],[-61.00871,14.61016],[-61.00867,14.61052],[-61.00887,14.61078],[-61.00772,14.61154],[-61.00802,14.61177],[-61.00903,14.61247],[-61.0094,14.61271],[-61.00991,14.61285],[-61.01021,14.61292],[-61.01087,14.61303],[-61.01129,14.61315],[-61.0116,14.61304],[-61.01177,14.61303],[-61.01211,14.61305],[-61.01226,14.61301],[-61.01256,14.61285],[-61.01275,14.61276],[-61.01294,14.61271],[-61.01334,14.61266],[-61.01347,14.61266],[-61.01393,14.61283],[-61.0145,14.61314],[-61.01464,14.61338],[-61.01472,14.61358],[-61.0147,14.61379],[-61.01482,14.61385],[-61.01491,14.61395],[-61.015,14.61433],[-61.01501,14.61451],[-61.01523,14.61475],[-61.01535,14.61495],[-61.0155,14.61501],[-61.01578,14.61501],[-61.01592,14.61497],[-61.01615,14.61479],[-61.01646,14.61484],[-61.01666,14.61493],[-61.01687,14.61495],[-61.01703,14.6149],[-61.01709,14.61496],[-61.01709,14.61508],[-61.01702,14.61526],[-61.01707,14.61536],[-61.01787,14.61575],[-61.01832,14.61589],[-61.0185,14.61602],[-61.01912,14.61637],[-61.01933,14.61651],[-61.01955,14.61652],[-61.02007,14.61676],[-61.02038,14.61678],[-61.02079,14.61689],[-61.0212,14.61688],[-61.02148,14.61697],[-61.02167,14.61697],[-61.02197,14.61687],[-61.02213,14.61669],[-61.02224,14.61649],[-61.02244,14.61631],[-61.02253,14.61616],[-61.02266,14.61612],[-61.02287,14.61615],[-61.02298,14.6161],[-61.02294,14.61597],[-61.02278,14.61574],[-61.0228,14.61566],[-61.0233,14.61528],[-61.02338,14.61523],[-61.02384,14.61559],[-61.02412,14.61575],[-61.0243,14.61562],[-61.02391,14.61536],[-61.02366,14.61509],[-61.02372,14.61499],[-61.02388,14.61483],[-61.02399,14.61466],[-61.02402,14.61439],[-61.02399,14.61413],[-61.02378,14.61289],[-61.0239,14.61283],[-61.02393,14.61305],[-61.02404,14.61347],[-61.02417,14.6135],[-61.02426,14.61327],[-61.02439,14.61305],[-61.02481,14.61248],[-61.02502,14.61228],[-61.02556,14.61213],[-61.02577,14.61215],[-61.02601,14.61211],[-61.02615,14.61196],[-61.02617,14.61183],[-61.02611,14.61169],[-61.02625,14.6117],[-61.02636,14.61165],[-61.02645,14.61154],[-61.02664,14.6115],[-61.02667,14.61142],[-61.02663,14.61127],[-61.02649,14.61113],[-61.02638,14.61088],[-61.02624,14.61084],[-61.02618,14.61058],[-61.02607,14.61052],[-61.02615,14.61043],[-61.02616,14.61027],[-61.0261,14.61022],[-61.02623,14.61002],[-61.02635,14.61009],[-61.02649,14.61005],[-61.02661,14.60994],[-61.0269,14.60982],[-61.02705,14.60978],[-61.02716,14.60981],[-61.02723,14.60971],[-61.02719,14.60961],[-61.02703,14.60948],[-61.02677,14.60915],[-61.02688,14.60907],[-61.02702,14.60883],[-61.02752,14.60869],[-61.02769,14.60872],[-61.02775,14.60867],[-61.02793,14.60866],[-61.02812,14.6087],[-61.02848,14.60856],[-61.02864,14.60847],[-61.02886,14.60841],[-61.02924,14.60839],[-61.02939,14.60833],[-61.02959,14.60821],[-61.02967,14.60798],[-61.03001,14.60773],[-61.03013,14.60774],[-61.03023,14.60754],[-61.03039,14.60749],[-61.03056,14.60723],[-61.03062,14.607],[-61.03071,14.60682],[-61.03074,14.60659],[-61.0308,14.60637],[-61.031,14.60618],[-61.03105,14.60592],[-61.03124,14.60589],[-61.03156,14.60593],[-61.03163,14.60617],[-61.03186,14.60647],[-61.03192,14.60667],[-61.03193,14.60703],[-61.03206,14.60708],[-61.03224,14.60702],[-61.03253,14.60701],[-61.03279,14.60694],[-61.03292,14.60686],[-61.03319,14.60678],[-61.03361,14.60671],[-61.03375,14.60667],[-61.03425,14.60641],[-61.03454,14.60661],[-61.03457,14.60675],[-61.03464,14.60687],[-61.03478,14.60699],[-61.0348,14.6071],[-61.03462,14.60734],[-61.03458,14.60747],[-61.03468,14.6078],[-61.03463,14.608],[-61.03448,14.60814],[-61.03453,14.60832],[-61.03451,14.60842],[-61.03427,14.60889],[-61.03422,14.60913],[-61.03411,14.60934],[-61.0341,14.60949],[-61.03417,14.60955],[-61.03443,14.60965],[-61.03464,14.60966],[-61.03479,14.60974],[-61.03518,14.61],[-61.0354,14.61007],[-61.03565,14.60995],[-61.03583,14.60989],[-61.03597,14.60995],[-61.03602,14.61014],[-61.0361,14.6102],[-61.03628,14.61021],[-61.03637,14.61015],[-61.03647,14.60996],[-61.03641,14.60963],[-61.03652,14.60927],[-61.03659,14.60914],[-61.03672,14.60897],[-61.03672,14.60951],[-61.03675,14.61003],[-61.03672,14.61015],[-61.03676,14.61031],[-61.03678,14.61062],[-61.03661,14.611],[-61.03658,14.6112],[-61.03645,14.61157],[-61.03639,14.61166],[-61.03638,14.61177],[-61.03642,14.61201],[-61.0364,14.61235],[-61.0363,14.61257],[-61.0363,14.61264],[-61.03647,14.61309],[-61.03655,14.61349],[-61.03656,14.61373],[-61.03663,14.61393],[-61.03684,14.61432],[-61.03693,14.61495],[-61.03701,14.61506],[-61.03722,14.6152],[-61.03729,14.61535],[-61.0373,14.61556],[-61.03729,14.61584],[-61.03731,14.61639],[-61.03725,14.61666],[-61.03719,14.61676],[-61.03697,14.61689],[-61.0363,14.61705],[-61.03592,14.61709],[-61.0356,14.61717],[-61.03543,14.61729],[-61.03531,14.61758],[-61.03525,14.61792],[-61.03522,14.61838],[-61.03528,14.61854],[-61.03558,14.61865],[-61.03584,14.61887],[-61.03631,14.61922],[-61.03634,14.61935],[-61.03628,14.6196],[-61.03623,14.61968],[-61.03613,14.61998],[-61.03617,14.62021],[-61.03626,14.6203],[-61.03629,14.62042],[-61.03616,14.62067],[-61.03593,14.62096],[-61.0357,14.62119],[-61.03547,14.62139],[-61.03539,14.62152],[-61.03542,14.62167],[-61.03563,14.62181],[-61.03575,14.62191],[-61.03583,14.6221],[-61.03586,14.62236],[-61.03581,14.62254],[-61.03563,14.62289],[-61.03566,14.62304],[-61.03601,14.62344],[-61.03637,14.62383],[-61.03644,14.62397],[-61.03643,14.62406],[-61.03629,14.62428],[-61.0361,14.62442],[-61.03601,14.62459],[-61.03585,14.62506],[-61.0356,14.62545],[-61.03535,14.62566],[-61.03514,14.62588],[-61.03513,14.62599],[-61.03522,14.62617],[-61.03542,14.62646],[-61.03558,14.62664],[-61.03594,14.6268],[-61.03597,14.62691],[-61.03562,14.62718],[-61.03561,14.62725],[-61.03577,14.62757],[-61.03566,14.62777],[-61.03543,14.62788],[-61.03536,14.62795],[-61.03538,14.62828],[-61.03532,14.62863],[-61.03534,14.62892],[-61.03525,14.62909],[-61.03488,14.62919],[-61.03466,14.6293],[-61.03459,14.62944],[-61.03459,14.62963],[-61.03448,14.6298],[-61.03448,14.63034],[-61.03451,14.63059],[-61.03448,14.63094],[-61.03436,14.63157],[-61.03443,14.63182],[-61.03472,14.63221],[-61.03476,14.63233],[-61.03476,14.63265],[-61.03482,14.63275],[-61.03499,14.63293],[-61.03517,14.63296],[-61.03543,14.6331],[-61.0355,14.63323],[-61.03548,14.63336],[-61.03524,14.6336],[-61.03498,14.63377],[-61.03495,14.63381],[-61.03494,14.63419],[-61.03498,14.63462],[-61.03503,14.63482],[-61.03516,14.63509],[-61.03519,14.63534],[-61.03518,14.6355],[-61.0351,14.63564],[-61.03514,14.63577],[-61.03507,14.63589],[-61.03513,14.63606],[-61.0353,14.63627],[-61.03522,14.63662],[-61.03514,14.6368],[-61.03516,14.637],[-61.03528,14.63726],[-61.03538,14.63742],[-61.03541,14.63755],[-61.03541,14.63796],[-61.03552,14.63841],[-61.0357,14.63882],[-61.03593,14.63937],[-61.03607,14.63965],[-61.03621,14.63989],[-61.03625,14.64009],[-61.03637,14.64025],[-61.03652,14.64031],[-61.03696,14.64032],[-61.03713,14.64045],[-61.03715,14.64056],[-61.03737,14.64074],[-61.03767,14.64115],[-61.03779,14.64125],[-61.03796,14.64128],[-61.03824,14.64119],[-61.0384,14.64111],[-61.03867,14.64102],[-61.03885,14.64111],[-61.03896,14.64122],[-61.03909,14.64143],[-61.03929,14.64179],[-61.03935,14.64199],[-61.03932,14.6423],[-61.03935,14.6425],[-61.03945,14.64265]]]]}},{"type":"Feature","properties":{"nom":"Le Lorrain","code":"97214"},"geometry":{"type":"MultiPolygon","coordinates":[[[[-61.10785,14.80776],[-61.10768,14.8079],[-61.10734,14.80871],[-61.10729,14.80891],[-61.10725,14.80924],[-61.1071,14.80957],[-61.10698,14.80989],[-61.10683,14.81006],[-61.10666,14.81019],[-61.10635,14.81023],[-61.10614,14.81021],[-61.10596,14.81024],[-61.10568,14.81018],[-61.10542,14.81015],[-61.10527,14.81005],[-61.10504,14.80986],[-61.10487,14.80982],[-61.10471,14.80985],[-61.10457,14.80996],[-61.10447,14.81014],[-61.10435,14.81057],[-61.10418,14.81087],[-61.10391,14.81121],[-61.10371,14.8115],[-61.10372,14.8117],[-61.1039,14.81188],[-61.10387,14.81204],[-61.10356,14.81217],[-61.10327,14.81224],[-61.10303,14.81243],[-61.10285,14.81271],[-61.10281,14.81286],[-61.10283,14.81322],[-61.10288,14.81339],[-61.10278,14.81385],[-61.10275,14.81427],[-61.1027,14.81441],[-61.10249,14.81447],[-61.1023,14.81442],[-61.10204,14.8142],[-61.10179,14.81405],[-61.1014,14.81394],[-61.10122,14.81386],[-61.10101,14.81372],[-61.10098,14.81356],[-61.10114,14.81327],[-61.10115,14.81311],[-61.10104,14.81291],[-61.1009,14.81285],[-61.1007,14.81292],[-61.10058,14.81308],[-61.10028,14.81359],[-61.10011,14.81424],[-61.10003,14.81439],[-61.09984,14.81456],[-61.09963,14.81485],[-61.09931,14.81517],[-61.09926,14.81524],[-61.09912,14.81565],[-61.09911,14.81577],[-61.09917,14.81606],[-61.09935,14.81651],[-61.09943,14.8166],[-61.09959,14.81667],[-61.09977,14.81669],[-61.10007,14.81687],[-61.10042,14.81717],[-61.10072,14.81748],[-61.1008,14.8177],[-61.10077,14.818],[-61.10068,14.8182],[-61.10055,14.81831],[-61.10045,14.81845],[-61.10032,14.81887],[-61.10023,14.81897],[-61.1001,14.81926],[-61.10008,14.81959],[-61.10019,14.81993],[-61.10027,14.82004],[-61.10044,14.82018],[-61.10069,14.82026],[-61.10103,14.82024],[-61.1013,14.82026],[-61.10142,14.82033],[-61.10165,14.82056],[-61.10172,14.82072],[-61.10189,14.82142],[-61.10191,14.82172],[-61.1019,14.82185],[-61.10175,14.82211],[-61.10159,14.82226],[-61.10104,14.82246],[-61.10065,14.8226],[-61.10041,14.82273],[-61.10025,14.82285],[-61.09998,14.82311],[-61.09978,14.8234],[-61.09973,14.82355],[-61.09969,14.82392],[-61.09972,14.82423],[-61.09983,14.82456],[-61.09999,14.82515],[-61.10006,14.82566],[-61.10006,14.82587],[-61.0999,14.82607],[-61.0997,14.82629],[-61.09956,14.82656],[-61.09946,14.82691],[-61.09941,14.82728],[-61.09935,14.8276],[-61.09933,14.82798],[-61.09924,14.82851],[-61.09916,14.82876],[-61.09897,14.82896],[-61.09868,14.82913],[-61.09827,14.82932],[-61.09821,14.82941],[-61.09842,14.8297],[-61.09847,14.82983],[-61.09847,14.83011],[-61.09838,14.83042],[-61.09819,14.83066],[-61.098,14.83086],[-61.09749,14.83125],[-61.09714,14.83141],[-61.09683,14.83151],[-61.09657,14.83168],[-61.09645,14.83185],[-61.09616,14.83201],[-61.09609,14.8321],[-61.09581,14.83234],[-61.09556,14.83252],[-61.09524,14.8328],[-61.09512,14.83295],[-61.09506,14.8333],[-61.09496,14.83339],[-61.09441,14.83524],[-61.09397,14.83577],[-61.09334,14.83578],[-61.09288,14.8361],[-61.09253,14.83629],[-61.09228,14.83693],[-61.09223,14.83775],[-61.09235,14.83943],[-61.09207,14.84022],[-61.09187,14.84067],[-61.09159,14.84109],[-61.09141,14.84282],[-61.09043,14.84559],[-61.09002,14.84654],[-61.08875,14.84662],[-61.0886,14.84665],[-61.08826,14.84691],[-61.08804,14.84705],[-61.0876,14.84726],[-61.08742,14.84733],[-61.08707,14.84753],[-61.08667,14.84798],[-61.08649,14.84817],[-61.08632,14.84855],[-61.08617,14.84875],[-61.0861,14.84893],[-61.08588,14.84928],[-61.0856,14.84956],[-61.08535,14.85009],[-61.08504,14.85071],[-61.08437,14.85095],[-61.08403,14.85146],[-61.08391,14.8517],[-61.08389,14.85184],[-61.08369,14.85209],[-61.08342,14.85238],[-61.08342,14.85223],[-61.08318,14.8524],[-61.083,14.85239],[-61.08268,14.8523],[-61.0823,14.85207],[-61.08185,14.85177],[-61.08149,14.85152],[-61.08098,14.85121],[-61.08068,14.85095],[-61.0805,14.85078],[-61.08039,14.85062],[-61.08022,14.85049],[-61.08015,14.85039],[-61.08012,14.85021],[-61.08002,14.85001],[-61.07998,14.84985],[-61.07988,14.84968],[-61.0799,14.84957],[-61.07985,14.84926],[-61.07983,14.84898],[-61.07974,14.84871],[-61.07971,14.84851],[-61.07951,14.84823],[-61.07945,14.84818],[-61.07912,14.84777],[-61.07893,14.84767],[-61.07878,14.84773],[-61.07858,14.84757],[-61.07848,14.84756],[-61.07846,14.84743],[-61.07832,14.84749],[-61.0782,14.8475],[-61.07806,14.84716],[-61.07799,14.84681],[-61.07788,14.84665],[-61.07775,14.84657],[-61.07763,14.84643],[-61.07712,14.84622],[-61.07699,14.84611],[-61.07692,14.8461],[-61.07685,14.84593],[-61.07647,14.84578],[-61.07637,14.84571],[-61.07615,14.84568],[-61.07603,14.84557],[-61.07588,14.84569],[-61.07584,14.84577],[-61.0756,14.84583],[-61.07537,14.84586],[-61.07519,14.84593],[-61.07498,14.84583],[-61.07483,14.84582],[-61.07465,14.8457],[-61.07422,14.84555],[-61.07403,14.84554],[-61.0739,14.84556],[-61.07388,14.84573],[-61.07365,14.8459],[-61.07358,14.84589],[-61.07357,14.84573],[-61.07368,14.84567],[-61.07368,14.84539],[-61.07362,14.84528],[-61.0736,14.84496],[-61.07361,14.84482],[-61.07357,14.84461],[-61.07349,14.84451],[-61.07333,14.84442],[-61.07316,14.84426],[-61.07293,14.84415],[-61.0725,14.84387],[-61.07229,14.84386],[-61.07202,14.84376],[-61.07193,14.84379],[-61.07177,14.84378],[-61.0715,14.84389],[-61.07136,14.84377],[-61.0714,14.84362],[-61.07137,14.84346],[-61.07105,14.84332],[-61.07089,14.84331],[-61.07063,14.84333],[-61.07008,14.84351],[-61.06973,14.84356],[-61.06946,14.84362],[-61.06932,14.84362],[-61.06905,14.84358],[-61.06889,14.84358],[-61.06875,14.84353],[-61.06811,14.84339],[-61.06773,14.84334],[-61.0675,14.84333],[-61.06744,14.84338],[-61.06724,14.84337],[-61.06711,14.84342],[-61.06677,14.84342],[-61.06671,14.84337],[-61.06648,14.84328],[-61.06606,14.84329],[-61.06594,14.84333],[-61.06574,14.84326],[-61.06554,14.8433],[-61.06535,14.84328],[-61.06525,14.84335],[-61.06514,14.84333],[-61.06511,14.84321],[-61.06496,14.84315],[-61.06484,14.84316],[-61.06478,14.84329],[-61.0647,14.84336],[-61.06457,14.84329],[-61.06466,14.84313],[-61.06459,14.84302],[-61.0645,14.84298],[-61.06446,14.84285],[-61.06438,14.84275],[-61.0643,14.84273],[-61.06424,14.84248],[-61.06406,14.84217],[-61.06402,14.84188],[-61.06383,14.84124],[-61.06364,14.8408],[-61.06361,14.84068],[-61.0636,14.84039],[-61.06361,14.84032],[-61.06361,14.83995],[-61.06356,14.83977],[-61.06339,14.83954],[-61.06322,14.83936],[-61.06295,14.83896],[-61.06281,14.83879],[-61.06258,14.83831],[-61.06248,14.83822],[-61.06232,14.83813],[-61.06208,14.83783],[-61.06196,14.83772],[-61.06177,14.83746],[-61.06171,14.83732],[-61.06104,14.83681],[-61.06082,14.83675],[-61.06013,14.83624],[-61.05991,14.8361],[-61.05974,14.83591],[-61.05942,14.8358],[-61.05917,14.83559],[-61.059,14.83551],[-61.0587,14.83544],[-61.05795,14.83493],[-61.05783,14.83477],[-61.0577,14.8347],[-61.05747,14.83452],[-61.05732,14.83444],[-61.05711,14.83424],[-61.05669,14.83401],[-61.05648,14.83387],[-61.05638,14.83374],[-61.05633,14.8336],[-61.05607,14.83366],[-61.05598,14.83359],[-61.05573,14.83348],[-61.0554,14.83336],[-61.05527,14.83329],[-61.05486,14.83317],[-61.05458,14.83305],[-61.0545,14.83294],[-61.05448,14.83275],[-61.05428,14.83287],[-61.0539,14.83287],[-61.05335,14.83269],[-61.05313,14.83266],[-61.05245,14.83267],[-61.05225,14.83261],[-61.05208,14.83259],[-61.05194,14.83254],[-61.0515,14.83249],[-61.05121,14.83252],[-61.05105,14.83256],[-61.05078,14.83268],[-61.05055,14.83272],[-61.05016,14.83273],[-61.04986,14.83283],[-61.04922,14.83299],[-61.0491,14.83299],[-61.04891,14.83312],[-61.04872,14.83318],[-61.04837,14.83343],[-61.04823,14.83357],[-61.0481,14.83363],[-61.04794,14.83379],[-61.04759,14.83396],[-61.0474,14.83402],[-61.04688,14.83435],[-61.04671,14.83454],[-61.04639,14.8348],[-61.04618,14.83504],[-61.04607,14.83524],[-61.04589,14.83541],[-61.0457,14.83553],[-61.04543,14.83574],[-61.0453,14.83572],[-61.04515,14.83586],[-61.04475,14.836],[-61.04436,14.83629],[-61.04397,14.83641],[-61.04383,14.83641],[-61.04373,14.83646],[-61.04364,14.83658],[-61.0433,14.83696],[-61.04319,14.83695],[-61.04301,14.83705],[-61.04296,14.83697],[-61.04267,14.83696],[-61.04261,14.83683],[-61.04268,14.83678],[-61.04262,14.83669],[-61.04269,14.8366],[-61.04278,14.83637],[-61.04275,14.83628],[-61.04259,14.83627],[-61.04245,14.83639],[-61.04232,14.83639],[-61.04237,14.83623],[-61.04246,14.83614],[-61.04257,14.83591],[-61.04252,14.83574],[-61.04232,14.83548],[-61.04201,14.83524],[-61.04185,14.83519],[-61.04176,14.83506],[-61.04174,14.83482],[-61.04168,14.83472],[-61.04151,14.8347],[-61.04148,14.83456],[-61.04132,14.83456],[-61.04112,14.83452],[-61.04101,14.83413],[-61.04085,14.83393],[-61.04073,14.83391],[-61.0406,14.83405],[-61.04044,14.834],[-61.04025,14.83403],[-61.04014,14.83393],[-61.04008,14.83378],[-61.03995,14.83368],[-61.03995,14.83352],[-61.03971,14.83358],[-61.03967,14.83349],[-61.03988,14.83333],[-61.03984,14.83324],[-61.0397,14.83312],[-61.03993,14.83278],[-61.04001,14.83275],[-61.04009,14.83254],[-61.03995,14.83226],[-61.0399,14.83203],[-61.03991,14.83191],[-61.03986,14.83186],[-61.0403,14.83115],[-61.04046,14.83102],[-61.04101,14.83041],[-61.04127,14.83006],[-61.04181,14.82934],[-61.04196,14.82911],[-61.04199,14.829],[-61.04203,14.82872],[-61.04195,14.82846],[-61.04188,14.8283],[-61.04206,14.82752],[-61.04244,14.82633],[-61.04301,14.82573],[-61.04426,14.82475],[-61.04491,14.82431],[-61.04515,14.82405],[-61.04554,14.82357],[-61.04595,14.82314],[-61.04615,14.82289],[-61.04648,14.82243],[-61.04665,14.82226],[-61.04678,14.82202],[-61.04715,14.82115],[-61.04733,14.8207],[-61.04746,14.82026],[-61.04763,14.81962],[-61.04792,14.81881],[-61.04798,14.81853],[-61.04839,14.81742],[-61.04851,14.81711],[-61.04855,14.81697],[-61.04854,14.81683],[-61.04871,14.81628],[-61.04881,14.8161],[-61.04918,14.81566],[-61.04928,14.8155],[-61.04935,14.81528],[-61.04937,14.8145],[-61.04934,14.81423],[-61.04921,14.81369],[-61.0491,14.81344],[-61.04901,14.81316],[-61.04892,14.81278],[-61.04887,14.8124],[-61.04886,14.81211],[-61.04891,14.8115],[-61.04894,14.81134],[-61.04925,14.81054],[-61.04928,14.81028],[-61.04927,14.80919],[-61.04953,14.80847],[-61.0498,14.80791],[-61.05006,14.8075],[-61.05024,14.80712],[-61.05049,14.80661],[-61.05084,14.80586],[-61.05092,14.80545],[-61.05105,14.80517],[-61.0511,14.80501],[-61.0511,14.80466],[-61.05108,14.8042],[-61.05114,14.80412],[-61.05146,14.80389],[-61.05177,14.80346],[-61.05204,14.80291],[-61.05229,14.80235],[-61.05247,14.80199],[-61.05268,14.80168],[-61.05285,14.80137],[-61.05301,14.80111],[-61.05333,14.80044],[-61.05338,14.80028],[-61.05356,14.79999],[-61.05371,14.7996],[-61.05377,14.79939],[-61.05381,14.79908],[-61.05369,14.79866],[-61.05348,14.79825],[-61.05338,14.79793],[-61.05315,14.79747],[-61.05302,14.79711],[-61.05299,14.79695],[-61.0528,14.79657],[-61.05267,14.79627],[-61.05257,14.79589],[-61.05247,14.79523],[-61.0524,14.79504],[-61.0523,14.79459],[-61.05223,14.79405],[-61.05218,14.79282],[-61.0522,14.79267],[-61.05232,14.79235],[-61.05248,14.79215],[-61.05267,14.79185],[-61.05302,14.79141],[-61.05341,14.79099],[-61.05361,14.79079],[-61.05425,14.79035],[-61.05451,14.79015],[-61.05487,14.78973],[-61.05492,14.78963],[-61.05503,14.78932],[-61.05509,14.78919],[-61.0552,14.78882],[-61.05532,14.78851],[-61.05556,14.78804],[-61.05568,14.78769],[-61.05575,14.78756],[-61.05583,14.78727],[-61.05583,14.78705],[-61.05573,14.78667],[-61.05555,14.78628],[-61.05541,14.78569],[-61.05536,14.78539],[-61.05531,14.785],[-61.05531,14.78467],[-61.05555,14.78333],[-61.05563,14.78305],[-61.05568,14.78271],[-61.05559,14.7817],[-61.05556,14.78137],[-61.0555,14.78123],[-61.05505,14.78054],[-61.05478,14.78023],[-61.0545,14.77995],[-61.05428,14.77966],[-61.05422,14.77948],[-61.05423,14.77933],[-61.05428,14.77915],[-61.0544,14.7789],[-61.05447,14.7788],[-61.05475,14.77852],[-61.05499,14.77836],[-61.05523,14.77823],[-61.05551,14.77814],[-61.05583,14.77808],[-61.05638,14.77806],[-61.05661,14.77797],[-61.0568,14.77786],[-61.05713,14.77771],[-61.05723,14.77765],[-61.05756,14.77731],[-61.05761,14.77717],[-61.0576,14.77698],[-61.05751,14.77679],[-61.05721,14.7765],[-61.05703,14.77619],[-61.05671,14.77586],[-61.05647,14.77558],[-61.05643,14.77539],[-61.05634,14.77521],[-61.05608,14.77487],[-61.05604,14.77475],[-61.05606,14.77459],[-61.05623,14.77418],[-61.05637,14.77398],[-61.05681,14.77339],[-61.05698,14.7732],[-61.05724,14.77295],[-61.05739,14.77287],[-61.05765,14.77282],[-61.05804,14.77277],[-61.05884,14.77252],[-61.05895,14.77246],[-61.05908,14.77229],[-61.05911,14.77214],[-61.05909,14.7719],[-61.05898,14.7716],[-61.05879,14.77133],[-61.05869,14.77113],[-61.05872,14.77082],[-61.05885,14.7704],[-61.059,14.77015],[-61.05927,14.76983],[-61.05944,14.76966],[-61.06005,14.76913],[-61.06036,14.76892],[-61.06072,14.76869],[-61.06093,14.76848],[-61.06126,14.76802],[-61.06154,14.76783],[-61.06155,14.76766],[-61.06136,14.7674],[-61.06099,14.76697],[-61.06056,14.76653],[-61.06049,14.76642],[-61.06042,14.76619],[-61.06041,14.76596],[-61.06043,14.76565],[-61.06051,14.76544],[-61.06057,14.76536],[-61.06089,14.76509],[-61.06107,14.765],[-61.06159,14.765],[-61.0618,14.76494],[-61.06197,14.76486],[-61.06211,14.76474],[-61.06223,14.76451],[-61.0622,14.76419],[-61.06221,14.76383],[-61.06217,14.76366],[-61.06207,14.76349],[-61.06139,14.76275],[-61.0611,14.76268],[-61.06095,14.76257],[-61.06099,14.76218],[-61.06101,14.76182],[-61.06099,14.76156],[-61.061,14.76109],[-61.06094,14.76038],[-61.06094,14.7599],[-61.061,14.75954],[-61.061,14.75918],[-61.06092,14.759],[-61.06085,14.75874],[-61.06088,14.75835],[-61.06092,14.75816],[-61.061,14.75791],[-61.0612,14.75765],[-61.0615,14.75749],[-61.06169,14.75732],[-61.062,14.7571],[-61.06206,14.75697],[-61.06209,14.75675],[-61.06207,14.75638],[-61.06203,14.75605],[-61.06171,14.75545],[-61.06145,14.7552],[-61.06101,14.75459],[-61.06095,14.75445],[-61.06095,14.75425],[-61.06101,14.75409],[-61.06149,14.75388],[-61.06177,14.75382],[-61.06255,14.75358],[-61.06284,14.75342],[-61.06298,14.75331],[-61.06318,14.75304],[-61.06332,14.7525],[-61.06336,14.75216],[-61.06345,14.752],[-61.06369,14.75187],[-61.06384,14.75185],[-61.0641,14.75202],[-61.06487,14.75243],[-61.0651,14.75244],[-61.06532,14.75242],[-61.06582,14.75228],[-61.06605,14.75214],[-61.06631,14.75195],[-61.06694,14.7515],[-61.06735,14.75114],[-61.06759,14.75087],[-61.06795,14.75021],[-61.0682,14.74992],[-61.06831,14.74966],[-61.06824,14.7495],[-61.0681,14.74934],[-61.06803,14.74905],[-61.06804,14.74871],[-61.06817,14.74831],[-61.06829,14.74817],[-61.06829,14.74788],[-61.06839,14.74785],[-61.06851,14.74787],[-61.06868,14.74804],[-61.06871,14.74823],[-61.0687,14.7487],[-61.06862,14.74918],[-61.06857,14.74954],[-61.06863,14.74995],[-61.06875,14.75056],[-61.06885,14.75088],[-61.06898,14.75108],[-61.06916,14.75125],[-61.0694,14.75135],[-61.06958,14.75135],[-61.06976,14.75128],[-61.07009,14.7511],[-61.07026,14.75093],[-61.07039,14.75088],[-61.07056,14.75074],[-61.07097,14.75051],[-61.07161,14.75007],[-61.07181,14.74994],[-61.07222,14.74979],[-61.07247,14.74972],[-61.07285,14.74968],[-61.07301,14.74962],[-61.07317,14.74944],[-61.07322,14.74933],[-61.07329,14.74892],[-61.07334,14.74847],[-61.07345,14.74828],[-61.07356,14.74818],[-61.0737,14.74812],[-61.07388,14.74818],[-61.07388,14.74826],[-61.07436,14.74865],[-61.0748,14.74888],[-61.0751,14.74906],[-61.07537,14.74919],[-61.0757,14.7493],[-61.07603,14.74931],[-61.07636,14.74934],[-61.07667,14.74932],[-61.077,14.74932],[-61.07727,14.74927],[-61.07748,14.74919],[-61.07771,14.74917],[-61.07827,14.74897],[-61.07945,14.74886],[-61.07959,14.74867],[-61.07973,14.74854],[-61.08004,14.74841],[-61.08015,14.74834],[-61.08059,14.74813],[-61.08091,14.74791],[-61.08117,14.74763],[-61.08138,14.74723],[-61.08152,14.7472],[-61.08196,14.74736],[-61.08215,14.74745],[-61.08229,14.74762],[-61.0824,14.74797],[-61.08253,14.74812],[-61.08268,14.74815],[-61.0834,14.74796],[-61.08352,14.74791],[-61.08364,14.74777],[-61.08384,14.74747],[-61.08401,14.74718],[-61.08421,14.747],[-61.08446,14.74679],[-61.08466,14.74672],[-61.08493,14.7467],[-61.08537,14.74673],[-61.08555,14.74671],[-61.08571,14.74665],[-61.08591,14.74652],[-61.08607,14.74696],[-61.08609,14.74738],[-61.08589,14.74869],[-61.08581,14.74898],[-61.08581,14.7492],[-61.08598,14.74963],[-61.0863,14.75027],[-61.08652,14.75066],[-61.08655,14.75075],[-61.08682,14.75112],[-61.08709,14.75141],[-61.08741,14.75148],[-61.08791,14.75153],[-61.08861,14.75166],[-61.08889,14.75203],[-61.08901,14.75216],[-61.08923,14.75245],[-61.08963,14.7531],[-61.08971,14.75331],[-61.08977,14.75366],[-61.09022,14.75424],[-61.09047,14.75473],[-61.09068,14.75497],[-61.09057,14.75525],[-61.09035,14.75539],[-61.09005,14.75551],[-61.08992,14.75553],[-61.08981,14.7556],[-61.08972,14.75575],[-61.08968,14.75591],[-61.08913,14.75641],[-61.08897,14.75673],[-61.08888,14.75704],[-61.08871,14.75729],[-61.08835,14.75768],[-61.0883,14.75785],[-61.08778,14.75835],[-61.08754,14.75854],[-61.08729,14.75878],[-61.08729,14.7589],[-61.08747,14.75926],[-61.08752,14.75942],[-61.08754,14.75963],[-61.08751,14.75978],[-61.08732,14.76012],[-61.0873,14.76044],[-61.08738,14.76061],[-61.08725,14.76067],[-61.08719,14.76076],[-61.0871,14.76111],[-61.0872,14.7616],[-61.08711,14.7618],[-61.08697,14.76197],[-61.08694,14.76225],[-61.08699,14.76242],[-61.087,14.76259],[-61.08688,14.76278],[-61.0868,14.76339],[-61.08683,14.76349],[-61.087,14.76371],[-61.08693,14.76413],[-61.08699,14.76469],[-61.08696,14.76542],[-61.087,14.7656],[-61.08696,14.76575],[-61.08692,14.76623],[-61.08696,14.76645],[-61.08693,14.76672],[-61.08684,14.76696],[-61.08682,14.76711],[-61.08685,14.76733],[-61.08701,14.76754],[-61.08721,14.76785],[-61.0874,14.768],[-61.0877,14.7681],[-61.08779,14.76861],[-61.0879,14.76886],[-61.08808,14.76913],[-61.08835,14.76929],[-61.08861,14.76936],[-61.08893,14.76934],[-61.0892,14.76955],[-61.0895,14.77001],[-61.08973,14.77029],[-61.09016,14.77068],[-61.09054,14.7711],[-61.09078,14.77131],[-61.0911,14.77149],[-61.0913,14.77155],[-61.09172,14.77163],[-61.09205,14.77185],[-61.09231,14.77187],[-61.09271,14.77171],[-61.09296,14.77158],[-61.09322,14.77148],[-61.09372,14.77144],[-61.09406,14.77148],[-61.09463,14.77182],[-61.0948,14.77191],[-61.09523,14.77207],[-61.09545,14.77213],[-61.09571,14.77215],[-61.0961,14.77199],[-61.09633,14.77197],[-61.09668,14.772],[-61.09736,14.77222],[-61.09753,14.7723],[-61.0979,14.77237],[-61.09836,14.77235],[-61.09873,14.77229],[-61.09888,14.77232],[-61.0991,14.77242],[-61.09928,14.77266],[-61.09984,14.77313],[-61.09982,14.77328],[-61.0996,14.77406],[-61.09959,14.77448],[-61.09953,14.77471],[-61.09948,14.77503],[-61.09951,14.77521],[-61.09955,14.77566],[-61.09951,14.77612],[-61.09934,14.77659],[-61.09928,14.77679],[-61.09925,14.77704],[-61.09927,14.77742],[-61.09929,14.77757],[-61.09946,14.77805],[-61.09949,14.7782],[-61.09959,14.77846],[-61.09962,14.7788],[-61.09968,14.77911],[-61.09976,14.77938],[-61.09981,14.77972],[-61.09976,14.78038],[-61.09978,14.78066],[-61.10004,14.78137],[-61.10009,14.78157],[-61.10014,14.78188],[-61.10024,14.78223],[-61.1003,14.78238],[-61.10054,14.78278],[-61.10069,14.7829],[-61.10078,14.78304],[-61.1009,14.7835],[-61.10103,14.78365],[-61.10148,14.78395],[-61.10163,14.78404],[-61.10194,14.78415],[-61.10242,14.78423],[-61.10253,14.78428],[-61.10275,14.78444],[-61.10289,14.78457],[-61.10317,14.78488],[-61.10328,14.78498],[-61.10352,14.78511],[-61.10404,14.7853],[-61.10418,14.78541],[-61.10443,14.78556],[-61.10381,14.78956],[-61.10517,14.78969],[-61.10636,14.78981],[-61.10638,14.78989],[-61.10644,14.79041],[-61.10648,14.79056],[-61.10661,14.79079],[-61.10674,14.79094],[-61.10705,14.79145],[-61.10712,14.79164],[-61.10735,14.79217],[-61.10738,14.79235],[-61.10757,14.7925],[-61.10767,14.79271],[-61.108,14.793],[-61.10825,14.79334],[-61.10815,14.79374],[-61.10807,14.79394],[-61.10806,14.79417],[-61.10797,14.79432],[-61.10769,14.79459],[-61.10761,14.79484],[-61.10734,14.79514],[-61.10749,14.79557],[-61.10777,14.79559],[-61.10789,14.7957],[-61.10791,14.79599],[-61.10795,14.79607],[-61.10809,14.79616],[-61.10816,14.79633],[-61.10811,14.79654],[-61.10799,14.79677],[-61.10796,14.79689],[-61.10804,14.79718],[-61.10803,14.79738],[-61.10795,14.79769],[-61.10799,14.79779],[-61.10815,14.79789],[-61.10806,14.79904],[-61.10806,14.79917],[-61.10798,14.79964],[-61.10792,14.79981],[-61.10722,14.8064],[-61.10785,14.80776]]],[[[-61.06357,14.84424],[-61.06349,14.84448],[-61.06325,14.84466],[-61.06325,14.8445],[-61.06334,14.84444],[-61.06352,14.84417],[-61.06357,14.84424]]]]}},{"type":"Feature","properties":{"nom":"Macouba","code":"97215"},"geometry":{"type":"Polygon","coordinates":[[[-61.164,14.81616],[-61.16412,14.81639],[-61.16447,14.81663],[-61.16462,14.81679],[-61.16482,14.81686],[-61.16545,14.81691],[-61.16573,14.817],[-61.1658,14.81707],[-61.16598,14.81713],[-61.16615,14.81722],[-61.16652,14.81738],[-61.16653,14.81756],[-61.16659,14.81775],[-61.16658,14.81788],[-61.16647,14.81805],[-61.16647,14.81816],[-61.16639,14.81835],[-61.16627,14.81846],[-61.16625,14.81854],[-61.16612,14.81872],[-61.16611,14.81883],[-61.16605,14.81892],[-61.16595,14.81893],[-61.16598,14.81916],[-61.16591,14.81965],[-61.16593,14.81976],[-61.16569,14.82026],[-61.16564,14.82064],[-61.16566,14.82085],[-61.16555,14.82105],[-61.16538,14.8212],[-61.16517,14.82153],[-61.16517,14.82168],[-61.1651,14.82187],[-61.16514,14.82195],[-61.16511,14.82225],[-61.16526,14.82265],[-61.16526,14.82281],[-61.1653,14.82297],[-61.16532,14.82338],[-61.16537,14.82363],[-61.16544,14.82378],[-61.16545,14.82392],[-61.1656,14.82413],[-61.16557,14.82439],[-61.16565,14.82451],[-61.16564,14.82473],[-61.16555,14.82487],[-61.16551,14.82508],[-61.1656,14.82535],[-61.16564,14.82555],[-61.16583,14.82578],[-61.16595,14.82612],[-61.16599,14.82629],[-61.16608,14.82653],[-61.16608,14.82671],[-61.16612,14.82702],[-61.16607,14.8272],[-61.16612,14.82737],[-61.1661,14.82772],[-61.16609,14.82804],[-61.16605,14.8285],[-61.16596,14.82869],[-61.16582,14.82888],[-61.16531,14.82917],[-61.16514,14.82945],[-61.16499,14.8298],[-61.16486,14.83066],[-61.16492,14.83075],[-61.16485,14.83086],[-61.16474,14.83117],[-61.1647,14.83135],[-61.16461,14.83158],[-61.16445,14.8318],[-61.16444,14.83198],[-61.16435,14.83202],[-61.16426,14.83266],[-61.16415,14.83306],[-61.16397,14.83333],[-61.16398,14.8337],[-61.16393,14.83398],[-61.16405,14.83477],[-61.16395,14.8352],[-61.16392,14.83567],[-61.16384,14.83589],[-61.16366,14.83602],[-61.16353,14.83622],[-61.16345,14.83644],[-61.16351,14.83659],[-61.16362,14.83673],[-61.16392,14.83678],[-61.16413,14.83684],[-61.1643,14.83693],[-61.16443,14.83704],[-61.16458,14.83724],[-61.16459,14.83748],[-61.16454,14.83784],[-61.16455,14.83829],[-61.16463,14.83895],[-61.16462,14.83918],[-61.16453,14.83947],[-61.16435,14.83982],[-61.164,14.84032],[-61.16389,14.84055],[-61.16379,14.84087],[-61.16369,14.84103],[-61.16364,14.84119],[-61.16355,14.84128],[-61.16325,14.84151],[-61.16494,14.84203],[-61.16497,14.84215],[-61.16494,14.84246],[-61.16481,14.84262],[-61.16479,14.8432],[-61.16494,14.84362],[-61.16511,14.84383],[-61.16517,14.84406],[-61.1652,14.84443],[-61.16518,14.84467],[-61.16514,14.8449],[-61.165,14.84538],[-61.16491,14.84557],[-61.16526,14.8456],[-61.16521,14.84606],[-61.16516,14.84633],[-61.16521,14.84647],[-61.16515,14.84662],[-61.16519,14.84695],[-61.16539,14.84726],[-61.16545,14.84749],[-61.16542,14.84779],[-61.16558,14.84796],[-61.16558,14.8482],[-61.16575,14.84874],[-61.16572,14.84903],[-61.16584,14.8491],[-61.16583,14.8492],[-61.16589,14.8493],[-61.16585,14.84949],[-61.16591,14.84956],[-61.16593,14.8498],[-61.16587,14.84999],[-61.16591,14.85013],[-61.16598,14.85024],[-61.16623,14.85037],[-61.16626,14.85062],[-61.16615,14.85084],[-61.16642,14.85137],[-61.16654,14.8514],[-61.16666,14.85152],[-61.16669,14.85183],[-61.16662,14.85206],[-61.16662,14.85217],[-61.16673,14.85233],[-61.16691,14.85252],[-61.16692,14.85268],[-61.167,14.85289],[-61.16719,14.85313],[-61.16744,14.85333],[-61.16755,14.85349],[-61.16756,14.85384],[-61.16749,14.854],[-61.16729,14.85418],[-61.1672,14.85434],[-61.16726,14.85474],[-61.16725,14.85485],[-61.16715,14.85529],[-61.1672,14.85554],[-61.16746,14.85578],[-61.16748,14.85634],[-61.16741,14.8565],[-61.16692,14.85689],[-61.16683,14.85699],[-61.16681,14.85713],[-61.16672,14.85734],[-61.16654,14.85754],[-61.16648,14.85773],[-61.16649,14.85795],[-61.16642,14.85818],[-61.16641,14.85849],[-61.16643,14.85859],[-61.16659,14.85865],[-61.16678,14.85883],[-61.16687,14.85907],[-61.16686,14.85934],[-61.16696,14.8596],[-61.1669,14.85976],[-61.16703,14.85995],[-61.16712,14.86023],[-61.16718,14.86075],[-61.16713,14.86096],[-61.16743,14.86133],[-61.16741,14.86162],[-61.16734,14.86173],[-61.16696,14.86196],[-61.16681,14.862],[-61.16665,14.86208],[-61.16647,14.86225],[-61.16635,14.86242],[-61.16606,14.86299],[-61.16579,14.86342],[-61.16567,14.86382],[-61.16571,14.86405],[-61.16574,14.86444],[-61.16582,14.8647],[-61.16584,14.86487],[-61.16579,14.86506],[-61.16566,14.86525],[-61.16548,14.86542],[-61.16541,14.86558],[-61.16532,14.86603],[-61.16535,14.86617],[-61.16551,14.86663],[-61.16563,14.86684],[-61.16573,14.86712],[-61.16573,14.86724],[-61.16566,14.86733],[-61.16568,14.86744],[-61.1658,14.8676],[-61.16593,14.86789],[-61.16597,14.86833],[-61.16602,14.86848],[-61.16601,14.86861],[-61.16584,14.86886],[-61.16584,14.86905],[-61.16602,14.86925],[-61.1661,14.86937],[-61.16613,14.86954],[-61.16612,14.86976],[-61.16618,14.87005],[-61.16616,14.87032],[-61.16619,14.8704],[-61.16644,14.87075],[-61.16638,14.87091],[-61.16636,14.87131],[-61.16643,14.87147],[-61.16652,14.87263],[-61.16657,14.87273],[-61.16644,14.87334],[-61.16649,14.87337],[-61.1665,14.87356],[-61.16646,14.87375],[-61.16651,14.87388],[-61.16653,14.87414],[-61.16665,14.87437],[-61.16654,14.87455],[-61.16655,14.87476],[-61.16667,14.87487],[-61.16667,14.87503],[-61.16628,14.87523],[-61.16623,14.87533],[-61.16637,14.87546],[-61.16653,14.87564],[-61.16663,14.87594],[-61.1666,14.87605],[-61.16643,14.87622],[-61.1661,14.87684],[-61.16619,14.87702],[-61.16593,14.87713],[-61.16535,14.87728],[-61.16495,14.87732],[-61.16467,14.87736],[-61.16442,14.87729],[-61.16409,14.87731],[-61.16393,14.87727],[-61.16342,14.87722],[-61.16314,14.8772],[-61.16299,14.87722],[-61.16284,14.87731],[-61.16263,14.87731],[-61.16204,14.87739],[-61.16174,14.87738],[-61.16133,14.87744],[-61.16094,14.87753],[-61.16068,14.87749],[-61.16051,14.87751],[-61.1604,14.87756],[-61.16029,14.87754],[-61.15983,14.87755],[-61.15944,14.8775],[-61.1591,14.87752],[-61.15881,14.87749],[-61.15837,14.87753],[-61.15818,14.87757],[-61.15783,14.87754],[-61.15747,14.87743],[-61.15707,14.87741],[-61.15684,14.87731],[-61.1566,14.87723],[-61.15637,14.87722],[-61.1561,14.87717],[-61.15575,14.87719],[-61.15514,14.87711],[-61.15479,14.8771],[-61.15464,14.87713],[-61.15421,14.87706],[-61.15389,14.87707],[-61.15327,14.87717],[-61.15282,14.8773],[-61.15237,14.87749],[-61.15224,14.87746],[-61.15208,14.87756],[-61.15179,14.87758],[-61.15162,14.87764],[-61.15141,14.87766],[-61.15081,14.87786],[-61.15064,14.87792],[-61.15025,14.87802],[-61.14997,14.87813],[-61.14968,14.87814],[-61.14925,14.87824],[-61.14905,14.87834],[-61.14884,14.87851],[-61.14857,14.87864],[-61.14831,14.87872],[-61.14819,14.8787],[-61.14813,14.87861],[-61.14797,14.8786],[-61.14768,14.87845],[-61.14747,14.87829],[-61.14735,14.87809],[-61.14723,14.87795],[-61.14709,14.87785],[-61.14675,14.87744],[-61.1466,14.87734],[-61.14618,14.8772],[-61.1461,14.87715],[-61.1456,14.87701],[-61.14477,14.87686],[-61.14419,14.87686],[-61.14353,14.87693],[-61.14327,14.8771],[-61.14316,14.87713],[-61.14291,14.87711],[-61.14269,14.87712],[-61.14243,14.87716],[-61.14218,14.87728],[-61.14194,14.87732],[-61.14159,14.87746],[-61.14142,14.87749],[-61.14113,14.87762],[-61.14094,14.87764],[-61.14065,14.87775],[-61.14038,14.87764],[-61.14005,14.87758],[-61.13953,14.87754],[-61.13933,14.87763],[-61.13921,14.87763],[-61.13867,14.8774],[-61.13843,14.87722],[-61.13823,14.87716],[-61.13785,14.87679],[-61.13775,14.87657],[-61.1376,14.87637],[-61.13748,14.87614],[-61.13731,14.876],[-61.13712,14.87593],[-61.13694,14.8758],[-61.1367,14.87568],[-61.13649,14.87565],[-61.13614,14.87539],[-61.1359,14.8753],[-61.13561,14.87509],[-61.13542,14.87492],[-61.13516,14.87463],[-61.13504,14.87447],[-61.13479,14.87448],[-61.13423,14.87468],[-61.13408,14.87477],[-61.1337,14.87486],[-61.13355,14.87487],[-61.1334,14.87494],[-61.13332,14.8749],[-61.13296,14.87482],[-61.13259,14.87469],[-61.1324,14.87467],[-61.1321,14.8747],[-61.13172,14.87468],[-61.13117,14.87471],[-61.1308,14.8747],[-61.12982,14.87487],[-61.12929,14.87482],[-61.12907,14.87476],[-61.12881,14.87474],[-61.1284,14.87464],[-61.12804,14.87459],[-61.12773,14.87452],[-61.12714,14.87431],[-61.12671,14.87418],[-61.12624,14.87401],[-61.12587,14.87384],[-61.12575,14.87373],[-61.12556,14.87369],[-61.12546,14.87358],[-61.12559,14.87343],[-61.1257,14.87324],[-61.12582,14.87282],[-61.12597,14.87241],[-61.1261,14.87218],[-61.12636,14.87181],[-61.12646,14.87162],[-61.12653,14.8714],[-61.12657,14.87111],[-61.12667,14.87097],[-61.1268,14.87085],[-61.1269,14.8707],[-61.12704,14.87042],[-61.12716,14.87008],[-61.12717,14.86994],[-61.12707,14.86965],[-61.12712,14.86947],[-61.12721,14.86895],[-61.1272,14.86854],[-61.12724,14.86843],[-61.12738,14.86824],[-61.12766,14.86799],[-61.12784,14.86779],[-61.12804,14.86751],[-61.12862,14.86692],[-61.12869,14.86681],[-61.1288,14.86645],[-61.12889,14.86619],[-61.12903,14.86563],[-61.12906,14.86532],[-61.12911,14.86514],[-61.12924,14.86492],[-61.12934,14.86465],[-61.12952,14.86445],[-61.12971,14.86431],[-61.1301,14.86384],[-61.13044,14.86356],[-61.13064,14.86347],[-61.13072,14.8634],[-61.13081,14.86319],[-61.13089,14.86313],[-61.13132,14.8629],[-61.13139,14.86283],[-61.13146,14.86255],[-61.13175,14.86199],[-61.13193,14.86176],[-61.13214,14.86144],[-61.13233,14.86123],[-61.13274,14.86089],[-61.13299,14.86065],[-61.13324,14.86049],[-61.1335,14.86036],[-61.1337,14.86021],[-61.13395,14.85979],[-61.13401,14.8596],[-61.13409,14.85951],[-61.13441,14.8593],[-61.13451,14.85919],[-61.13455,14.85902],[-61.13454,14.85883],[-61.13458,14.85875],[-61.13482,14.85848],[-61.13509,14.85822],[-61.13558,14.85778],[-61.13564,14.8576],[-61.13564,14.85716],[-61.13568,14.85693],[-61.13584,14.85665],[-61.13618,14.85624],[-61.13652,14.85562],[-61.13674,14.85529],[-61.13683,14.85483],[-61.13699,14.85448],[-61.13705,14.85425],[-61.13717,14.85407],[-61.13742,14.85349],[-61.13755,14.85329],[-61.13766,14.85304],[-61.13791,14.8528],[-61.13797,14.8527],[-61.13804,14.85243],[-61.13811,14.85226],[-61.13826,14.85208],[-61.13838,14.85188],[-61.13862,14.85157],[-61.13873,14.85137],[-61.13888,14.85096],[-61.13903,14.85085],[-61.13924,14.85079],[-61.13941,14.85069],[-61.13955,14.85053],[-61.13984,14.85046],[-61.14003,14.85036],[-61.14015,14.85023],[-61.1402,14.85006],[-61.14056,14.84956],[-61.14083,14.84893],[-61.14103,14.84866],[-61.1411,14.84849],[-61.14122,14.84834],[-61.14131,14.84817],[-61.14099,14.84794],[-61.1408,14.84784],[-61.14025,14.84749],[-61.14061,14.84684],[-61.14074,14.84658],[-61.14091,14.84631],[-61.14123,14.84574],[-61.14129,14.84565],[-61.1414,14.84559],[-61.14164,14.84564],[-61.14171,14.84559],[-61.14242,14.84442],[-61.14208,14.84417],[-61.14229,14.84389],[-61.14234,14.84392],[-61.14259,14.84338],[-61.14261,14.84324],[-61.14278,14.84294],[-61.14299,14.84264],[-61.14312,14.84242],[-61.14328,14.84222],[-61.14342,14.84198],[-61.14302,14.84168],[-61.1426,14.84138],[-61.14263,14.84129],[-61.14294,14.8412],[-61.14297,14.84107],[-61.14315,14.8407],[-61.14333,14.8405],[-61.14373,14.84016],[-61.14388,14.83997],[-61.14419,14.83975],[-61.14428,14.83964],[-61.14434,14.83948],[-61.14451,14.83928],[-61.14462,14.83908],[-61.14463,14.83897],[-61.14479,14.83885],[-61.14501,14.83864],[-61.14523,14.83836],[-61.14531,14.83819],[-61.14557,14.83777],[-61.14572,14.83748],[-61.14594,14.83719],[-61.146,14.83706],[-61.14624,14.8369],[-61.14654,14.8365],[-61.14668,14.83618],[-61.14681,14.83595],[-61.14711,14.83528],[-61.14719,14.83512],[-61.14735,14.83527],[-61.14755,14.83499],[-61.14774,14.83445],[-61.14787,14.83426],[-61.14809,14.83421],[-61.14828,14.83389],[-61.14893,14.83349],[-61.14926,14.83341],[-61.14945,14.83332],[-61.14972,14.83315],[-61.14996,14.83302],[-61.15062,14.83264],[-61.15074,14.83255],[-61.15092,14.83227],[-61.15109,14.83214],[-61.15144,14.8319],[-61.15158,14.83186],[-61.15183,14.83172],[-61.15203,14.83166],[-61.15236,14.83137],[-61.15253,14.83131],[-61.15275,14.8311],[-61.15291,14.83088],[-61.15359,14.83019],[-61.15389,14.82986],[-61.15405,14.82973],[-61.15416,14.82969],[-61.15426,14.82957],[-61.15453,14.82932],[-61.15478,14.82924],[-61.15491,14.82912],[-61.15527,14.82893],[-61.15553,14.82876],[-61.15611,14.82843],[-61.15653,14.82798],[-61.15692,14.82773],[-61.15717,14.82628],[-61.15724,14.82579],[-61.15721,14.82574],[-61.15726,14.82529],[-61.15722,14.82516],[-61.15757,14.8246],[-61.15801,14.82426],[-61.15807,14.82407],[-61.15828,14.82364],[-61.1584,14.82349],[-61.15878,14.82318],[-61.15908,14.82296],[-61.15959,14.82295],[-61.16044,14.82213],[-61.16062,14.82186],[-61.16109,14.82057],[-61.16118,14.82025],[-61.16126,14.82008],[-61.16131,14.81991],[-61.16149,14.81947],[-61.16166,14.81906],[-61.16204,14.81857],[-61.16249,14.81816],[-61.16258,14.81812],[-61.16278,14.81794],[-61.1635,14.81669],[-61.164,14.81616]]]}},{"type":"Feature","properties":{"nom":"Le Marigot","code":"97216"},"geometry":{"type":"Polygon","coordinates":[[[-61.08747,14.74296],[-61.08712,14.74333],[-61.08698,14.74343],[-61.0866,14.74361],[-61.08646,14.74366],[-61.08614,14.74368],[-61.08579,14.74373],[-61.08518,14.74368],[-61.08498,14.74389],[-61.08492,14.74402],[-61.0849,14.74416],[-61.085,14.74437],[-61.08532,14.74473],[-61.08539,14.74495],[-61.08547,14.7451],[-61.08567,14.74557],[-61.08582,14.7458],[-61.08593,14.74624],[-61.08591,14.74652],[-61.08571,14.74665],[-61.08555,14.74671],[-61.08537,14.74673],[-61.08493,14.7467],[-61.08466,14.74672],[-61.08446,14.74679],[-61.08421,14.747],[-61.08401,14.74718],[-61.08384,14.74747],[-61.08364,14.74777],[-61.08352,14.74791],[-61.0834,14.74796],[-61.08268,14.74815],[-61.08253,14.74812],[-61.0824,14.74797],[-61.08229,14.74762],[-61.08215,14.74745],[-61.08196,14.74736],[-61.08152,14.7472],[-61.08138,14.74723],[-61.08117,14.74763],[-61.08091,14.74791],[-61.08059,14.74813],[-61.08015,14.74834],[-61.08004,14.74841],[-61.07973,14.74854],[-61.07959,14.74867],[-61.07945,14.74886],[-61.07827,14.74897],[-61.07771,14.74917],[-61.07748,14.74919],[-61.07727,14.74927],[-61.077,14.74932],[-61.07667,14.74932],[-61.07636,14.74934],[-61.07603,14.74931],[-61.0757,14.7493],[-61.07537,14.74919],[-61.0751,14.74906],[-61.0748,14.74888],[-61.07436,14.74865],[-61.07388,14.74826],[-61.07388,14.74818],[-61.0737,14.74812],[-61.07356,14.74818],[-61.07345,14.74828],[-61.07334,14.74847],[-61.07329,14.74892],[-61.07322,14.74933],[-61.07317,14.74944],[-61.07301,14.74962],[-61.07285,14.74968],[-61.07247,14.74972],[-61.07222,14.74979],[-61.07181,14.74994],[-61.07161,14.75007],[-61.07097,14.75051],[-61.07056,14.75074],[-61.07039,14.75088],[-61.07026,14.75093],[-61.07009,14.7511],[-61.06976,14.75128],[-61.06958,14.75135],[-61.0694,14.75135],[-61.06916,14.75125],[-61.06898,14.75108],[-61.06885,14.75088],[-61.06875,14.75056],[-61.06863,14.74995],[-61.06857,14.74954],[-61.06862,14.74918],[-61.0687,14.7487],[-61.06871,14.74823],[-61.06868,14.74804],[-61.06851,14.74787],[-61.06839,14.74785],[-61.06829,14.74788],[-61.06829,14.74817],[-61.06817,14.74831],[-61.06804,14.74871],[-61.06803,14.74905],[-61.0681,14.74934],[-61.06824,14.7495],[-61.06831,14.74966],[-61.0682,14.74992],[-61.06795,14.75021],[-61.06759,14.75087],[-61.06735,14.75114],[-61.06694,14.7515],[-61.06631,14.75195],[-61.06605,14.75214],[-61.06582,14.75228],[-61.06532,14.75242],[-61.0651,14.75244],[-61.06487,14.75243],[-61.0641,14.75202],[-61.06384,14.75185],[-61.06369,14.75187],[-61.06345,14.752],[-61.06336,14.75216],[-61.06332,14.7525],[-61.06318,14.75304],[-61.06298,14.75331],[-61.06284,14.75342],[-61.06255,14.75358],[-61.06177,14.75382],[-61.06149,14.75388],[-61.06101,14.75409],[-61.06095,14.75425],[-61.06095,14.75445],[-61.06101,14.75459],[-61.06145,14.7552],[-61.06171,14.75545],[-61.06203,14.75605],[-61.06207,14.75638],[-61.06209,14.75675],[-61.06206,14.75697],[-61.062,14.7571],[-61.06169,14.75732],[-61.0615,14.75749],[-61.0612,14.75765],[-61.061,14.75791],[-61.06092,14.75816],[-61.06088,14.75835],[-61.06085,14.75874],[-61.06092,14.759],[-61.061,14.75918],[-61.061,14.75954],[-61.06094,14.7599],[-61.06094,14.76038],[-61.061,14.76109],[-61.06099,14.76156],[-61.06101,14.76182],[-61.06099,14.76218],[-61.06095,14.76257],[-61.0611,14.76268],[-61.06139,14.76275],[-61.06207,14.76349],[-61.06217,14.76366],[-61.06221,14.76383],[-61.0622,14.76419],[-61.06223,14.76451],[-61.06211,14.76474],[-61.06197,14.76486],[-61.0618,14.76494],[-61.06159,14.765],[-61.06107,14.765],[-61.06089,14.76509],[-61.06057,14.76536],[-61.06051,14.76544],[-61.06043,14.76565],[-61.06041,14.76596],[-61.06042,14.76619],[-61.06049,14.76642],[-61.06056,14.76653],[-61.06099,14.76697],[-61.06136,14.7674],[-61.06155,14.76766],[-61.06154,14.76783],[-61.06126,14.76802],[-61.06093,14.76848],[-61.06072,14.76869],[-61.06036,14.76892],[-61.06005,14.76913],[-61.05944,14.76966],[-61.05927,14.76983],[-61.059,14.77015],[-61.05885,14.7704],[-61.05872,14.77082],[-61.05869,14.77113],[-61.05879,14.77133],[-61.05898,14.7716],[-61.05909,14.7719],[-61.05911,14.77214],[-61.05908,14.77229],[-61.05895,14.77246],[-61.05884,14.77252],[-61.05804,14.77277],[-61.05765,14.77282],[-61.05739,14.77287],[-61.05724,14.77295],[-61.05698,14.7732],[-61.05681,14.77339],[-61.05637,14.77398],[-61.05623,14.77418],[-61.05606,14.77459],[-61.05604,14.77475],[-61.05608,14.77487],[-61.05634,14.77521],[-61.05643,14.77539],[-61.05647,14.77558],[-61.05671,14.77586],[-61.05703,14.77619],[-61.05721,14.7765],[-61.05751,14.77679],[-61.0576,14.77698],[-61.05761,14.77717],[-61.05756,14.77731],[-61.05723,14.77765],[-61.05713,14.77771],[-61.0568,14.77786],[-61.05661,14.77797],[-61.05638,14.77806],[-61.05583,14.77808],[-61.05551,14.77814],[-61.05523,14.77823],[-61.05499,14.77836],[-61.05475,14.77852],[-61.05447,14.7788],[-61.0544,14.7789],[-61.05428,14.77915],[-61.05423,14.77933],[-61.05422,14.77948],[-61.05428,14.77966],[-61.0545,14.77995],[-61.05478,14.78023],[-61.05505,14.78054],[-61.0555,14.78123],[-61.05556,14.78137],[-61.05559,14.7817],[-61.05568,14.78271],[-61.05563,14.78305],[-61.05555,14.78333],[-61.05531,14.78467],[-61.05531,14.785],[-61.05536,14.78539],[-61.05541,14.78569],[-61.05555,14.78628],[-61.05573,14.78667],[-61.05583,14.78705],[-61.05583,14.78727],[-61.05575,14.78756],[-61.05568,14.78769],[-61.05556,14.78804],[-61.05532,14.78851],[-61.0552,14.78882],[-61.05509,14.78919],[-61.05503,14.78932],[-61.05492,14.78963],[-61.05487,14.78973],[-61.05451,14.79015],[-61.05425,14.79035],[-61.05361,14.79079],[-61.05341,14.79099],[-61.05302,14.79141],[-61.05267,14.79185],[-61.05248,14.79215],[-61.05232,14.79235],[-61.0522,14.79267],[-61.05218,14.79282],[-61.05223,14.79405],[-61.0523,14.79459],[-61.0524,14.79504],[-61.05247,14.79523],[-61.05257,14.79589],[-61.05267,14.79627],[-61.0528,14.79657],[-61.05299,14.79695],[-61.05302,14.79711],[-61.05315,14.79747],[-61.05338,14.79793],[-61.05348,14.79825],[-61.05369,14.79866],[-61.05381,14.79908],[-61.05377,14.79939],[-61.05371,14.7996],[-61.05356,14.79999],[-61.05338,14.80028],[-61.05333,14.80044],[-61.05301,14.80111],[-61.05285,14.80137],[-61.05268,14.80168],[-61.05247,14.80199],[-61.05229,14.80235],[-61.05204,14.80291],[-61.05177,14.80346],[-61.05146,14.80389],[-61.05114,14.80412],[-61.05108,14.8042],[-61.0511,14.80466],[-61.0511,14.80501],[-61.05105,14.80517],[-61.05092,14.80545],[-61.05084,14.80586],[-61.05049,14.80661],[-61.05024,14.80712],[-61.05006,14.8075],[-61.0498,14.80791],[-61.04953,14.80847],[-61.04927,14.80919],[-61.04928,14.81028],[-61.04925,14.81054],[-61.04894,14.81134],[-61.04891,14.8115],[-61.04886,14.81211],[-61.04887,14.8124],[-61.04892,14.81278],[-61.04901,14.81316],[-61.0491,14.81344],[-61.04921,14.81369],[-61.04934,14.81423],[-61.04937,14.8145],[-61.04935,14.81528],[-61.04928,14.8155],[-61.04918,14.81566],[-61.04881,14.8161],[-61.04871,14.81628],[-61.04854,14.81683],[-61.04855,14.81697],[-61.04851,14.81711],[-61.04839,14.81742],[-61.04798,14.81853],[-61.04792,14.81881],[-61.04763,14.81962],[-61.04746,14.82026],[-61.04733,14.8207],[-61.04715,14.82115],[-61.04678,14.82202],[-61.04665,14.82226],[-61.04648,14.82243],[-61.04615,14.82289],[-61.04595,14.82314],[-61.04554,14.82357],[-61.04515,14.82405],[-61.04491,14.82431],[-61.04426,14.82475],[-61.04301,14.82573],[-61.04244,14.82633],[-61.04206,14.82752],[-61.04188,14.8283],[-61.04195,14.82846],[-61.04203,14.82872],[-61.04199,14.829],[-61.04196,14.82911],[-61.04181,14.82934],[-61.04127,14.83006],[-61.04101,14.83041],[-61.04046,14.83102],[-61.0403,14.83115],[-61.03986,14.83186],[-61.03972,14.83173],[-61.03947,14.83168],[-61.03919,14.83143],[-61.03881,14.83114],[-61.03863,14.83103],[-61.03832,14.8308],[-61.03824,14.83072],[-61.0378,14.83047],[-61.03744,14.8303],[-61.03732,14.83022],[-61.037,14.83012],[-61.03683,14.83003],[-61.03619,14.82981],[-61.03595,14.82982],[-61.03568,14.83004],[-61.03549,14.83016],[-61.03499,14.83029],[-61.03446,14.83045],[-61.0342,14.83059],[-61.03404,14.83064],[-61.03362,14.83068],[-61.03335,14.83073],[-61.03292,14.83085],[-61.03252,14.83093],[-61.03223,14.83094],[-61.03191,14.83102],[-61.03157,14.83108],[-61.03141,14.83107],[-61.03118,14.831],[-61.0308,14.83082],[-61.03048,14.83069],[-61.03018,14.83063],[-61.02994,14.83052],[-61.02965,14.83049],[-61.02945,14.83043],[-61.02933,14.83035],[-61.02909,14.8301],[-61.02891,14.82995],[-61.02908,14.82948],[-61.02929,14.82933],[-61.02945,14.82911],[-61.02947,14.82881],[-61.02936,14.82853],[-61.0293,14.82814],[-61.02934,14.82792],[-61.02936,14.82766],[-61.02941,14.82747],[-61.02952,14.82722],[-61.02972,14.8269],[-61.03007,14.82659],[-61.03033,14.82626],[-61.03043,14.82609],[-61.03053,14.82603],[-61.03109,14.82551],[-61.03115,14.82525],[-61.03103,14.8249],[-61.03103,14.82469],[-61.0311,14.82449],[-61.03119,14.82453],[-61.03113,14.82468],[-61.0311,14.82489],[-61.03113,14.82497],[-61.03128,14.82519],[-61.03142,14.82527],[-61.03157,14.82523],[-61.03172,14.82508],[-61.03179,14.82493],[-61.0318,14.82462],[-61.03177,14.82451],[-61.03176,14.82385],[-61.0314,14.82392],[-61.03153,14.82461],[-61.03144,14.82461],[-61.03133,14.824],[-61.03127,14.82388],[-61.03179,14.82379],[-61.03191,14.82367],[-61.03174,14.82354],[-61.03172,14.82334],[-61.03157,14.82315],[-61.03139,14.82298],[-61.0313,14.82295],[-61.03089,14.82296],[-61.03063,14.82301],[-61.03018,14.82288],[-61.0298,14.82272],[-61.02949,14.82261],[-61.02928,14.82266],[-61.02902,14.82266],[-61.02877,14.8227],[-61.02816,14.82301],[-61.0279,14.82306],[-61.0277,14.82302],[-61.02746,14.82292],[-61.02716,14.82287],[-61.02657,14.82291],[-61.02636,14.82289],[-61.02593,14.82295],[-61.02578,14.823],[-61.0255,14.82316],[-61.02538,14.82317],[-61.02524,14.82308],[-61.02515,14.8229],[-61.02499,14.82317],[-61.025,14.82335],[-61.02472,14.82345],[-61.02466,14.82324],[-61.02495,14.82296],[-61.02501,14.82283],[-61.02497,14.82273],[-61.02472,14.82257],[-61.0245,14.82259],[-61.02421,14.82273],[-61.02436,14.82248],[-61.02459,14.82216],[-61.0247,14.82199],[-61.02486,14.82193],[-61.0248,14.82173],[-61.02456,14.82162],[-61.02423,14.8216],[-61.02416,14.82172],[-61.02381,14.82184],[-61.02357,14.82183],[-61.0234,14.8219],[-61.02324,14.82193],[-61.02316,14.82186],[-61.02301,14.82193],[-61.02292,14.82175],[-61.02292,14.82157],[-61.02298,14.82145],[-61.02295,14.8213],[-61.02283,14.8212],[-61.02251,14.82081],[-61.02234,14.82056],[-61.02231,14.82042],[-61.02234,14.82017],[-61.02225,14.81988],[-61.02213,14.81969],[-61.02201,14.81957],[-61.02181,14.81943],[-61.02182,14.81921],[-61.02168,14.81891],[-61.0216,14.8188],[-61.02143,14.8187],[-61.0211,14.81856],[-61.02106,14.81822],[-61.02096,14.81815],[-61.02072,14.81812],[-61.02069,14.81805],[-61.02081,14.81799],[-61.02096,14.81784],[-61.02112,14.81758],[-61.02114,14.81746],[-61.02099,14.81703],[-61.02079,14.81656],[-61.02076,14.81638],[-61.02076,14.81611],[-61.02091,14.81571],[-61.02102,14.81532],[-61.021,14.8152],[-61.02103,14.81496],[-61.02102,14.81471],[-61.02096,14.81433],[-61.02091,14.81381],[-61.02093,14.81316],[-61.02096,14.81291],[-61.02085,14.81256],[-61.02078,14.81252],[-61.02052,14.81221],[-61.02034,14.81192],[-61.02005,14.81157],[-61.01991,14.81144],[-61.01976,14.81123],[-61.01968,14.81107],[-61.01956,14.81069],[-61.01926,14.81041],[-61.01913,14.81021],[-61.01911,14.81012],[-61.01893,14.81003],[-61.01878,14.80983],[-61.01858,14.80971],[-61.01881,14.80948],[-61.01892,14.80944],[-61.01897,14.80903],[-61.01907,14.8088],[-61.01914,14.80869],[-61.0193,14.80858],[-61.01953,14.80851],[-61.02006,14.80846],[-61.02036,14.80836],[-61.02059,14.80836],[-61.0208,14.80851],[-61.02113,14.80858],[-61.0213,14.80852],[-61.02155,14.80829],[-61.02181,14.80822],[-61.02208,14.80818],[-61.02244,14.80804],[-61.02247,14.80782],[-61.02252,14.80773],[-61.02254,14.80752],[-61.02276,14.80721],[-61.02296,14.8071],[-61.0232,14.80706],[-61.02347,14.80709],[-61.0236,14.80706],[-61.02367,14.80696],[-61.02361,14.80667],[-61.02364,14.80657],[-61.02358,14.80639],[-61.02385,14.8061],[-61.02439,14.80593],[-61.02457,14.80578],[-61.02458,14.8055],[-61.02463,14.80537],[-61.02475,14.80533],[-61.02524,14.80531],[-61.02537,14.80536],[-61.02555,14.80527],[-61.02565,14.80503],[-61.02562,14.80478],[-61.02564,14.80463],[-61.02575,14.80439],[-61.02582,14.8043],[-61.02603,14.80415],[-61.02622,14.80407],[-61.02637,14.80395],[-61.02649,14.80379],[-61.02673,14.80334],[-61.0268,14.80329],[-61.02709,14.80335],[-61.0276,14.80343],[-61.02786,14.80338],[-61.02806,14.80315],[-61.02816,14.80287],[-61.02846,14.80243],[-61.02859,14.80233],[-61.02869,14.80231],[-61.02889,14.8024],[-61.02898,14.80241],[-61.02906,14.80228],[-61.02911,14.80203],[-61.02919,14.80181],[-61.02928,14.80168],[-61.02948,14.80147],[-61.02954,14.80137],[-61.02954,14.80119],[-61.02943,14.80101],[-61.02923,14.80088],[-61.02903,14.80084],[-61.02879,14.80082],[-61.02866,14.80072],[-61.02884,14.80051],[-61.02888,14.80033],[-61.02876,14.80019],[-61.02878,14.79995],[-61.0289,14.79967],[-61.02901,14.79952],[-61.0291,14.79948],[-61.02947,14.79953],[-61.02989,14.79965],[-61.03011,14.79966],[-61.03021,14.79948],[-61.03027,14.79926],[-61.03043,14.79916],[-61.03065,14.79917],[-61.03082,14.79911],[-61.03094,14.79885],[-61.0312,14.79873],[-61.03143,14.79867],[-61.03159,14.79855],[-61.03171,14.79826],[-61.0317,14.79798],[-61.03172,14.79791],[-61.03186,14.79785],[-61.03215,14.79786],[-61.03236,14.79775],[-61.03249,14.79757],[-61.03264,14.79746],[-61.03273,14.79745],[-61.03291,14.79749],[-61.03316,14.79776],[-61.03345,14.79788],[-61.0336,14.79786],[-61.03372,14.79768],[-61.03383,14.79736],[-61.03395,14.79724],[-61.0342,14.7972],[-61.03447,14.79737],[-61.03462,14.79736],[-61.03483,14.79711],[-61.03496,14.79709],[-61.03509,14.79717],[-61.03534,14.79711],[-61.03544,14.79694],[-61.03575,14.79687],[-61.03607,14.79692],[-61.03619,14.79686],[-61.03632,14.79649],[-61.03639,14.79643],[-61.03658,14.79635],[-61.03696,14.79611],[-61.03712,14.79606],[-61.0372,14.79591],[-61.03725,14.79572],[-61.03731,14.79566],[-61.0374,14.79547],[-61.03742,14.79528],[-61.03749,14.79506],[-61.03755,14.79476],[-61.03769,14.79471],[-61.03793,14.79468],[-61.0381,14.79456],[-61.03846,14.79456],[-61.03864,14.79452],[-61.0389,14.79436],[-61.03911,14.79413],[-61.03927,14.794],[-61.0395,14.79396],[-61.03958,14.79391],[-61.03965,14.79376],[-61.0398,14.79366],[-61.03989,14.79354],[-61.04004,14.7935],[-61.04011,14.79338],[-61.04052,14.79326],[-61.04086,14.79285],[-61.04093,14.79251],[-61.0409,14.79167],[-61.04095,14.7912],[-61.04117,14.79121],[-61.04121,14.7908],[-61.04123,14.79074],[-61.04123,14.79048],[-61.04211,14.78918],[-61.04223,14.78911],[-61.0424,14.78908],[-61.04275,14.78907],[-61.04284,14.78897],[-61.04307,14.78882],[-61.04322,14.78874],[-61.04337,14.78857],[-61.04369,14.7881],[-61.04384,14.78791],[-61.044,14.78764],[-61.04407,14.78759],[-61.0444,14.78742],[-61.04462,14.78725],[-61.04481,14.78706],[-61.04523,14.78676],[-61.04542,14.7867],[-61.04569,14.78655],[-61.04595,14.78637],[-61.04618,14.78616],[-61.04627,14.78603],[-61.04651,14.78585],[-61.04663,14.78568],[-61.04713,14.78519],[-61.04742,14.78358],[-61.04747,14.78301],[-61.04709,14.78239],[-61.04784,14.78107],[-61.04784,14.78081],[-61.04782,14.78057],[-61.04764,14.78037],[-61.04725,14.78031],[-61.04715,14.78028],[-61.04685,14.78008],[-61.04646,14.77975],[-61.04559,14.77916],[-61.0453,14.779],[-61.04475,14.77863],[-61.04473,14.77828],[-61.04467,14.7781],[-61.04458,14.77801],[-61.04422,14.77777],[-61.04402,14.77756],[-61.04383,14.77729],[-61.0439,14.77709],[-61.04421,14.77642],[-61.04419,14.77628],[-61.04384,14.77594],[-61.04369,14.77571],[-61.04366,14.77558],[-61.04365,14.77523],[-61.0437,14.77492],[-61.04402,14.77481],[-61.0441,14.77466],[-61.04437,14.77432],[-61.04459,14.77388],[-61.04476,14.77373],[-61.04489,14.77368],[-61.04517,14.77365],[-61.04535,14.77366],[-61.04551,14.7737],[-61.04583,14.77386],[-61.04605,14.77378],[-61.0461,14.77369],[-61.04619,14.77335],[-61.04639,14.77311],[-61.04664,14.77275],[-61.04721,14.77218],[-61.04793,14.77078],[-61.0481,14.77025],[-61.04834,14.77007],[-61.04853,14.76987],[-61.04878,14.76954],[-61.04895,14.76939],[-61.04937,14.76896],[-61.04997,14.76849],[-61.05051,14.7679],[-61.05101,14.76751],[-61.04991,14.76566],[-61.04862,14.76654],[-61.04846,14.76643],[-61.04845,14.76611],[-61.04842,14.76596],[-61.04852,14.76561],[-61.04856,14.76507],[-61.04847,14.76445],[-61.04833,14.76411],[-61.04829,14.76391],[-61.04829,14.76371],[-61.04818,14.76354],[-61.04798,14.76336],[-61.04788,14.76313],[-61.04834,14.76293],[-61.04837,14.76285],[-61.0485,14.76276],[-61.04861,14.76273],[-61.04893,14.76276],[-61.04905,14.76248],[-61.04919,14.76235],[-61.04977,14.76222],[-61.04991,14.76217],[-61.04995,14.76204],[-61.05016,14.76183],[-61.05034,14.76157],[-61.05065,14.76116],[-61.05081,14.76103],[-61.05092,14.761],[-61.05118,14.76084],[-61.0514,14.76068],[-61.05153,14.76052],[-61.05162,14.7603],[-61.05184,14.75996],[-61.05195,14.75982],[-61.05227,14.7595],[-61.05287,14.75883],[-61.05293,14.75873],[-61.05313,14.75862],[-61.05321,14.75825],[-61.05338,14.75794],[-61.05362,14.75769],[-61.05419,14.75695],[-61.05425,14.75682],[-61.05424,14.75671],[-61.05433,14.75634],[-61.0543,14.7562],[-61.05411,14.75593],[-61.05397,14.75566],[-61.05362,14.75509],[-61.05353,14.755],[-61.05324,14.75489],[-61.0531,14.75476],[-61.05304,14.75453],[-61.05284,14.75425],[-61.05284,14.75413],[-61.05292,14.75406],[-61.05323,14.75383],[-61.05324,14.75378],[-61.05342,14.75366],[-61.05372,14.75335],[-61.05407,14.75289],[-61.05414,14.75276],[-61.05422,14.75249],[-61.05416,14.75206],[-61.05416,14.75186],[-61.0542,14.75141],[-61.05423,14.75073],[-61.0543,14.7505],[-61.05429,14.75036],[-61.05409,14.74999],[-61.05407,14.74988],[-61.05398,14.74975],[-61.05388,14.74948],[-61.05381,14.74915],[-61.05367,14.74889],[-61.05339,14.74843],[-61.05343,14.74824],[-61.05338,14.74806],[-61.05321,14.74773],[-61.05313,14.74762],[-61.05318,14.74747],[-61.05299,14.7471],[-61.05297,14.74683],[-61.05298,14.74659],[-61.05304,14.74617],[-61.05312,14.74531],[-61.05315,14.74519],[-61.05315,14.74496],[-61.05307,14.74483],[-61.05283,14.74457],[-61.05262,14.74429],[-61.05239,14.74383],[-61.05244,14.74359],[-61.05253,14.74335],[-61.05257,14.74312],[-61.05264,14.74302],[-61.05289,14.74283],[-61.05302,14.74262],[-61.0532,14.7424],[-61.0534,14.74225],[-61.05356,14.7418],[-61.0537,14.74131],[-61.05406,14.7409],[-61.05406,14.74071],[-61.05403,14.74006],[-61.05414,14.73934],[-61.0542,14.73884],[-61.05431,14.73863],[-61.05447,14.73846],[-61.05503,14.73814],[-61.05534,14.73799],[-61.05555,14.73787],[-61.05592,14.73761],[-61.05604,14.73757],[-61.05698,14.73749],[-61.05722,14.73749],[-61.05741,14.73743],[-61.05765,14.7375],[-61.05789,14.73739],[-61.05808,14.73725],[-61.05835,14.73685],[-61.05857,14.7366],[-61.05879,14.73657],[-61.059,14.73667],[-61.05953,14.73675],[-61.05997,14.73671],[-61.06032,14.73659],[-61.0609,14.7363],[-61.06117,14.73608],[-61.0616,14.73586],[-61.06204,14.73576],[-61.06219,14.73576],[-61.06262,14.73557],[-61.06303,14.73563],[-61.06337,14.73574],[-61.06354,14.73577],[-61.0639,14.73593],[-61.06401,14.73596],[-61.06428,14.73598],[-61.06459,14.73594],[-61.06489,14.73599],[-61.06522,14.73591],[-61.06551,14.73597],[-61.0656,14.73592],[-61.06584,14.73569],[-61.06594,14.73563],[-61.06614,14.73566],[-61.06627,14.73554],[-61.06631,14.73538],[-61.06639,14.73526],[-61.0666,14.73513],[-61.06676,14.73481],[-61.06686,14.73468],[-61.06731,14.73412],[-61.06752,14.73378],[-61.06765,14.73344],[-61.06777,14.73333],[-61.06788,14.7333],[-61.0682,14.73327],[-61.0684,14.73319],[-61.06858,14.73307],[-61.06877,14.73304],[-61.06914,14.73325],[-61.06927,14.73331],[-61.06946,14.7333],[-61.06959,14.73322],[-61.06966,14.73307],[-61.06964,14.73265],[-61.06977,14.73205],[-61.06988,14.73182],[-61.07003,14.73171],[-61.07027,14.73159],[-61.07045,14.73141],[-61.07059,14.73131],[-61.07075,14.7313],[-61.07091,14.73136],[-61.0713,14.7312],[-61.07165,14.73118],[-61.07184,14.731],[-61.07202,14.73076],[-61.07346,14.72952],[-61.07424,14.72891],[-61.07542,14.72832],[-61.07606,14.72875],[-61.07637,14.72877],[-61.07778,14.72862],[-61.07798,14.72857],[-61.07805,14.72838],[-61.0783,14.72819],[-61.07846,14.7279],[-61.07854,14.72742],[-61.07858,14.72733],[-61.07879,14.72714],[-61.07884,14.72724],[-61.07901,14.72729],[-61.07922,14.72743],[-61.07947,14.72769],[-61.08001,14.7279],[-61.08064,14.72846],[-61.0817,14.72992],[-61.08216,14.73044],[-61.08295,14.7316],[-61.08321,14.73175],[-61.08346,14.73188],[-61.08375,14.73206],[-61.08427,14.73252],[-61.08458,14.73322],[-61.08492,14.73356],[-61.08515,14.73361],[-61.08615,14.73483],[-61.08613,14.73551],[-61.08676,14.73769],[-61.08653,14.73804],[-61.08639,14.73841],[-61.08612,14.73895],[-61.08602,14.7393],[-61.08608,14.73957],[-61.08618,14.73984],[-61.08628,14.74005],[-61.08627,14.74027],[-61.08617,14.74046],[-61.08616,14.74063],[-61.0862,14.74083],[-61.08623,14.74126],[-61.08628,14.74147],[-61.08641,14.74152],[-61.08677,14.74146],[-61.08698,14.74151],[-61.08705,14.74166],[-61.08713,14.74194],[-61.08716,14.74223],[-61.08721,14.74236],[-61.08744,14.7426],[-61.08751,14.74283],[-61.08747,14.74296]]]}},{"type":"Feature","properties":{"nom":"Le Marin","code":"97217"},"geometry":{"type":"MultiPolygon","coordinates":[[[[-60.88556,14.45937],[-60.88546,14.45956],[-60.88529,14.45977],[-60.88513,14.45982],[-60.88489,14.45978],[-60.88473,14.4597],[-60.88459,14.45951],[-60.8846,14.45925],[-60.88471,14.45905],[-60.88489,14.45887],[-60.88516,14.45878],[-60.88529,14.45881],[-60.88554,14.45901],[-60.88559,14.45922],[-60.88556,14.45937]]],[[[-60.88623,14.46218],[-60.88602,14.46218],[-60.88576,14.46232],[-60.88563,14.46231],[-60.88568,14.46216],[-60.8858,14.462],[-60.88604,14.46197],[-60.8861,14.46204],[-60.8862,14.46203],[-60.88629,14.46212],[-60.88623,14.46218]]],[[[-60.82448,14.47133],[-60.82498,14.47136],[-60.82528,14.47154],[-60.82547,14.47156],[-60.82573,14.47164],[-60.82622,14.47176],[-60.82653,14.4717],[-60.82669,14.47162],[-60.82687,14.4716],[-60.82712,14.47151],[-60.82755,14.47125],[-60.82814,14.47104],[-60.82838,14.47094],[-60.82918,14.47073],[-60.83059,14.47039],[-60.83181,14.47042],[-60.83183,14.47052],[-60.83178,14.47106],[-60.8317,14.47149],[-60.83196,14.47154],[-60.83236,14.47155],[-60.83263,14.4716],[-60.83291,14.47169],[-60.83381,14.47172],[-60.83382,14.47171],[-60.83535,14.47185],[-60.83536,14.472],[-60.8353,14.47208],[-60.83524,14.47242],[-60.83529,14.47256],[-60.83603,14.47258],[-60.83673,14.47267],[-60.83684,14.47265],[-60.83714,14.47268],[-60.83718,14.47224],[-60.83745,14.47228],[-60.83807,14.47241],[-60.8383,14.4724],[-60.83855,14.47244],[-60.83881,14.47245],[-60.83911,14.47254],[-60.83942,14.47257],[-60.83981,14.4725],[-60.84043,14.47246],[-60.84077,14.47244],[-60.84119,14.47225],[-60.84128,14.47229],[-60.8421,14.47228],[-60.8425,14.47229],[-60.84282,14.47237],[-60.84308,14.47257],[-60.8433,14.47271],[-60.84334,14.47202],[-60.84339,14.47156],[-60.84342,14.47112],[-60.84346,14.47102],[-60.84504,14.47098],[-60.84514,14.471],[-60.84534,14.47125],[-60.84545,14.4716],[-60.84557,14.47192],[-60.84557,14.47208],[-60.84542,14.47233],[-60.84504,14.47256],[-60.84489,14.4729],[-60.84488,14.47315],[-60.84483,14.47334],[-60.84487,14.47354],[-60.84497,14.47368],[-60.84508,14.47376],[-60.84529,14.47388],[-60.8456,14.47391],[-60.84696,14.47415],[-60.84736,14.4742],[-60.84726,14.47375],[-60.84708,14.47273],[-60.84709,14.47242],[-60.84721,14.47207],[-60.84727,14.47194],[-60.84811,14.47167],[-60.85176,14.47061],[-60.85183,14.47049],[-60.85198,14.47001],[-60.85209,14.46956],[-60.85257,14.46961],[-60.8537,14.46969],[-60.85393,14.46969],[-60.85489,14.46974],[-60.85497,14.4697],[-60.85507,14.46947],[-60.85499,14.46914],[-60.855,14.46904],[-60.85508,14.46898],[-60.85522,14.46896],[-60.85529,14.46886],[-60.85528,14.46872],[-60.85534,14.46857],[-60.85542,14.46854],[-60.85594,14.46846],[-60.85632,14.46831],[-60.85642,14.46826],[-60.8565,14.46814],[-60.85656,14.46777],[-60.85663,14.4676],[-60.85673,14.46748],[-60.85698,14.46737],[-60.85743,14.4673],[-60.85775,14.46718],[-60.85817,14.46696],[-60.85902,14.46653],[-60.85945,14.46635],[-60.85972,14.46625],[-60.8599,14.46616],[-60.85992,14.46622],[-60.86004,14.46629],[-60.86002,14.46638],[-60.85981,14.4666],[-60.85983,14.46669],[-60.85971,14.46701],[-60.85973,14.46709],[-60.85985,14.46706],[-60.85997,14.4671],[-60.8601,14.46725],[-60.86,14.46744],[-60.86003,14.46751],[-60.86007,14.46782],[-60.86017,14.46793],[-60.86035,14.46781],[-60.86067,14.46767],[-60.86109,14.46737],[-60.86121,14.46742],[-60.86136,14.46741],[-60.86281,14.46695],[-60.86318,14.46677],[-60.86345,14.46668],[-60.86384,14.46667],[-60.864,14.46676],[-60.8641,14.46686],[-60.86418,14.46718],[-60.86419,14.46735],[-60.86408,14.46792],[-60.86389,14.46832],[-60.8638,14.46858],[-60.86385,14.46874],[-60.8641,14.4691],[-60.86425,14.46895],[-60.86426,14.46859],[-60.86432,14.4685],[-60.86448,14.46846],[-60.86468,14.46862],[-60.86556,14.46924],[-60.86574,14.46938],[-60.86619,14.47033],[-60.86625,14.47067],[-60.86638,14.47076],[-60.86672,14.4707],[-60.867,14.47067],[-60.86712,14.47064],[-60.86741,14.47035],[-60.8674,14.47033],[-60.86787,14.47013],[-60.86787,14.47007],[-60.86843,14.47],[-60.86908,14.46996],[-60.8692,14.46999],[-60.8694,14.47013],[-60.86958,14.47013],[-60.86983,14.47006],[-60.86992,14.46998],[-60.86981,14.46989],[-60.86999,14.46969],[-60.87002,14.46972],[-60.87027,14.46944],[-60.87033,14.4695],[-60.87041,14.46941],[-60.87068,14.46935],[-60.87103,14.46938],[-60.87168,14.46934],[-60.87188,14.46928],[-60.87235,14.46911],[-60.87265,14.46875],[-60.87316,14.46898],[-60.87306,14.4692],[-60.87308,14.46938],[-60.87319,14.46949],[-60.87358,14.46967],[-60.87378,14.46972],[-60.87396,14.46972],[-60.87407,14.46994],[-60.87406,14.47018],[-60.8737,14.47069],[-60.87333,14.47134],[-60.87328,14.47149],[-60.87343,14.47161],[-60.87366,14.47168],[-60.87391,14.47186],[-60.87409,14.47209],[-60.87422,14.47211],[-60.8744,14.47193],[-60.8745,14.47192],[-60.87501,14.47212],[-60.87517,14.47221],[-60.87527,14.47221],[-60.87545,14.47212],[-60.87565,14.47207],[-60.8757,14.472],[-60.87586,14.47169],[-60.87595,14.47185],[-60.87609,14.47191],[-60.8762,14.47166],[-60.87651,14.47159],[-60.87678,14.47125],[-60.877,14.4711],[-60.87713,14.47097],[-60.87768,14.47074],[-60.87802,14.47081],[-60.87812,14.47074],[-60.87812,14.47036],[-60.87817,14.47026],[-60.87844,14.47],[-60.87846,14.46994],[-60.87847,14.46952],[-60.87838,14.46934],[-60.87837,14.4692],[-60.87842,14.46915],[-60.87872,14.46903],[-60.87884,14.46902],[-60.879,14.46904],[-60.87913,14.46896],[-60.87893,14.46868],[-60.87875,14.46848],[-60.87884,14.46841],[-60.87906,14.46852],[-60.87925,14.46874],[-60.87934,14.4689],[-60.87955,14.46913],[-60.87966,14.46917],[-60.88016,14.46908],[-60.88059,14.46917],[-60.88083,14.46936],[-60.88096,14.46938],[-60.88117,14.46936],[-60.88143,14.46941],[-60.8816,14.46938],[-60.88173,14.46918],[-60.88183,14.46882],[-60.88204,14.46816],[-60.8822,14.46785],[-60.88239,14.46755],[-60.88252,14.46739],[-60.88307,14.46677],[-60.88327,14.46652],[-60.88338,14.46634],[-60.88341,14.46621],[-60.88336,14.46615],[-60.88379,14.46562],[-60.88393,14.4654],[-60.88396,14.46532],[-60.88411,14.46509],[-60.88412,14.4649],[-60.88432,14.46468],[-60.88438,14.46446],[-60.88436,14.46422],[-60.88443,14.46406],[-60.8848,14.46373],[-60.88519,14.46364],[-60.88533,14.46368],[-60.88542,14.46363],[-60.88547,14.46346],[-60.88566,14.46337],[-60.88578,14.4632],[-60.88585,14.46304],[-60.88612,14.4628],[-60.88624,14.46276],[-60.88634,14.46259],[-60.88666,14.46237],[-60.88684,14.46221],[-60.88695,14.46201],[-60.88703,14.46181],[-60.88727,14.46147],[-60.88744,14.46133],[-60.88762,14.46123],[-60.88804,14.46085],[-60.88822,14.4608],[-60.88827,14.46056],[-60.88839,14.46034],[-60.88867,14.46007],[-60.88864,14.4599],[-60.88876,14.45986],[-60.889,14.45986],[-60.88905,14.45995],[-60.88924,14.45988],[-60.88934,14.45972],[-60.88961,14.45948],[-60.88979,14.45937],[-60.88988,14.45924],[-60.88999,14.45916],[-60.89041,14.45898],[-60.89074,14.45886],[-60.89088,14.45861],[-60.89099,14.45816],[-60.8911,14.45787],[-60.89126,14.45764],[-60.89128,14.45749],[-60.89137,14.45727],[-60.89162,14.45686],[-60.89197,14.45651],[-60.89206,14.45638],[-60.89235,14.45611],[-60.89269,14.45589],[-60.89284,14.45559],[-60.89286,14.45537],[-60.8928,14.45517],[-60.89282,14.45501],[-60.89275,14.45425],[-60.89272,14.454],[-60.8926,14.45356],[-60.89253,14.45314],[-60.89256,14.45297],[-60.89265,14.45281],[-60.89287,14.45264],[-60.89303,14.45259],[-60.89323,14.45241],[-60.89349,14.45226],[-60.89376,14.45205],[-60.89397,14.45205],[-60.89426,14.45184],[-60.8944,14.45176],[-60.89478,14.45148],[-60.89508,14.45121],[-60.89509,14.45115],[-60.89539,14.45091],[-60.89564,14.45081],[-60.89576,14.45067],[-60.89598,14.45062],[-60.89606,14.45054],[-60.89628,14.45046],[-60.89648,14.45033],[-60.89691,14.45015],[-60.89716,14.45002],[-60.89726,14.44994],[-60.89746,14.44987],[-60.89756,14.44978],[-60.89774,14.44944],[-60.8979,14.44931],[-60.89813,14.44916],[-60.89818,14.44905],[-60.89818,14.44885],[-60.89823,14.44867],[-60.89838,14.44842],[-60.89861,14.44817],[-60.89877,14.44806],[-60.8988,14.44797],[-60.89892,14.44799],[-60.89907,14.44792],[-60.8991,14.44784],[-60.89921,14.44787],[-60.89929,14.44804],[-60.89944,14.44824],[-60.89961,14.44842],[-60.89979,14.44845],[-60.8998,14.44857],[-60.8999,14.44868],[-60.89998,14.4487],[-60.9002,14.44862],[-60.90034,14.44866],[-60.90048,14.44877],[-60.90054,14.4489],[-60.90047,14.44911],[-60.90049,14.4492],[-60.90062,14.44922],[-60.90065,14.44941],[-60.9006,14.44963],[-60.90065,14.44967],[-60.90058,14.44986],[-60.90037,14.45017],[-60.9,14.45055],[-60.8999,14.45061],[-60.89986,14.45078],[-60.89988,14.45091],[-60.89984,14.45114],[-60.8999,14.45127],[-60.89991,14.45138],[-60.90005,14.45151],[-60.90025,14.45177],[-60.90051,14.452],[-60.90075,14.45214],[-60.90095,14.45222],[-60.90101,14.45228],[-60.90111,14.45256],[-60.90138,14.45284],[-60.90157,14.45296],[-60.90198,14.45317],[-60.90242,14.45343],[-60.90272,14.45363],[-60.90294,14.45371],[-60.90319,14.45386],[-60.90346,14.4539],[-60.90355,14.45388],[-60.90376,14.45399],[-60.90405,14.45409],[-60.90412,14.45421],[-60.90436,14.45441],[-60.90449,14.45456],[-60.9047,14.45468],[-60.90488,14.45482],[-60.90505,14.45501],[-60.90522,14.4551],[-60.9053,14.4551],[-60.90567,14.45524],[-60.90572,14.45532],[-60.90601,14.45547],[-60.90602,14.45553],[-60.90622,14.45576],[-60.90637,14.45598],[-60.90671,14.45636],[-60.90689,14.45651],[-60.90729,14.45702],[-60.90738,14.45722],[-60.90749,14.45722],[-60.90743,14.45736],[-60.90747,14.45745],[-60.90352,14.45784],[-60.90258,14.45885],[-60.90164,14.45922],[-60.90161,14.45931],[-60.90135,14.45961],[-60.90069,14.46078],[-60.90057,14.4609],[-60.90025,14.46131],[-60.9001,14.46156],[-60.90002,14.46177],[-60.89992,14.46216],[-60.89987,14.46225],[-60.8997,14.46334],[-60.89904,14.46555],[-60.9007,14.46848],[-60.90093,14.4689],[-60.90067,14.46909],[-60.89883,14.47093],[-60.89521,14.47211],[-60.89561,14.47326],[-60.89715,14.4751],[-60.89629,14.47537],[-60.89643,14.4775],[-60.89609,14.47747],[-60.89102,14.47845],[-60.89025,14.48122],[-60.89026,14.48136],[-60.89025,14.48176],[-60.89032,14.48213],[-60.89039,14.48264],[-60.89028,14.48293],[-60.89005,14.48324],[-60.88992,14.48344],[-60.88933,14.48392],[-60.88928,14.48409],[-60.88938,14.4851],[-60.88938,14.4854],[-60.88929,14.48563],[-60.8892,14.4857],[-60.88889,14.48606],[-60.88896,14.48621],[-60.88891,14.48691],[-60.88879,14.48828],[-60.88675,14.4878],[-60.88677,14.4906],[-60.88265,14.49099],[-60.88267,14.49156],[-60.88273,14.49191],[-60.8828,14.49206],[-60.88292,14.49239],[-60.88245,14.49297],[-60.88217,14.49321],[-60.88184,14.49367],[-60.88178,14.49377],[-60.88162,14.4939],[-60.88154,14.49406],[-60.88136,14.49429],[-60.88133,14.49439],[-60.88082,14.49459],[-60.88073,14.49464],[-60.88036,14.49468],[-60.88035,14.49473],[-60.87944,14.49507],[-60.87921,14.49512],[-60.87909,14.49518],[-60.87862,14.49537],[-60.87751,14.49578],[-60.8775,14.49625],[-60.87662,14.49627],[-60.87645,14.49603],[-60.87626,14.49625],[-60.876,14.49643],[-60.87469,14.49775],[-60.87491,14.498],[-60.8742,14.49816],[-60.87405,14.49801],[-60.87315,14.49958],[-60.87277,14.50063],[-60.87317,14.50072],[-60.87328,14.50262],[-60.87326,14.50302],[-60.87121,14.5033],[-60.87027,14.50343],[-60.87058,14.5075],[-60.87048,14.5077],[-60.86961,14.50742],[-60.86899,14.50732],[-60.8688,14.5076],[-60.86867,14.50798],[-60.86899,14.50853],[-60.86902,14.50986],[-60.86866,14.50955],[-60.86826,14.50974],[-60.86802,14.50982],[-60.86785,14.50984],[-60.86752,14.50982],[-60.86727,14.50979],[-60.86712,14.50982],[-60.867,14.50991],[-60.86693,14.51004],[-60.86683,14.5101],[-60.86687,14.51043],[-60.86687,14.51084],[-60.86681,14.51159],[-60.86687,14.51234],[-60.86648,14.51231],[-60.86547,14.51212],[-60.86516,14.512],[-60.86474,14.51233],[-60.86454,14.51527],[-60.86445,14.51647],[-60.86144,14.51616],[-60.86141,14.51635],[-60.86068,14.5166],[-60.86067,14.51617],[-60.85961,14.51611],[-60.85989,14.51207],[-60.85965,14.51201],[-60.85925,14.51203],[-60.85899,14.51205],[-60.85832,14.5122],[-60.85795,14.5122],[-60.85753,14.51223],[-60.85711,14.51214],[-60.85682,14.51139],[-60.85697,14.51142],[-60.85736,14.51142],[-60.85811,14.51133],[-60.8578,14.51078],[-60.85876,14.51039],[-60.85878,14.50992],[-60.85819,14.50972],[-60.85775,14.50947],[-60.85762,14.50928],[-60.85671,14.50946],[-60.85717,14.50903],[-60.85697,14.50902],[-60.85678,14.50896],[-60.85653,14.50882],[-60.85622,14.50866],[-60.85584,14.50863],[-60.85561,14.50856],[-60.85546,14.50844],[-60.85527,14.5084],[-60.85483,14.50812],[-60.85478,14.50798],[-60.85462,14.50777],[-60.85445,14.50761],[-60.85415,14.50721],[-60.85403,14.50713],[-60.85376,14.50707],[-60.85348,14.50705],[-60.85327,14.50686],[-60.8531,14.50668],[-60.85285,14.50653],[-60.85275,14.5064],[-60.85263,14.50619],[-60.85243,14.50605],[-60.85224,14.50588],[-60.85202,14.50566],[-60.8518,14.50567],[-60.85156,14.50577],[-60.85147,14.50572],[-60.8514,14.5055],[-60.85122,14.50537],[-60.8511,14.50535],[-60.85086,14.50546],[-60.85071,14.50557],[-60.85054,14.50583],[-60.85029,14.50598],[-60.8501,14.50602],[-60.84994,14.50601],[-60.84982,14.50596],[-60.84977,14.50579],[-60.84965,14.50552],[-60.84913,14.50425],[-60.84855,14.50283],[-60.8485,14.50275],[-60.84767,14.50054],[-60.8476,14.50062],[-60.84728,14.50079],[-60.84725,14.50084],[-60.84725,14.5012],[-60.84719,14.50125],[-60.84699,14.50128],[-60.84678,14.50136],[-60.84659,14.50153],[-60.84638,14.50162],[-60.8463,14.50171],[-60.84642,14.50198],[-60.84636,14.50213],[-60.84614,14.50216],[-60.84599,14.50212],[-60.84586,14.50214],[-60.84554,14.50242],[-60.84526,14.50285],[-60.8448,14.5031],[-60.8447,14.50314],[-60.84441,14.50319],[-60.84418,14.5033],[-60.84394,14.50333],[-60.84369,14.50342],[-60.84336,14.50362],[-60.84305,14.50375],[-60.84286,14.5038],[-60.84247,14.50409],[-60.84222,14.50399],[-60.84204,14.50398],[-60.84143,14.50416],[-60.84114,14.50418],[-60.84067,14.50411],[-60.84049,14.50414],[-60.8404,14.50419],[-60.84011,14.50426],[-60.83977,14.50428],[-60.83879,14.50421],[-60.8386,14.50418],[-60.83841,14.5041],[-60.83771,14.50363],[-60.83756,14.50361],[-60.83731,14.50369],[-60.83712,14.50371],[-60.83682,14.50351],[-60.83645,14.50343],[-60.83624,14.50335],[-60.83616,14.50329],[-60.83588,14.50291],[-60.8358,14.50282],[-60.83552,14.50263],[-60.8353,14.50251],[-60.83509,14.50235],[-60.83481,14.50232],[-60.83443,14.50219],[-60.83379,14.50193],[-60.8334,14.5018],[-60.83276,14.50156],[-60.83214,14.50137],[-60.83144,14.50118],[-60.83133,14.50119],[-60.83103,14.50131],[-60.83082,14.5013],[-60.83056,14.50119],[-60.83009,14.50126],[-60.82979,14.50126],[-60.82942,14.50114],[-60.82928,14.50102],[-60.82919,14.50085],[-60.82905,14.50076],[-60.82853,14.50067],[-60.82836,14.5006],[-60.82794,14.50037],[-60.82769,14.50032],[-60.82756,14.50033],[-60.82723,14.50051],[-60.82674,14.50068],[-60.82655,14.50069],[-60.82638,14.50066],[-60.8262,14.50051],[-60.82592,14.50044],[-60.82566,14.50041],[-60.82504,14.49972],[-60.8247,14.49927],[-60.82461,14.4992],[-60.82431,14.49889],[-60.82409,14.49876],[-60.82361,14.49865],[-60.82359,14.49806],[-60.82354,14.49741],[-60.82343,14.49689],[-60.82314,14.49575],[-60.82285,14.49497],[-60.8227,14.49467],[-60.82253,14.49439],[-60.82248,14.49423],[-60.82234,14.49404],[-60.82193,14.49362],[-60.82147,14.49323],[-60.82114,14.49303],[-60.82081,14.49289],[-60.82061,14.49284],[-60.82026,14.49278],[-60.81987,14.49279],[-60.81958,14.49283],[-60.81931,14.4929],[-60.81901,14.49299],[-60.81874,14.49312],[-60.81859,14.49324],[-60.81844,14.49342],[-60.81838,14.49358],[-60.81835,14.49381],[-60.81842,14.49426],[-60.81851,14.49437],[-60.81875,14.49441],[-60.81893,14.49441],[-60.819,14.49449],[-60.81895,14.49461],[-60.8188,14.49469],[-60.81827,14.49479],[-60.81815,14.49483],[-60.81783,14.49507],[-60.81772,14.49501],[-60.81779,14.4948],[-60.81786,14.49449],[-60.81786,14.49433],[-60.81792,14.4941],[-60.81793,14.49388],[-60.81786,14.4933],[-60.8178,14.49319],[-60.81762,14.49307],[-60.8175,14.49302],[-60.81741,14.49287],[-60.81715,14.49274],[-60.81704,14.49284],[-60.81657,14.49305],[-60.81643,14.49307],[-60.81622,14.49315],[-60.81591,14.49321],[-60.81569,14.49305],[-60.81545,14.49296],[-60.81541,14.49277],[-60.81547,14.4926],[-60.81559,14.49245],[-60.81553,14.49224],[-60.81526,14.49213],[-60.81511,14.49205],[-60.81517,14.49175],[-60.81513,14.49165],[-60.81509,14.49132],[-60.81487,14.49109],[-60.81479,14.49095],[-60.81451,14.49073],[-60.81446,14.49057],[-60.8145,14.49018],[-60.8143,14.48984],[-60.81414,14.48965],[-60.81409,14.48952],[-60.81423,14.48938],[-60.81434,14.48888],[-60.81449,14.48846],[-60.81459,14.48811],[-60.81471,14.48786],[-60.81479,14.48776],[-60.8149,14.48772],[-60.81499,14.48759],[-60.81503,14.48726],[-60.81499,14.48692],[-60.81489,14.48664],[-60.81475,14.48635],[-60.81463,14.48604],[-60.81416,14.48528],[-60.81396,14.48503],[-60.81372,14.48463],[-60.81359,14.48433],[-60.81334,14.48391],[-60.81327,14.48369],[-60.81317,14.4836],[-60.81261,14.48266],[-60.81237,14.48232],[-60.81187,14.48167],[-60.81149,14.48129],[-60.81127,14.48099],[-60.81119,14.48091],[-60.81103,14.48067],[-60.81084,14.48048],[-60.81069,14.48038],[-60.81057,14.48035],[-60.81042,14.48053],[-60.81037,14.48034],[-60.81056,14.48019],[-60.81056,14.48004],[-60.8105,14.47999],[-60.8109,14.47961],[-60.81106,14.47953],[-60.81123,14.4794],[-60.8114,14.47911],[-60.81143,14.47901],[-60.81147,14.47858],[-60.81146,14.47825],[-60.81152,14.47787],[-60.81165,14.47762],[-60.81181,14.47741],[-60.81208,14.47721],[-60.81254,14.47707],[-60.81285,14.47705],[-60.81307,14.47701],[-60.81325,14.4768],[-60.81332,14.47662],[-60.81341,14.47629],[-60.81351,14.47579],[-60.81353,14.47561],[-60.8136,14.47529],[-60.81365,14.47486],[-60.81366,14.47463],[-60.81363,14.47419],[-60.81355,14.47396],[-60.8136,14.47391],[-60.81409,14.47381],[-60.81441,14.47372],[-60.81464,14.47369],[-60.81545,14.47341],[-60.81574,14.47336],[-60.81598,14.47328],[-60.81638,14.47307],[-60.81681,14.4728],[-60.81715,14.47246],[-60.81708,14.4722],[-60.81724,14.4722],[-60.81733,14.47203],[-60.81745,14.47192],[-60.8179,14.47181],[-60.81809,14.47183],[-60.81835,14.47176],[-60.81873,14.47179],[-60.81891,14.47172],[-60.81905,14.4716],[-60.81929,14.47147],[-60.81935,14.47154],[-60.81935,14.47167],[-60.81927,14.47178],[-60.81933,14.47188],[-60.81919,14.47208],[-60.81896,14.47227],[-60.81893,14.47235],[-60.81849,14.47269],[-60.8183,14.47286],[-60.81816,14.47316],[-60.81793,14.4734],[-60.81763,14.47356],[-60.8174,14.47383],[-60.81718,14.47394],[-60.81706,14.47395],[-60.8169,14.47445],[-60.81696,14.4746],[-60.81719,14.47467],[-60.81745,14.47463],[-60.81752,14.47459],[-60.81762,14.47466],[-60.81777,14.47468],[-60.81797,14.4748],[-60.81834,14.47497],[-60.81848,14.47508],[-60.81885,14.47526],[-60.81891,14.47528],[-60.81918,14.47525],[-60.81964,14.47535],[-60.81977,14.47543],[-60.81979,14.4755],[-60.81972,14.47564],[-60.81952,14.47576],[-60.8193,14.47593],[-60.81929,14.47606],[-60.81943,14.47626],[-60.81969,14.47643],[-60.81994,14.47654],[-60.82027,14.47654],[-60.82058,14.47649],[-60.821,14.47653],[-60.82122,14.47653],[-60.82151,14.47641],[-60.82162,14.47642],[-60.82177,14.47656],[-60.82182,14.47666],[-60.82184,14.47691],[-60.82198,14.47708],[-60.82209,14.47712],[-60.82208,14.47699],[-60.82213,14.47683],[-60.82232,14.47654],[-60.82259,14.47632],[-60.82296,14.47615],[-60.82303,14.47608],[-60.82305,14.47587],[-60.82312,14.47569],[-60.82309,14.47554],[-60.82301,14.47543],[-60.82289,14.47544],[-60.8226,14.47523],[-60.82249,14.47523],[-60.82245,14.47497],[-60.82233,14.47479],[-60.82233,14.4746],[-60.82244,14.47446],[-60.82254,14.4744],[-60.82252,14.47413],[-60.8224,14.47398],[-60.82193,14.47396],[-60.82179,14.47385],[-60.82172,14.47364],[-60.82165,14.4736],[-60.82156,14.47334],[-60.82152,14.47316],[-60.82159,14.47306],[-60.8218,14.47292],[-60.82211,14.47294],[-60.82221,14.47286],[-60.82241,14.47266],[-60.8225,14.47247],[-60.8226,14.47239],[-60.82266,14.47248],[-60.82282,14.4726],[-60.82305,14.47257],[-60.8231,14.47247],[-60.82306,14.47233],[-60.82326,14.4724],[-60.82336,14.47237],[-60.82357,14.47213],[-60.82398,14.47188],[-60.82429,14.47181],[-60.82447,14.47141],[-60.82448,14.47133]]]]}},{"type":"Feature","properties":{"nom":"Le Morne-Rouge","code":"97218"},"geometry":{"type":"Polygon","coordinates":[[[-61.08747,14.74296],[-61.08764,14.74302],[-61.08771,14.74322],[-61.08786,14.74331],[-61.08795,14.74328],[-61.08826,14.74325],[-61.08838,14.74327],[-61.08864,14.74336],[-61.08889,14.74357],[-61.08906,14.74386],[-61.08923,14.74401],[-61.08936,14.744],[-61.08957,14.74393],[-61.08967,14.74386],[-61.08986,14.74355],[-61.08989,14.7433],[-61.08982,14.74294],[-61.08977,14.74277],[-61.08978,14.74264],[-61.09,14.74245],[-61.0902,14.74236],[-61.0904,14.74224],[-61.09079,14.74185],[-61.09107,14.74155],[-61.09137,14.74144],[-61.09162,14.74143],[-61.092,14.74132],[-61.09232,14.74135],[-61.09251,14.74145],[-61.09273,14.74167],[-61.09293,14.74171],[-61.09307,14.74161],[-61.0934,14.74154],[-61.09382,14.74154],[-61.09395,14.74151],[-61.09418,14.74129],[-61.09431,14.74108],[-61.09486,14.74067],[-61.09528,14.74042],[-61.09533,14.74027],[-61.09527,14.74012],[-61.09529,14.73991],[-61.09536,14.73973],[-61.09549,14.73955],[-61.09574,14.73945],[-61.09599,14.73939],[-61.09617,14.7393],[-61.09625,14.73921],[-61.09631,14.73881],[-61.09647,14.73848],[-61.09659,14.73831],[-61.09678,14.73817],[-61.09734,14.73784],[-61.09748,14.73772],[-61.09768,14.73748],[-61.09794,14.73705],[-61.09831,14.73672],[-61.09875,14.73661],[-61.09894,14.73645],[-61.09923,14.73636],[-61.09945,14.73634],[-61.0996,14.73627],[-61.09983,14.73598],[-61.10028,14.73565],[-61.10097,14.73501],[-61.10113,14.73487],[-61.10118,14.7347],[-61.10112,14.7344],[-61.10113,14.73418],[-61.10121,14.73395],[-61.10136,14.7334],[-61.10141,14.73325],[-61.10152,14.73308],[-61.10196,14.73285],[-61.10218,14.73262],[-61.10225,14.73258],[-61.10258,14.73252],[-61.10295,14.7324],[-61.10308,14.73233],[-61.10336,14.73225],[-61.10369,14.732],[-61.10408,14.73162],[-61.10434,14.73149],[-61.10443,14.73122],[-61.10451,14.73081],[-61.10473,14.73087],[-61.10498,14.73108],[-61.10548,14.73144],[-61.10553,14.73181],[-61.10556,14.73189],[-61.10564,14.73234],[-61.10563,14.73251],[-61.10559,14.73288],[-61.10518,14.73404],[-61.10518,14.73425],[-61.10547,14.73483],[-61.10544,14.73544],[-61.10565,14.7357],[-61.10592,14.73602],[-61.10611,14.73616],[-61.10628,14.73633],[-61.10652,14.7368],[-61.10683,14.73717],[-61.10708,14.73743],[-61.10737,14.7377],[-61.10774,14.73794],[-61.10816,14.73808],[-61.10852,14.73812],[-61.10876,14.7381],[-61.10898,14.73799],[-61.10931,14.73791],[-61.10956,14.73783],[-61.11019,14.73748],[-61.11035,14.73734],[-61.11093,14.7372],[-61.11153,14.73727],[-61.11225,14.73733],[-61.11287,14.73729],[-61.11328,14.73729],[-61.11338,14.73772],[-61.11334,14.73892],[-61.11319,14.73941],[-61.11296,14.73999],[-61.11266,14.7407],[-61.1128,14.74086],[-61.11293,14.74112],[-61.11286,14.7414],[-61.11288,14.74149],[-61.11299,14.74169],[-61.11307,14.74206],[-61.11312,14.74246],[-61.11324,14.74265],[-61.11383,14.74287],[-61.11406,14.74282],[-61.11432,14.74271],[-61.11465,14.74261],[-61.11478,14.74255],[-61.11507,14.74234],[-61.11519,14.74218],[-61.11528,14.74196],[-61.11542,14.74174],[-61.1155,14.74165],[-61.11585,14.74143],[-61.11649,14.74126],[-61.11662,14.7412],[-61.11679,14.74105],[-61.11707,14.74071],[-61.11746,14.74058],[-61.11799,14.74057],[-61.11841,14.74057],[-61.11915,14.7407],[-61.11944,14.74068],[-61.12038,14.74093],[-61.12042,14.74135],[-61.12055,14.74158],[-61.12074,14.74201],[-61.12085,14.74255],[-61.12105,14.74294],[-61.12178,14.7434],[-61.12261,14.74366],[-61.12286,14.74376],[-61.12318,14.74403],[-61.12377,14.74415],[-61.12432,14.74422],[-61.1245,14.74472],[-61.1246,14.74487],[-61.1248,14.74499],[-61.12542,14.74545],[-61.12587,14.74566],[-61.12635,14.74567],[-61.12721,14.74561],[-61.12743,14.74586],[-61.12783,14.74623],[-61.1284,14.7469],[-61.12875,14.74744],[-61.12883,14.74774],[-61.12894,14.74802],[-61.12953,14.74911],[-61.12958,14.74928],[-61.12949,14.7494],[-61.12949,14.74977],[-61.12951,14.74981],[-61.13005,14.74978],[-61.13015,14.74929],[-61.13025,14.74856],[-61.13044,14.74836],[-61.13059,14.74808],[-61.13101,14.74763],[-61.13136,14.74745],[-61.13169,14.74723],[-61.13256,14.7468],[-61.13292,14.74665],[-61.13326,14.74642],[-61.13338,14.74669],[-61.13348,14.7467],[-61.13378,14.74682],[-61.13414,14.74706],[-61.13441,14.74728],[-61.13495,14.74751],[-61.13497,14.74757],[-61.1353,14.74773],[-61.13612,14.74804],[-61.13652,14.74816],[-61.1369,14.74854],[-61.13711,14.74861],[-61.13731,14.74857],[-61.13749,14.74857],[-61.13764,14.7486],[-61.1378,14.74874],[-61.13781,14.74891],[-61.13788,14.749],[-61.138,14.74902],[-61.13824,14.74897],[-61.1385,14.7488],[-61.13872,14.74894],[-61.13883,14.74909],[-61.13876,14.74937],[-61.1388,14.7495],[-61.13909,14.74968],[-61.13927,14.74994],[-61.13963,14.75031],[-61.13992,14.75052],[-61.14004,14.75079],[-61.13998,14.7511],[-61.14003,14.75123],[-61.14011,14.75134],[-61.14077,14.75141],[-61.14081,14.75158],[-61.1406,14.75178],[-61.14057,14.75188],[-61.14068,14.75192],[-61.14095,14.75188],[-61.14115,14.75188],[-61.14131,14.75201],[-61.14124,14.75221],[-61.14123,14.75237],[-61.14131,14.75252],[-61.14139,14.75256],[-61.14165,14.75249],[-61.14181,14.75257],[-61.14182,14.7527],[-61.14194,14.75286],[-61.14229,14.75306],[-61.14248,14.75323],[-61.14278,14.75338],[-61.14299,14.75338],[-61.14315,14.75345],[-61.14334,14.75372],[-61.14337,14.75396],[-61.14351,14.7541],[-61.14389,14.75428],[-61.14398,14.75427],[-61.14412,14.75419],[-61.14428,14.75428],[-61.14442,14.75431],[-61.14474,14.75426],[-61.1449,14.75428],[-61.14507,14.75444],[-61.14517,14.7545],[-61.14532,14.75449],[-61.14551,14.75442],[-61.1457,14.75444],[-61.14598,14.75457],[-61.14606,14.75469],[-61.14605,14.75494],[-61.14615,14.75511],[-61.14619,14.75537],[-61.14632,14.75552],[-61.14654,14.75553],[-61.14669,14.7556],[-61.14678,14.75579],[-61.14677,14.75592],[-61.14662,14.75637],[-61.14661,14.75654],[-61.14665,14.75661],[-61.1469,14.75672],[-61.14718,14.75671],[-61.14735,14.75667],[-61.14756,14.7567],[-61.14765,14.75681],[-61.14768,14.75719],[-61.14777,14.75771],[-61.14777,14.75792],[-61.14784,14.75811],[-61.14795,14.75824],[-61.14838,14.75852],[-61.14856,14.75879],[-61.14871,14.75889],[-61.14904,14.759],[-61.14918,14.7591],[-61.14921,14.75925],[-61.14914,14.75947],[-61.14894,14.75981],[-61.14896,14.75994],[-61.14937,14.76022],[-61.14949,14.76035],[-61.14966,14.76063],[-61.14982,14.76074],[-61.14995,14.7607],[-61.15002,14.76059],[-61.15,14.76046],[-61.1499,14.76033],[-61.15,14.76004],[-61.15011,14.75992],[-61.1504,14.75966],[-61.1505,14.75947],[-61.15059,14.75943],[-61.15077,14.75942],[-61.15083,14.75933],[-61.15081,14.75922],[-61.15072,14.75901],[-61.15058,14.75877],[-61.15039,14.75857],[-61.15026,14.75839],[-61.15019,14.7581],[-61.15018,14.75788],[-61.1501,14.75768],[-61.15011,14.75756],[-61.15016,14.75746],[-61.15026,14.75743],[-61.15046,14.75757],[-61.15062,14.7576],[-61.15083,14.75752],[-61.15107,14.75726],[-61.1513,14.7572],[-61.15147,14.75724],[-61.15169,14.75736],[-61.15189,14.75741],[-61.15221,14.75755],[-61.15239,14.7576],[-61.15261,14.75758],[-61.15278,14.75741],[-61.15286,14.75723],[-61.15289,14.75699],[-61.15284,14.75684],[-61.15302,14.75659],[-61.15316,14.75657],[-61.15352,14.7564],[-61.15362,14.7564],[-61.15374,14.75662],[-61.15392,14.75671],[-61.15417,14.75676],[-61.15433,14.75672],[-61.15451,14.75679],[-61.15494,14.75709],[-61.1551,14.75729],[-61.15524,14.75772],[-61.15542,14.7579],[-61.15557,14.758],[-61.1559,14.75805],[-61.15615,14.75801],[-61.15635,14.75783],[-61.15645,14.75781],[-61.15671,14.75781],[-61.15689,14.75786],[-61.15723,14.75783],[-61.15731,14.75786],[-61.15762,14.75804],[-61.15777,14.75807],[-61.15786,14.75831],[-61.15854,14.7601],[-61.1584,14.7603],[-61.15844,14.76039],[-61.15837,14.76077],[-61.15821,14.76125],[-61.15816,14.7615],[-61.15806,14.76184],[-61.15799,14.76283],[-61.15794,14.76302],[-61.15778,14.76337],[-61.15766,14.76353],[-61.15772,14.76371],[-61.15725,14.76394],[-61.15779,14.76491],[-61.1577,14.76502],[-61.15762,14.76527],[-61.1576,14.76553],[-61.15761,14.76567],[-61.15758,14.76612],[-61.15751,14.76629],[-61.15738,14.76649],[-61.15727,14.7666],[-61.15699,14.76678],[-61.15669,14.7668],[-61.15638,14.76675],[-61.15603,14.76675],[-61.15563,14.76678],[-61.15542,14.76689],[-61.15518,14.76733],[-61.15502,14.76778],[-61.15496,14.76783],[-61.15462,14.76787],[-61.15452,14.76813],[-61.15436,14.76861],[-61.15431,14.76893],[-61.15425,14.76918],[-61.15433,14.76934],[-61.1545,14.76953],[-61.15472,14.76962],[-61.15485,14.76971],[-61.15489,14.76982],[-61.15465,14.77036],[-61.15461,14.77051],[-61.15465,14.77073],[-61.15475,14.77106],[-61.1547,14.77141],[-61.1547,14.7718],[-61.15475,14.77202],[-61.15479,14.77278],[-61.15462,14.77303],[-61.15449,14.77313],[-61.15432,14.77317],[-61.15415,14.77309],[-61.1538,14.77285],[-61.15355,14.77277],[-61.15335,14.77286],[-61.15326,14.7731],[-61.1531,14.77317],[-61.15291,14.77316],[-61.1527,14.77319],[-61.15244,14.77332],[-61.15224,14.77359],[-61.15204,14.77399],[-61.15197,14.77408],[-61.15183,14.77439],[-61.15172,14.77458],[-61.15169,14.77477],[-61.15159,14.77504],[-61.15134,14.77535],[-61.15106,14.77552],[-61.15095,14.77554],[-61.15071,14.77547],[-61.15052,14.77537],[-61.15033,14.7753],[-61.15013,14.77533],[-61.14997,14.77541],[-61.14986,14.77556],[-61.14977,14.77586],[-61.14951,14.77607],[-61.14941,14.77623],[-61.14927,14.77629],[-61.14909,14.77624],[-61.14892,14.77624],[-61.14864,14.77638],[-61.14852,14.77658],[-61.14852,14.77675],[-61.14862,14.77709],[-61.14859,14.77722],[-61.14846,14.77756],[-61.14848,14.77769],[-61.14857,14.77779],[-61.14897,14.77793],[-61.14906,14.77802],[-61.14914,14.7782],[-61.14908,14.7784],[-61.14899,14.77849],[-61.14891,14.77874],[-61.14858,14.77895],[-61.14838,14.779],[-61.14824,14.77906],[-61.1481,14.77907],[-61.1478,14.7792],[-61.1476,14.77935],[-61.14723,14.77972],[-61.14688,14.77997],[-61.14668,14.78003],[-61.1465,14.78001],[-61.14626,14.77993],[-61.14618,14.77994],[-61.14601,14.78011],[-61.14592,14.78034],[-61.14597,14.78055],[-61.14606,14.78073],[-61.14634,14.78103],[-61.14638,14.78116],[-61.14631,14.7815],[-61.14637,14.78184],[-61.14632,14.78215],[-61.14614,14.78239],[-61.14594,14.7826],[-61.14589,14.78289],[-61.14576,14.78335],[-61.14569,14.78349],[-61.14537,14.78383],[-61.1453,14.78401],[-61.14542,14.7843],[-61.14566,14.78443],[-61.14574,14.78452],[-61.14574,14.78474],[-61.14565,14.78486],[-61.1454,14.78504],[-61.14536,14.78511],[-61.14539,14.78529],[-61.14568,14.78561],[-61.1458,14.78582],[-61.14576,14.78613],[-61.14578,14.78638],[-61.14592,14.78712],[-61.14593,14.78751],[-61.14582,14.7879],[-61.14573,14.78809],[-61.14566,14.78839],[-61.14565,14.7887],[-61.14566,14.7889],[-61.14565,14.78918],[-61.14559,14.78936],[-61.14549,14.78954],[-61.14539,14.78984],[-61.14515,14.79022],[-61.14514,14.79042],[-61.14508,14.79071],[-61.14506,14.79098],[-61.14501,14.79111],[-61.14488,14.79126],[-61.14463,14.79144],[-61.14458,14.79162],[-61.14465,14.79175],[-61.14485,14.79197],[-61.1449,14.79208],[-61.14489,14.79225],[-61.14459,14.79276],[-61.14451,14.79311],[-61.14457,14.79331],[-61.14497,14.79369],[-61.14516,14.79396],[-61.14527,14.79418],[-61.14541,14.79428],[-61.14559,14.79451],[-61.1456,14.79457],[-61.14546,14.79506],[-61.14547,14.79525],[-61.14552,14.79544],[-61.14548,14.79556],[-61.14549,14.79578],[-61.14552,14.79602],[-61.14561,14.79621],[-61.1457,14.79646],[-61.14592,14.79651],[-61.14607,14.79658],[-61.14627,14.7968],[-61.14645,14.79716],[-61.14652,14.79742],[-61.1466,14.79761],[-61.14664,14.7978],[-61.14664,14.79798],[-61.14654,14.79815],[-61.14633,14.79842],[-61.14627,14.79859],[-61.14635,14.79898],[-61.14641,14.79916],[-61.14659,14.79944],[-61.14661,14.79956],[-61.14655,14.7999],[-61.14655,14.80019],[-61.14664,14.80032],[-61.14678,14.80037],[-61.14699,14.80049],[-61.14706,14.80061],[-61.14704,14.80098],[-61.14699,14.80144],[-61.14704,14.80159],[-61.14717,14.80168],[-61.14764,14.80178],[-61.14765,14.80205],[-61.14758,14.8022],[-61.1476,14.80237],[-61.14772,14.80243],[-61.14778,14.80251],[-61.14785,14.80301],[-61.14785,14.80322],[-61.1479,14.8034],[-61.14797,14.80354],[-61.14813,14.80364],[-61.14823,14.80381],[-61.1483,14.80405],[-61.14836,14.80413],[-61.14843,14.80443],[-61.14858,14.80596],[-61.14833,14.80584],[-61.1481,14.80571],[-61.14766,14.80554],[-61.14742,14.80554],[-61.14724,14.8055],[-61.14702,14.80531],[-61.14683,14.8052],[-61.14649,14.8051],[-61.14637,14.80502],[-61.14637,14.80489],[-61.14641,14.8047],[-61.14639,14.80451],[-61.1463,14.80431],[-61.14609,14.80404],[-61.14591,14.80365],[-61.14575,14.80319],[-61.14543,14.80283],[-61.14518,14.80258],[-61.14516,14.80253],[-61.1449,14.80231],[-61.14411,14.80187],[-61.14383,14.80188],[-61.14363,14.80187],[-61.14334,14.80179],[-61.14309,14.80175],[-61.14291,14.80178],[-61.14277,14.80165],[-61.14269,14.80147],[-61.14237,14.80154],[-61.14219,14.80153],[-61.14198,14.80147],[-61.14172,14.80133],[-61.14149,14.80115],[-61.14129,14.80108],[-61.14088,14.80086],[-61.14067,14.80081],[-61.1404,14.80065],[-61.14012,14.80053],[-61.13995,14.8005],[-61.13961,14.80047],[-61.13935,14.80047],[-61.13905,14.8004],[-61.13855,14.79992],[-61.13839,14.79987],[-61.13813,14.79985],[-61.13786,14.79979],[-61.13755,14.79963],[-61.13734,14.79959],[-61.13717,14.79951],[-61.13693,14.79947],[-61.13671,14.79952],[-61.13649,14.79972],[-61.13635,14.7998],[-61.136,14.79984],[-61.13559,14.79993],[-61.13515,14.80018],[-61.13507,14.80021],[-61.13447,14.8002],[-61.13402,14.80027],[-61.13372,14.80036],[-61.13352,14.80033],[-61.13325,14.80019],[-61.133,14.8002],[-61.13276,14.80037],[-61.13247,14.80051],[-61.1323,14.80057],[-61.13206,14.80058],[-61.13202,14.80043],[-61.13188,14.80035],[-61.13166,14.8003],[-61.13139,14.8003],[-61.1309,14.80037],[-61.13048,14.80039],[-61.12984,14.80019],[-61.12959,14.80017],[-61.12917,14.80017],[-61.12903,14.80015],[-61.12887,14.80008],[-61.12879,14.79993],[-61.12875,14.79973],[-61.12883,14.7995],[-61.12897,14.79924],[-61.12837,14.7991],[-61.12778,14.79901],[-61.12725,14.79896],[-61.12694,14.79891],[-61.1267,14.79891],[-61.12595,14.79897],[-61.12577,14.79902],[-61.12567,14.7991],[-61.12542,14.79918],[-61.12488,14.79941],[-61.12455,14.79959],[-61.12374,14.80015],[-61.12351,14.80002],[-61.12321,14.80001],[-61.1229,14.79992],[-61.12271,14.7999],[-61.12247,14.79993],[-61.12216,14.8],[-61.12168,14.8002],[-61.12129,14.80026],[-61.12101,14.80027],[-61.12096,14.80025],[-61.12073,14.80042],[-61.12047,14.80051],[-61.12018,14.80064],[-61.1199,14.80069],[-61.11932,14.80087],[-61.11886,14.80098],[-61.11845,14.80112],[-61.11816,14.80128],[-61.11776,14.80159],[-61.11704,14.80195],[-61.11678,14.80211],[-61.1165,14.80238],[-61.11593,14.80279],[-61.11527,14.80323],[-61.1149,14.80353],[-61.11369,14.80434],[-61.11317,14.80413],[-61.11277,14.80414],[-61.11253,14.80412],[-61.11243,14.80444],[-61.1123,14.80471],[-61.1121,14.805],[-61.1117,14.80551],[-61.11154,14.80564],[-61.11135,14.80574],[-61.11098,14.80579],[-61.11088,14.80582],[-61.1106,14.80597],[-61.1103,14.80606],[-61.11012,14.8062],[-61.11,14.80642],[-61.10992,14.80664],[-61.1099,14.80689],[-61.10994,14.80735],[-61.10992,14.80765],[-61.11,14.8079],[-61.10994,14.80813],[-61.10982,14.80823],[-61.10962,14.80827],[-61.10943,14.80826],[-61.109,14.80818],[-61.10866,14.80804],[-61.10843,14.80803],[-61.10824,14.80782],[-61.10811,14.80773],[-61.10794,14.80772],[-61.10785,14.80776],[-61.10722,14.8064],[-61.10792,14.79981],[-61.10798,14.79964],[-61.10806,14.79917],[-61.10806,14.79904],[-61.10815,14.79789],[-61.10799,14.79779],[-61.10795,14.79769],[-61.10803,14.79738],[-61.10804,14.79718],[-61.10796,14.79689],[-61.10799,14.79677],[-61.10811,14.79654],[-61.10816,14.79633],[-61.10809,14.79616],[-61.10795,14.79607],[-61.10791,14.79599],[-61.10789,14.7957],[-61.10777,14.79559],[-61.10749,14.79557],[-61.10734,14.79514],[-61.10761,14.79484],[-61.10769,14.79459],[-61.10797,14.79432],[-61.10806,14.79417],[-61.10807,14.79394],[-61.10815,14.79374],[-61.10825,14.79334],[-61.108,14.793],[-61.10767,14.79271],[-61.10757,14.7925],[-61.10738,14.79235],[-61.10735,14.79217],[-61.10712,14.79164],[-61.10705,14.79145],[-61.10674,14.79094],[-61.10661,14.79079],[-61.10648,14.79056],[-61.10644,14.79041],[-61.10638,14.78989],[-61.10636,14.78981],[-61.10517,14.78969],[-61.10381,14.78956],[-61.10443,14.78556],[-61.10418,14.78541],[-61.10404,14.7853],[-61.10352,14.78511],[-61.10328,14.78498],[-61.10317,14.78488],[-61.10289,14.78457],[-61.10275,14.78444],[-61.10253,14.78428],[-61.10242,14.78423],[-61.10194,14.78415],[-61.10163,14.78404],[-61.10148,14.78395],[-61.10103,14.78365],[-61.1009,14.7835],[-61.10078,14.78304],[-61.10069,14.7829],[-61.10054,14.78278],[-61.1003,14.78238],[-61.10024,14.78223],[-61.10014,14.78188],[-61.10009,14.78157],[-61.10004,14.78137],[-61.09978,14.78066],[-61.09976,14.78038],[-61.09981,14.77972],[-61.09976,14.77938],[-61.09968,14.77911],[-61.09962,14.7788],[-61.09959,14.77846],[-61.09949,14.7782],[-61.09946,14.77805],[-61.09929,14.77757],[-61.09927,14.77742],[-61.09925,14.77704],[-61.09928,14.77679],[-61.09934,14.77659],[-61.09951,14.77612],[-61.09955,14.77566],[-61.09951,14.77521],[-61.09948,14.77503],[-61.09953,14.77471],[-61.09959,14.77448],[-61.0996,14.77406],[-61.09982,14.77328],[-61.09984,14.77313],[-61.09928,14.77266],[-61.0991,14.77242],[-61.09888,14.77232],[-61.09873,14.77229],[-61.09836,14.77235],[-61.0979,14.77237],[-61.09753,14.7723],[-61.09736,14.77222],[-61.09668,14.772],[-61.09633,14.77197],[-61.0961,14.77199],[-61.09571,14.77215],[-61.09545,14.77213],[-61.09523,14.77207],[-61.0948,14.77191],[-61.09463,14.77182],[-61.09406,14.77148],[-61.09372,14.77144],[-61.09322,14.77148],[-61.09296,14.77158],[-61.09271,14.77171],[-61.09231,14.77187],[-61.09205,14.77185],[-61.09172,14.77163],[-61.0913,14.77155],[-61.0911,14.77149],[-61.09078,14.77131],[-61.09054,14.7711],[-61.09016,14.77068],[-61.08973,14.77029],[-61.0895,14.77001],[-61.0892,14.76955],[-61.08893,14.76934],[-61.08861,14.76936],[-61.08835,14.76929],[-61.08808,14.76913],[-61.0879,14.76886],[-61.08779,14.76861],[-61.0877,14.7681],[-61.0874,14.768],[-61.08721,14.76785],[-61.08701,14.76754],[-61.08685,14.76733],[-61.08682,14.76711],[-61.08684,14.76696],[-61.08693,14.76672],[-61.08696,14.76645],[-61.08692,14.76623],[-61.08696,14.76575],[-61.087,14.7656],[-61.08696,14.76542],[-61.08699,14.76469],[-61.08693,14.76413],[-61.087,14.76371],[-61.08683,14.76349],[-61.0868,14.76339],[-61.08688,14.76278],[-61.087,14.76259],[-61.08699,14.76242],[-61.08694,14.76225],[-61.08697,14.76197],[-61.08711,14.7618],[-61.0872,14.7616],[-61.0871,14.76111],[-61.08719,14.76076],[-61.08725,14.76067],[-61.08738,14.76061],[-61.0873,14.76044],[-61.08732,14.76012],[-61.08751,14.75978],[-61.08754,14.75963],[-61.08752,14.75942],[-61.08747,14.75926],[-61.08729,14.7589],[-61.08729,14.75878],[-61.08754,14.75854],[-61.08778,14.75835],[-61.0883,14.75785],[-61.08835,14.75768],[-61.08871,14.75729],[-61.08888,14.75704],[-61.08897,14.75673],[-61.08913,14.75641],[-61.08968,14.75591],[-61.08972,14.75575],[-61.08981,14.7556],[-61.08992,14.75553],[-61.09005,14.75551],[-61.09035,14.75539],[-61.09057,14.75525],[-61.09068,14.75497],[-61.09047,14.75473],[-61.09022,14.75424],[-61.08977,14.75366],[-61.08971,14.75331],[-61.08963,14.7531],[-61.08923,14.75245],[-61.08901,14.75216],[-61.08889,14.75203],[-61.08861,14.75166],[-61.08791,14.75153],[-61.08741,14.75148],[-61.08709,14.75141],[-61.08682,14.75112],[-61.08655,14.75075],[-61.08652,14.75066],[-61.0863,14.75027],[-61.08598,14.74963],[-61.08581,14.7492],[-61.08581,14.74898],[-61.08589,14.74869],[-61.08609,14.74738],[-61.08607,14.74696],[-61.08591,14.74652],[-61.08593,14.74624],[-61.08582,14.7458],[-61.08567,14.74557],[-61.08547,14.7451],[-61.08539,14.74495],[-61.08532,14.74473],[-61.085,14.74437],[-61.0849,14.74416],[-61.08492,14.74402],[-61.08498,14.74389],[-61.08518,14.74368],[-61.08579,14.74373],[-61.08614,14.74368],[-61.08646,14.74366],[-61.0866,14.74361],[-61.08698,14.74343],[-61.08712,14.74333],[-61.08747,14.74296]]]}},{"type":"Feature","properties":{"nom":"Le Prêcheur","code":"97219"},"geometry":{"type":"MultiPolygon","coordinates":[[[[-61.164,14.81616],[-61.16396,14.81598],[-61.16375,14.8158],[-61.16352,14.81563],[-61.16358,14.81539],[-61.16351,14.8153],[-61.16352,14.81517],[-61.16358,14.81512],[-61.16356,14.81485],[-61.16365,14.81456],[-61.16365,14.81443],[-61.16371,14.81436],[-61.16366,14.81412],[-61.1636,14.81403],[-61.16357,14.81385],[-61.16361,14.81348],[-61.16366,14.81334],[-61.16377,14.81319],[-61.16387,14.81293],[-61.16385,14.81248],[-61.16405,14.81265],[-61.16418,14.81285],[-61.16424,14.81308],[-61.16474,14.81361],[-61.16491,14.81365],[-61.16533,14.81394],[-61.16544,14.81408],[-61.16555,14.81414],[-61.16584,14.81419],[-61.166,14.81427],[-61.16617,14.81428],[-61.16639,14.8144],[-61.16678,14.81452],[-61.16753,14.81452],[-61.16766,14.81449],[-61.16799,14.81448],[-61.16819,14.81445],[-61.1683,14.81438],[-61.1684,14.8144],[-61.16859,14.81431],[-61.16881,14.81433],[-61.1691,14.81418],[-61.16922,14.81416],[-61.16942,14.81421],[-61.16957,14.81399],[-61.16965,14.81392],[-61.16979,14.81367],[-61.16985,14.81349],[-61.16984,14.8132],[-61.16976,14.81309],[-61.16991,14.81285],[-61.17012,14.81233],[-61.1705,14.81037],[-61.17134,14.81006],[-61.17147,14.81006],[-61.1716,14.80999],[-61.17209,14.80996],[-61.17215,14.80992],[-61.17247,14.8099],[-61.17252,14.80987],[-61.17317,14.80968],[-61.17343,14.80962],[-61.17369,14.80953],[-61.17392,14.8095],[-61.17417,14.80943],[-61.17434,14.80933],[-61.17442,14.80933],[-61.17475,14.80892],[-61.17515,14.80855],[-61.17538,14.80834],[-61.17602,14.80785],[-61.17648,14.80752],[-61.17666,14.80737],[-61.17719,14.80708],[-61.17773,14.80676],[-61.17808,14.80652],[-61.17847,14.80624],[-61.17866,14.80619],[-61.179,14.80593],[-61.18017,14.80532],[-61.18017,14.80519],[-61.18046,14.80476],[-61.18073,14.80445],[-61.18114,14.80419],[-61.18162,14.80399],[-61.18192,14.80403],[-61.18216,14.80394],[-61.18243,14.8039],[-61.18297,14.80354],[-61.18316,14.80334],[-61.18347,14.8031],[-61.18364,14.80304],[-61.18401,14.80279],[-61.18412,14.80267],[-61.18457,14.80263],[-61.18491,14.80244],[-61.18532,14.80228],[-61.18575,14.80222],[-61.18595,14.80226],[-61.18651,14.80214],[-61.18677,14.802],[-61.18726,14.80163],[-61.18743,14.80152],[-61.18766,14.80147],[-61.18803,14.80151],[-61.18841,14.80141],[-61.18862,14.80133],[-61.18889,14.80126],[-61.18929,14.80098],[-61.18965,14.80082],[-61.18982,14.80076],[-61.19019,14.80069],[-61.19035,14.80061],[-61.19073,14.8005],[-61.19102,14.80035],[-61.19136,14.80008],[-61.1919,14.79989],[-61.19225,14.7998],[-61.19241,14.79973],[-61.19278,14.7994],[-61.19285,14.79925],[-61.19302,14.79912],[-61.19317,14.79907],[-61.1938,14.79859],[-61.19397,14.79842],[-61.19416,14.79814],[-61.19433,14.79804],[-61.19469,14.79793],[-61.1949,14.79791],[-61.195,14.79787],[-61.19568,14.79755],[-61.19625,14.79736],[-61.19698,14.79709],[-61.19718,14.797],[-61.1981,14.79646],[-61.19844,14.7963],[-61.19878,14.79617],[-61.19906,14.79612],[-61.19931,14.79603],[-61.19944,14.79594],[-61.19977,14.79564],[-61.19987,14.79559],[-61.20019,14.7955],[-61.20054,14.79531],[-61.20101,14.79497],[-61.20111,14.79486],[-61.20134,14.79456],[-61.20145,14.79444],[-61.20179,14.79418],[-61.20202,14.79403],[-61.20249,14.79368],[-61.20276,14.79343],[-61.20298,14.79329],[-61.20329,14.79313],[-61.20358,14.79306],[-61.20418,14.79303],[-61.20438,14.79313],[-61.20447,14.79327],[-61.20454,14.79355],[-61.20471,14.79375],[-61.20507,14.79395],[-61.20544,14.79412],[-61.20577,14.7942],[-61.20594,14.79417],[-61.20609,14.7941],[-61.20626,14.79384],[-61.20649,14.79356],[-61.20667,14.79347],[-61.20699,14.79306],[-61.20707,14.79299],[-61.20723,14.79291],[-61.20754,14.79285],[-61.20766,14.79278],[-61.20788,14.7925],[-61.20809,14.79211],[-61.20806,14.79199],[-61.20808,14.79187],[-61.20816,14.79179],[-61.2082,14.79164],[-61.20831,14.79154],[-61.20837,14.79141],[-61.20862,14.79123],[-61.20871,14.79109],[-61.20873,14.79099],[-61.20884,14.79086],[-61.20882,14.79074],[-61.20889,14.79053],[-61.20888,14.7904],[-61.209,14.79027],[-61.20903,14.7901],[-61.20916,14.78992],[-61.20953,14.78958],[-61.20953,14.78929],[-61.20961,14.78914],[-61.20976,14.78901],[-61.21004,14.78892],[-61.21012,14.78896],[-61.21039,14.78895],[-61.21049,14.7888],[-61.21063,14.78869],[-61.21068,14.78856],[-61.2108,14.78845],[-61.211,14.78801],[-61.21092,14.78779],[-61.21091,14.78762],[-61.21084,14.78758],[-61.21072,14.78731],[-61.21073,14.78703],[-61.21084,14.78683],[-61.21086,14.78669],[-61.21094,14.78653],[-61.21102,14.7865],[-61.21118,14.78633],[-61.21122,14.78622],[-61.21148,14.78604],[-61.21156,14.78588],[-61.21168,14.78574],[-61.21198,14.78531],[-61.21217,14.78529],[-61.21232,14.78507],[-61.21232,14.78495],[-61.21243,14.78483],[-61.21258,14.7848],[-61.21279,14.78467],[-61.21288,14.78445],[-61.21286,14.78425],[-61.21301,14.78397],[-61.21297,14.78378],[-61.21303,14.78372],[-61.21325,14.78362],[-61.21337,14.78342],[-61.21351,14.783],[-61.21359,14.78289],[-61.21369,14.78266],[-61.2137,14.78256],[-61.21381,14.78233],[-61.21383,14.782],[-61.21393,14.78199],[-61.21415,14.78208],[-61.21453,14.78232],[-61.21473,14.78261],[-61.21513,14.78299],[-61.21529,14.78325],[-61.21536,14.78352],[-61.21547,14.78374],[-61.21558,14.78408],[-61.21573,14.78441],[-61.21622,14.78534],[-61.21636,14.78557],[-61.21665,14.78597],[-61.21689,14.78626],[-61.21717,14.78669],[-61.21736,14.78695],[-61.21773,14.78764],[-61.21785,14.78785],[-61.21828,14.78843],[-61.21873,14.78887],[-61.21903,14.78927],[-61.21924,14.78975],[-61.21948,14.7902],[-61.21962,14.79064],[-61.21979,14.79108],[-61.21995,14.79139],[-61.22,14.79157],[-61.22021,14.79215],[-61.22026,14.79226],[-61.22037,14.79277],[-61.22037,14.79288],[-61.22031,14.79302],[-61.22038,14.79332],[-61.22057,14.79368],[-61.22066,14.7939],[-61.22077,14.7939],[-61.22083,14.79397],[-61.22109,14.79389],[-61.2211,14.79393],[-61.22084,14.79401],[-61.22086,14.79411],[-61.22078,14.79434],[-61.22085,14.79448],[-61.22093,14.79475],[-61.22115,14.79524],[-61.2212,14.79528],[-61.22131,14.79562],[-61.2214,14.79583],[-61.22147,14.7959],[-61.2216,14.79618],[-61.22174,14.79622],[-61.22173,14.7965],[-61.22177,14.79665],[-61.22177,14.79681],[-61.22199,14.79732],[-61.22207,14.79756],[-61.22218,14.79781],[-61.22234,14.79803],[-61.22244,14.79829],[-61.22279,14.7987],[-61.2229,14.79891],[-61.22306,14.79908],[-61.22328,14.79926],[-61.22355,14.79951],[-61.22399,14.79985],[-61.22418,14.79988],[-61.22432,14.8],[-61.2245,14.80007],[-61.22474,14.80025],[-61.22488,14.80033],[-61.22518,14.80055],[-61.2253,14.80067],[-61.22559,14.8008],[-61.22575,14.80093],[-61.22595,14.801],[-61.2261,14.80109],[-61.22634,14.80118],[-61.22655,14.8012],[-61.22666,14.80126],[-61.2268,14.80144],[-61.22712,14.80155],[-61.22722,14.80184],[-61.22724,14.80205],[-61.22722,14.80214],[-61.22725,14.80234],[-61.22717,14.80275],[-61.22717,14.80318],[-61.22714,14.80348],[-61.22715,14.80356],[-61.22704,14.80405],[-61.22695,14.8041],[-61.22695,14.80425],[-61.2269,14.80441],[-61.22682,14.80511],[-61.2268,14.80553],[-61.22658,14.80562],[-61.22655,14.80588],[-61.22641,14.80623],[-61.22619,14.80653],[-61.22602,14.80671],[-61.22606,14.80679],[-61.22604,14.80699],[-61.226,14.80709],[-61.22611,14.80733],[-61.22639,14.80754],[-61.22637,14.80773],[-61.2263,14.80782],[-61.22635,14.80795],[-61.22672,14.80817],[-61.2272,14.80851],[-61.22754,14.80872],[-61.22783,14.80903],[-61.22799,14.80925],[-61.22808,14.80945],[-61.22814,14.80975],[-61.22823,14.81001],[-61.22851,14.81057],[-61.22873,14.8111],[-61.22881,14.81145],[-61.22888,14.81224],[-61.22903,14.81279],[-61.22901,14.81315],[-61.22896,14.81346],[-61.22892,14.81383],[-61.22898,14.8143],[-61.22897,14.81467],[-61.22882,14.81527],[-61.22877,14.81555],[-61.22876,14.8161],[-61.22877,14.81635],[-61.22886,14.81675],[-61.22895,14.81707],[-61.22886,14.81727],[-61.22881,14.81761],[-61.22881,14.81786],[-61.22884,14.81811],[-61.22891,14.81833],[-61.22897,14.81867],[-61.22895,14.81884],[-61.22888,14.81901],[-61.22879,14.81914],[-61.22867,14.81923],[-61.22859,14.81922],[-61.22841,14.81955],[-61.22844,14.81977],[-61.22846,14.82025],[-61.22849,14.82065],[-61.22856,14.82094],[-61.22864,14.82112],[-61.22885,14.82174],[-61.22888,14.82215],[-61.22891,14.82223],[-61.22903,14.82242],[-61.22897,14.82257],[-61.22861,14.82294],[-61.22855,14.82306],[-61.22831,14.82367],[-61.22807,14.82417],[-61.22793,14.82438],[-61.22779,14.82475],[-61.22773,14.825],[-61.22767,14.82562],[-61.22762,14.82604],[-61.22755,14.8264],[-61.22745,14.82662],[-61.2272,14.82697],[-61.22669,14.82756],[-61.22651,14.82772],[-61.22642,14.82789],[-61.22625,14.82804],[-61.22609,14.8283],[-61.22605,14.8285],[-61.22618,14.82881],[-61.22617,14.82904],[-61.22624,14.82925],[-61.22623,14.82936],[-61.22627,14.82951],[-61.22631,14.82983],[-61.2264,14.83004],[-61.22645,14.83041],[-61.22642,14.83072],[-61.22634,14.83085],[-61.22638,14.83108],[-61.22632,14.83134],[-61.22633,14.83148],[-61.2263,14.83168],[-61.22623,14.83173],[-61.22606,14.83175],[-61.2261,14.83184],[-61.22607,14.83194],[-61.22589,14.83218],[-61.22575,14.83225],[-61.22554,14.83239],[-61.22547,14.83247],[-61.22503,14.83279],[-61.22478,14.83295],[-61.2247,14.83296],[-61.22463,14.83307],[-61.22415,14.83342],[-61.22402,14.83349],[-61.22389,14.83364],[-61.22382,14.83366],[-61.22364,14.83391],[-61.22351,14.83401],[-61.22342,14.83421],[-61.22331,14.83435],[-61.22335,14.83452],[-61.22332,14.83476],[-61.22348,14.83511],[-61.22347,14.83538],[-61.2233,14.83573],[-61.22326,14.83612],[-61.2231,14.83637],[-61.22312,14.83644],[-61.22308,14.83667],[-61.22307,14.83695],[-61.22309,14.8372],[-61.22302,14.83739],[-61.22304,14.83753],[-61.22303,14.83793],[-61.22288,14.83821],[-61.22246,14.83883],[-61.22221,14.83912],[-61.22209,14.8394],[-61.22192,14.83962],[-61.22166,14.83989],[-61.2215,14.84001],[-61.22119,14.84031],[-61.22118,14.84035],[-61.2208,14.84046],[-61.2206,14.84055],[-61.22042,14.8408],[-61.22029,14.84087],[-61.22008,14.84104],[-61.22001,14.84115],[-61.21975,14.8414],[-61.21959,14.84192],[-61.21944,14.84208],[-61.21924,14.84219],[-61.2191,14.8423],[-61.21898,14.84243],[-61.21875,14.843],[-61.21869,14.84312],[-61.21869,14.8436],[-61.21886,14.84364],[-61.21894,14.84377],[-61.21879,14.84388],[-61.21878,14.84394],[-61.21888,14.84416],[-61.21902,14.84433],[-61.21915,14.8446],[-61.21925,14.84467],[-61.21941,14.84483],[-61.21932,14.84501],[-61.21909,14.84528],[-61.21902,14.84541],[-61.21906,14.84547],[-61.21894,14.84559],[-61.21881,14.84553],[-61.21864,14.84552],[-61.21844,14.84557],[-61.21836,14.84566],[-61.21824,14.84566],[-61.21802,14.84589],[-61.21789,14.8461],[-61.21779,14.84623],[-61.21769,14.84661],[-61.21774,14.84671],[-61.21801,14.84669],[-61.21798,14.84686],[-61.21787,14.84697],[-61.21741,14.84725],[-61.2173,14.8473],[-61.2171,14.84734],[-61.21673,14.8473],[-61.21646,14.84731],[-61.21604,14.84717],[-61.21589,14.84718],[-61.21572,14.8473],[-61.21523,14.84756],[-61.21513,14.84758],[-61.21472,14.84784],[-61.21459,14.84796],[-61.21453,14.84811],[-61.21449,14.84831],[-61.21423,14.84854],[-61.21415,14.84853],[-61.21402,14.84863],[-61.2141,14.84891],[-61.21425,14.84926],[-61.21424,14.84938],[-61.21409,14.84949],[-61.21385,14.84961],[-61.21378,14.84986],[-61.21372,14.84994],[-61.21383,14.8501],[-61.21388,14.85025],[-61.21377,14.85029],[-61.21374,14.85039],[-61.21377,14.85052],[-61.21375,14.85063],[-61.21376,14.8508],[-61.21368,14.85087],[-61.21388,14.85106],[-61.21392,14.85119],[-61.2141,14.85131],[-61.21407,14.85146],[-61.21379,14.85155],[-61.21374,14.85136],[-61.21373,14.85119],[-61.21363,14.85104],[-61.21352,14.85099],[-61.21346,14.85107],[-61.21339,14.85129],[-61.2132,14.8514],[-61.21304,14.85176],[-61.21306,14.85196],[-61.21304,14.85219],[-61.21311,14.85226],[-61.21316,14.85247],[-61.21324,14.8526],[-61.21324,14.85285],[-61.21312,14.85308],[-61.21297,14.85295],[-61.21273,14.85286],[-61.21264,14.85288],[-61.21256,14.85304],[-61.21262,14.85318],[-61.21242,14.8536],[-61.21235,14.85383],[-61.21234,14.85406],[-61.21236,14.85413],[-61.21259,14.85423],[-61.21268,14.85432],[-61.21281,14.85438],[-61.21283,14.85445],[-61.2127,14.85452],[-61.21268,14.85463],[-61.21256,14.85462],[-61.21244,14.85474],[-61.21237,14.85474],[-61.21216,14.85454],[-61.21191,14.85456],[-61.21184,14.8547],[-61.21181,14.85487],[-61.21161,14.85489],[-61.21159,14.85497],[-61.21146,14.85515],[-61.21136,14.85523],[-61.21132,14.85553],[-61.21126,14.85565],[-61.21124,14.856],[-61.21124,14.85625],[-61.2112,14.85652],[-61.211,14.85698],[-61.21095,14.85704],[-61.21087,14.85737],[-61.21075,14.85753],[-61.2106,14.85766],[-61.21051,14.85781],[-61.21027,14.85802],[-61.21022,14.85821],[-61.21007,14.85819],[-61.20998,14.85823],[-61.2099,14.85835],[-61.20964,14.85846],[-61.20941,14.85844],[-61.20923,14.85849],[-61.20905,14.85878],[-61.20889,14.8591],[-61.20899,14.85921],[-61.20928,14.85939],[-61.20922,14.85961],[-61.2089,14.85946],[-61.20876,14.85931],[-61.20873,14.85923],[-61.20862,14.85915],[-61.20843,14.85914],[-61.20833,14.85929],[-61.2082,14.8594],[-61.20812,14.85941],[-61.20805,14.85956],[-61.20807,14.85962],[-61.20797,14.85979],[-61.20793,14.85994],[-61.20782,14.86016],[-61.20777,14.8602],[-61.20775,14.86036],[-61.20766,14.86044],[-61.20746,14.86053],[-61.20735,14.86068],[-61.2073,14.86081],[-61.20703,14.86096],[-61.20696,14.86107],[-61.20696,14.86125],[-61.20684,14.86137],[-61.20676,14.86134],[-61.20668,14.86149],[-61.20654,14.86145],[-61.20646,14.86157],[-61.20636,14.86157],[-61.20636,14.86169],[-61.20622,14.86165],[-61.20603,14.8618],[-61.20583,14.86181],[-61.20575,14.86187],[-61.20562,14.86208],[-61.20551,14.86218],[-61.2054,14.86218],[-61.20529,14.86209],[-61.20518,14.8621],[-61.20512,14.86202],[-61.20496,14.86198],[-61.20473,14.86183],[-61.2046,14.86156],[-61.2045,14.86154],[-61.20418,14.86167],[-61.20405,14.8617],[-61.20365,14.86141],[-61.20355,14.86104],[-61.20362,14.86066],[-61.20367,14.86053],[-61.20356,14.86028],[-61.20334,14.85999],[-61.20305,14.85976],[-61.20285,14.85956],[-61.2028,14.85939],[-61.20287,14.85916],[-61.2031,14.8588],[-61.20309,14.85862],[-61.20291,14.85853],[-61.20276,14.8585],[-61.20241,14.85836],[-61.20222,14.85831],[-61.20193,14.85826],[-61.20151,14.85813],[-61.20106,14.85789],[-61.20085,14.85771],[-61.20078,14.85758],[-61.20065,14.85725],[-61.20063,14.85702],[-61.20065,14.85671],[-61.20073,14.85644],[-61.20086,14.85625],[-61.20106,14.85609],[-61.20115,14.85593],[-61.2013,14.85547],[-61.20125,14.85515],[-61.20099,14.85459],[-61.20076,14.85426],[-61.20063,14.85413],[-61.20033,14.85392],[-61.2,14.85367],[-61.19972,14.85339],[-61.19959,14.8532],[-61.19945,14.85291],[-61.19934,14.85274],[-61.19915,14.85267],[-61.19895,14.85267],[-61.19876,14.8526],[-61.19834,14.85219],[-61.19821,14.85202],[-61.19803,14.85187],[-61.19739,14.85117],[-61.19598,14.84972],[-61.19494,14.84917],[-61.19463,14.84841],[-61.19471,14.84803],[-61.19467,14.84761],[-61.19463,14.84734],[-61.19455,14.84711],[-61.1944,14.84693],[-61.19387,14.84653],[-61.19252,14.84631],[-61.19124,14.84574],[-61.18968,14.84432],[-61.18981,14.84307],[-61.18985,14.84275],[-61.18988,14.84245],[-61.18997,14.8415],[-61.19031,14.84064],[-61.19055,14.84011],[-61.1906,14.8399],[-61.19063,14.83949],[-61.19073,14.83934],[-61.19116,14.83902],[-61.19112,14.83882],[-61.19109,14.83839],[-61.19104,14.83817],[-61.19091,14.83773],[-61.19072,14.83734],[-61.19044,14.83691],[-61.18997,14.83559],[-61.19005,14.83544],[-61.19044,14.83488],[-61.19069,14.83445],[-61.191,14.83386],[-61.19118,14.83344],[-61.19144,14.83282],[-61.19156,14.83243],[-61.19172,14.83207],[-61.19104,14.83193],[-61.19053,14.83192],[-61.19007,14.83203],[-61.18983,14.83212],[-61.18966,14.83216],[-61.1882,14.83116],[-61.18784,14.83131],[-61.1875,14.83148],[-61.18733,14.83161],[-61.18721,14.83177],[-61.18711,14.83196],[-61.18703,14.83218],[-61.187,14.83237],[-61.18678,14.83238],[-61.18632,14.83223],[-61.18605,14.83211],[-61.18569,14.83189],[-61.18549,14.83172],[-61.18439,14.83023],[-61.18447,14.82926],[-61.18466,14.82815],[-61.18426,14.82662],[-61.18306,14.82607],[-61.18294,14.82577],[-61.18197,14.8253],[-61.18101,14.82423],[-61.17972,14.82406],[-61.17902,14.82273],[-61.1788,14.8228],[-61.17843,14.823],[-61.17794,14.82334],[-61.17765,14.82326],[-61.17743,14.82323],[-61.17693,14.82313],[-61.17648,14.82316],[-61.17608,14.82329],[-61.17588,14.82338],[-61.17577,14.8233],[-61.17551,14.82317],[-61.17516,14.82294],[-61.17504,14.82279],[-61.17489,14.82269],[-61.17472,14.8225],[-61.17434,14.82238],[-61.17408,14.82237],[-61.1739,14.82233],[-61.17354,14.82217],[-61.17343,14.822],[-61.17318,14.82134],[-61.17304,14.82107],[-61.173,14.82095],[-61.17268,14.82031],[-61.17244,14.81992],[-61.17206,14.81935],[-61.17198,14.81926],[-61.17144,14.81897],[-61.1714,14.81845],[-61.17137,14.81837],[-61.17107,14.81798],[-61.171,14.81792],[-61.1708,14.81787],[-61.17048,14.81775],[-61.17015,14.81759],[-61.16998,14.81744],[-61.16969,14.81707],[-61.16954,14.81697],[-61.16931,14.81692],[-61.16909,14.81696],[-61.16882,14.81695],[-61.16872,14.81704],[-61.16857,14.81704],[-61.16836,14.81713],[-61.16807,14.81735],[-61.16781,14.81744],[-61.16766,14.81753],[-61.16754,14.81756],[-61.16743,14.81743],[-61.16718,14.81743],[-61.16669,14.81736],[-61.16652,14.81738],[-61.16615,14.81722],[-61.16598,14.81713],[-61.1658,14.81707],[-61.16573,14.817],[-61.16545,14.81691],[-61.16482,14.81686],[-61.16462,14.81679],[-61.16447,14.81663],[-61.16412,14.81639],[-61.164,14.81616]]],[[[-61.2276,14.84179],[-61.22773,14.84162],[-61.22797,14.84161],[-61.22811,14.84177],[-61.22805,14.84205],[-61.2279,14.84217],[-61.22783,14.8423],[-61.22773,14.84222],[-61.22764,14.84202],[-61.2276,14.84179]]]]}},{"type":"Feature","properties":{"nom":"Rivière-Pilote","code":"97220"},"geometry":{"type":"Polygon","coordinates":[[[-60.92945,14.51829],[-60.92942,14.51851],[-60.92936,14.51879],[-60.92934,14.519],[-60.92891,14.52258],[-60.92803,14.52268],[-60.92779,14.52277],[-60.92761,14.52287],[-60.92756,14.52295],[-60.92778,14.52324],[-60.9278,14.52332],[-60.92762,14.52352],[-60.92756,14.52383],[-60.92743,14.52436],[-60.9273,14.52483],[-60.9268,14.52646],[-60.92446,14.5257],[-60.92425,14.52551],[-60.92415,14.52536],[-60.92368,14.52479],[-60.92417,14.52283],[-60.92212,14.52217],[-60.92197,14.52254],[-60.92168,14.52257],[-60.92146,14.52274],[-60.9214,14.52286],[-60.92119,14.52281],[-60.92104,14.52337],[-60.92173,14.5241],[-60.9212,14.52479],[-60.92123,14.52483],[-60.9212,14.52538],[-60.92122,14.52585],[-60.92121,14.52633],[-60.92013,14.52674],[-60.92032,14.52732],[-60.92035,14.52749],[-60.92035,14.5278],[-60.92111,14.528],[-60.92219,14.52833],[-60.92253,14.52842],[-60.92477,14.52911],[-60.92541,14.52928],[-60.92648,14.5296],[-60.92649,14.52974],[-60.92644,14.52992],[-60.92638,14.53034],[-60.92607,14.53236],[-60.92589,14.53349],[-60.92585,14.53367],[-60.92587,14.53383],[-60.92582,14.53393],[-60.9253,14.53728],[-60.92523,14.53789],[-60.92367,14.53768],[-60.92339,14.53876],[-60.92296,14.53854],[-60.92244,14.53839],[-60.92174,14.53827],[-60.92087,14.53801],[-60.92067,14.53794],[-60.91927,14.53752],[-60.91834,14.53745],[-60.91808,14.53744],[-60.91737,14.53719],[-60.91687,14.53676],[-60.9156,14.53637],[-60.91551,14.53634],[-60.91464,14.53609],[-60.91387,14.5358],[-60.9135,14.53578],[-60.91272,14.53551],[-60.91209,14.53534],[-60.91206,14.53583],[-60.91155,14.53594],[-60.91148,14.53616],[-60.91066,14.53635],[-60.91036,14.53546],[-60.91004,14.53453],[-60.90978,14.53436],[-60.90938,14.53478],[-60.90932,14.53462],[-60.90825,14.53434],[-60.90795,14.53533],[-60.90764,14.53625],[-60.90763,14.53633],[-60.9067,14.53639],[-60.90566,14.53643],[-60.90523,14.53655],[-60.90343,14.53673],[-60.90333,14.53751],[-60.90172,14.53771],[-60.90122,14.53776],[-60.90021,14.53788],[-60.89955,14.53794],[-60.89947,14.53726],[-60.89956,14.53678],[-60.89854,14.537],[-60.89793,14.53713],[-60.89804,14.53745],[-60.89589,14.53771],[-60.89493,14.53786],[-60.89515,14.5389],[-60.89471,14.53894],[-60.89469,14.53941],[-60.89519,14.53928],[-60.89524,14.53966],[-60.89547,14.54178],[-60.89583,14.54173],[-60.89726,14.54153],[-60.89728,14.54165],[-60.8972,14.54176],[-60.89685,14.54198],[-60.89679,14.54203],[-60.89672,14.54229],[-60.8966,14.54241],[-60.89619,14.54276],[-60.89596,14.54284],[-60.89546,14.54311],[-60.89535,14.54311],[-60.89546,14.54372],[-60.89572,14.54369],[-60.89569,14.54382],[-60.89559,14.54399],[-60.89534,14.54414],[-60.89526,14.54422],[-60.89525,14.54446],[-60.89529,14.54478],[-60.89537,14.54499],[-60.89559,14.54525],[-60.89523,14.54578],[-60.89517,14.54595],[-60.89379,14.5459],[-60.89355,14.54596],[-60.89346,14.54605],[-60.89234,14.54645],[-60.89167,14.54653],[-60.89169,14.547],[-60.89176,14.54723],[-60.89155,14.54732],[-60.89171,14.54786],[-60.89143,14.54785],[-60.89107,14.54773],[-60.89102,14.54768],[-60.89042,14.54675],[-60.88994,14.54677],[-60.88981,14.54488],[-60.88863,14.54421],[-60.88779,14.54504],[-60.8874,14.54479],[-60.88721,14.54463],[-60.88688,14.54425],[-60.88642,14.54376],[-60.88622,14.54364],[-60.88605,14.54343],[-60.88584,14.54331],[-60.88573,14.54312],[-60.88562,14.54301],[-60.88549,14.54294],[-60.88538,14.54283],[-60.88527,14.54266],[-60.88496,14.54244],[-60.88477,14.54232],[-60.88458,14.54225],[-60.88433,14.5421],[-60.88414,14.54195],[-60.88388,14.54177],[-60.88372,14.54148],[-60.88366,14.54123],[-60.88358,14.54099],[-60.88323,14.54047],[-60.8831,14.5403],[-60.88285,14.54008],[-60.88251,14.53969],[-60.8823,14.53927],[-60.8823,14.53903],[-60.88251,14.53887],[-60.88266,14.53872],[-60.88292,14.53853],[-60.8832,14.53825],[-60.88363,14.53814],[-60.88415,14.53835],[-60.88401,14.53682],[-60.8842,14.53659],[-60.88419,14.53641],[-60.88349,14.53569],[-60.88275,14.53544],[-60.88258,14.53603],[-60.88162,14.53577],[-60.88175,14.53449],[-60.88177,14.53408],[-60.88119,14.53459],[-60.88058,14.53416],[-60.88002,14.53381],[-60.88005,14.53358],[-60.87916,14.53349],[-60.87913,14.5325],[-60.87871,14.53241],[-60.87849,14.53242],[-60.87849,14.53269],[-60.87727,14.53319],[-60.87595,14.53317],[-60.87596,14.53308],[-60.87174,14.53249],[-60.87169,14.53226],[-60.87091,14.53177],[-60.87111,14.53124],[-60.87106,14.53108],[-60.87099,14.53106],[-60.87091,14.53086],[-60.86938,14.5315],[-60.8696,14.52946],[-60.86853,14.52924],[-60.86851,14.52777],[-60.8685,14.52689],[-60.86851,14.526],[-60.86823,14.52589],[-60.86641,14.52584],[-60.86645,14.52509],[-60.86653,14.52397],[-60.86665,14.52221],[-60.8652,14.52221],[-60.86519,14.52154],[-60.86533,14.51949],[-60.86532,14.51946],[-60.86538,14.5186],[-60.86546,14.51795],[-60.86563,14.51795],[-60.86581,14.51787],[-60.86599,14.51763],[-60.86618,14.51757],[-60.86659,14.51746],[-60.86677,14.51731],[-60.86681,14.51722],[-60.86685,14.51694],[-60.8666,14.51684],[-60.86667,14.51579],[-60.86454,14.51527],[-60.86474,14.51233],[-60.86516,14.512],[-60.86547,14.51212],[-60.86648,14.51231],[-60.86687,14.51234],[-60.86681,14.51159],[-60.86687,14.51084],[-60.86687,14.51043],[-60.86683,14.5101],[-60.86693,14.51004],[-60.867,14.50991],[-60.86712,14.50982],[-60.86727,14.50979],[-60.86752,14.50982],[-60.86785,14.50984],[-60.86802,14.50982],[-60.86826,14.50974],[-60.86866,14.50955],[-60.86902,14.50986],[-60.86899,14.50853],[-60.86867,14.50798],[-60.8688,14.5076],[-60.86899,14.50732],[-60.86961,14.50742],[-60.87048,14.5077],[-60.87058,14.5075],[-60.87027,14.50343],[-60.87121,14.5033],[-60.87326,14.50302],[-60.87328,14.50262],[-60.87317,14.50072],[-60.87277,14.50063],[-60.87315,14.49958],[-60.87405,14.49801],[-60.8742,14.49816],[-60.87491,14.498],[-60.87469,14.49775],[-60.876,14.49643],[-60.87626,14.49625],[-60.87645,14.49603],[-60.87662,14.49627],[-60.8775,14.49625],[-60.87751,14.49578],[-60.87862,14.49537],[-60.87909,14.49518],[-60.87921,14.49512],[-60.87944,14.49507],[-60.88035,14.49473],[-60.88036,14.49468],[-60.88073,14.49464],[-60.88082,14.49459],[-60.88133,14.49439],[-60.88136,14.49429],[-60.88154,14.49406],[-60.88162,14.4939],[-60.88178,14.49377],[-60.88184,14.49367],[-60.88217,14.49321],[-60.88245,14.49297],[-60.88292,14.49239],[-60.8828,14.49206],[-60.88273,14.49191],[-60.88267,14.49156],[-60.88265,14.49099],[-60.88677,14.4906],[-60.88675,14.4878],[-60.88879,14.48828],[-60.88891,14.48691],[-60.88896,14.48621],[-60.88889,14.48606],[-60.8892,14.4857],[-60.88929,14.48563],[-60.88938,14.4854],[-60.88938,14.4851],[-60.88928,14.48409],[-60.88933,14.48392],[-60.88992,14.48344],[-60.89005,14.48324],[-60.89028,14.48293],[-60.89039,14.48264],[-60.89032,14.48213],[-60.89025,14.48176],[-60.89026,14.48136],[-60.89025,14.48122],[-60.89102,14.47845],[-60.89609,14.47747],[-60.89643,14.4775],[-60.89629,14.47537],[-60.89715,14.4751],[-60.89561,14.47326],[-60.89521,14.47211],[-60.89883,14.47093],[-60.90067,14.46909],[-60.90093,14.4689],[-60.9007,14.46848],[-60.89904,14.46555],[-60.8997,14.46334],[-60.89987,14.46225],[-60.89992,14.46216],[-60.90002,14.46177],[-60.9001,14.46156],[-60.90025,14.46131],[-60.90057,14.4609],[-60.90069,14.46078],[-60.90135,14.45961],[-60.90161,14.45931],[-60.90164,14.45922],[-60.90258,14.45885],[-60.90352,14.45784],[-60.90747,14.45745],[-60.90758,14.45757],[-60.90766,14.45784],[-60.9078,14.45804],[-60.90791,14.45814],[-60.90821,14.45837],[-60.90842,14.45855],[-60.90861,14.45866],[-60.90886,14.45877],[-60.90898,14.4589],[-60.90913,14.45896],[-60.90937,14.45897],[-60.90947,14.45904],[-60.9093,14.45914],[-60.90937,14.45926],[-60.90935,14.45937],[-60.90903,14.45933],[-60.90909,14.45956],[-60.9092,14.45975],[-60.90947,14.45999],[-60.90982,14.46018],[-60.91023,14.46035],[-60.91065,14.46044],[-60.91086,14.46053],[-60.91119,14.46056],[-60.9114,14.46049],[-60.9114,14.46043],[-60.91157,14.46018],[-60.91174,14.46017],[-60.91174,14.46034],[-60.91191,14.46049],[-60.91179,14.46053],[-60.9117,14.46068],[-60.91171,14.46097],[-60.91164,14.46113],[-60.91185,14.46128],[-60.91172,14.46136],[-60.91179,14.46146],[-60.91174,14.46164],[-60.91181,14.46173],[-60.91208,14.46165],[-60.91223,14.46168],[-60.91221,14.46176],[-60.9123,14.46195],[-60.91226,14.46212],[-60.91217,14.4623],[-60.91207,14.46235],[-60.91211,14.46248],[-60.91205,14.46265],[-60.91204,14.46282],[-60.91175,14.46318],[-60.91159,14.46345],[-60.9116,14.46384],[-60.91147,14.46405],[-60.91152,14.46425],[-60.91153,14.46438],[-60.91143,14.46454],[-60.91145,14.46468],[-60.91142,14.4649],[-60.91147,14.46504],[-60.91146,14.46521],[-60.91135,14.46539],[-60.91129,14.46575],[-60.91125,14.4658],[-60.91118,14.46616],[-60.91111,14.46628],[-60.91104,14.46649],[-60.91093,14.46653],[-60.9109,14.46661],[-60.91061,14.46649],[-60.91047,14.46656],[-60.9104,14.4668],[-60.9105,14.467],[-60.91056,14.467],[-60.9109,14.46682],[-60.91091,14.46692],[-60.91083,14.46702],[-60.91053,14.46719],[-60.91034,14.46714],[-60.9102,14.46703],[-60.91,14.46682],[-60.90978,14.46682],[-60.90957,14.46695],[-60.90941,14.46709],[-60.90887,14.46765],[-60.90875,14.46783],[-60.90868,14.46808],[-60.90846,14.46831],[-60.90857,14.46931],[-60.90898,14.46988],[-60.90915,14.46983],[-60.90989,14.46974],[-60.91024,14.46961],[-60.9107,14.46956],[-60.91063,14.46908],[-60.91057,14.46897],[-60.91085,14.46891],[-60.91101,14.47021],[-60.91083,14.4713],[-60.91055,14.47229],[-60.91027,14.47294],[-60.91011,14.47325],[-60.90997,14.47358],[-60.91018,14.47371],[-60.91049,14.47397],[-60.91087,14.47443],[-60.91109,14.47462],[-60.91125,14.47485],[-60.91131,14.47504],[-60.91132,14.47541],[-60.91144,14.47575],[-60.91172,14.47619],[-60.9117,14.47652],[-60.91175,14.47671],[-60.91188,14.47694],[-60.91198,14.47717],[-60.91201,14.47742],[-60.91194,14.47764],[-60.91201,14.47778],[-60.91192,14.478],[-60.9119,14.47816],[-60.91192,14.47842],[-60.91203,14.4787],[-60.91217,14.47929],[-60.91219,14.47958],[-60.91209,14.48015],[-60.91213,14.48047],[-60.91214,14.48102],[-60.91207,14.48131],[-60.91186,14.48162],[-60.91186,14.48176],[-60.91199,14.48192],[-60.9121,14.4822],[-60.91212,14.48243],[-60.91223,14.48263],[-60.91234,14.48298],[-60.91228,14.48325],[-60.91228,14.48339],[-60.91219,14.48359],[-60.912,14.48374],[-60.91179,14.48399],[-60.91161,14.4844],[-60.91164,14.48471],[-60.91172,14.48487],[-60.91205,14.48505],[-60.91214,14.48517],[-60.9123,14.48543],[-60.91242,14.48561],[-60.91266,14.48586],[-60.91287,14.48622],[-60.91299,14.48657],[-60.91308,14.48689],[-60.91317,14.48719],[-60.9132,14.48757],[-60.91325,14.48789],[-60.91331,14.4881],[-60.91341,14.48831],[-60.9134,14.48856],[-60.91348,14.48878],[-60.91344,14.48897],[-60.91349,14.48916],[-60.91362,14.48932],[-60.91369,14.48957],[-60.91365,14.48981],[-60.9137,14.49006],[-60.9137,14.49032],[-60.91387,14.49061],[-60.9138,14.49101],[-60.91384,14.4912],[-60.91391,14.49129],[-60.914,14.4915],[-60.91405,14.49174],[-60.91413,14.49195],[-60.91435,14.49216],[-60.91441,14.49236],[-60.9144,14.49258],[-60.91446,14.49269],[-60.91452,14.49288],[-60.91469,14.4932],[-60.91478,14.49356],[-60.91474,14.49392],[-60.91474,14.4943],[-60.91453,14.49447],[-60.91465,14.49488],[-60.91488,14.49501],[-60.91519,14.49509],[-60.91538,14.49525],[-60.91549,14.49565],[-60.91561,14.49582],[-60.91585,14.49604],[-60.91597,14.49622],[-60.91608,14.49654],[-60.91645,14.49717],[-60.91649,14.49775],[-60.91656,14.49794],[-60.9167,14.49855],[-60.9167,14.49872],[-60.91683,14.49892],[-60.91744,14.49939],[-60.91752,14.4995],[-60.91757,14.49965],[-60.91771,14.49974],[-60.91813,14.49959],[-60.91837,14.49996],[-60.91851,14.49999],[-60.9187,14.50015],[-60.91888,14.50053],[-60.91896,14.50085],[-60.91895,14.50098],[-60.91897,14.5012],[-60.91906,14.50139],[-60.91913,14.50165],[-60.9192,14.50202],[-60.91918,14.50235],[-60.91922,14.50259],[-60.91928,14.50269],[-60.91952,14.50288],[-60.91958,14.50295],[-60.91995,14.50364],[-60.92013,14.50407],[-60.92036,14.50417],[-60.92117,14.50431],[-60.92108,14.50535],[-60.92221,14.50593],[-60.92357,14.50628],[-60.92318,14.5072],[-60.92448,14.50674],[-60.9247,14.5067],[-60.92495,14.50662],[-60.92442,14.51556],[-60.92409,14.51685],[-60.92536,14.51726],[-60.92573,14.51739],[-60.92596,14.51744],[-60.92632,14.51754],[-60.92768,14.51797],[-60.92896,14.51822],[-60.92945,14.51829]]]}},{"type":"Feature","properties":{"nom":"Rivière-Salée","code":"97221"},"geometry":{"type":"Polygon","coordinates":[[[-61.00383,14.5089],[-61.00335,14.50886],[-61.00324,14.51165],[-61.00319,14.51242],[-61.00313,14.51316],[-61.00265,14.51736],[-61.00216,14.5219],[-61.00215,14.522],[-61.00199,14.52341],[-61.002,14.52357],[-61.00187,14.52466],[-61.00165,14.52685],[-61.00157,14.5268],[-61.00141,14.52681],[-61.00124,14.52689],[-61.0012,14.52807],[-61.00143,14.52812],[-61.00141,14.52853],[-61.00128,14.53009],[-61.00121,14.53167],[-61.00123,14.53208],[-61.00122,14.53219],[-61.00104,14.53202],[-61.00079,14.53181],[-61.00046,14.5316],[-61.00016,14.53153],[-60.99978,14.5315],[-60.99963,14.53151],[-60.99937,14.53158],[-60.99916,14.53166],[-60.99904,14.53181],[-60.99892,14.53185],[-60.99869,14.53183],[-60.99844,14.53202],[-60.99833,14.53189],[-60.99819,14.532],[-60.99813,14.53199],[-60.99801,14.53183],[-60.99768,14.53167],[-60.99757,14.53189],[-60.99739,14.5318],[-60.99707,14.53179],[-60.99703,14.53213],[-60.99705,14.5326],[-60.997,14.53299],[-60.99695,14.53313],[-60.99703,14.53336],[-60.99716,14.5336],[-60.99728,14.53392],[-60.9972,14.53423],[-60.99721,14.53434],[-60.99728,14.53446],[-60.99748,14.53469],[-60.99764,14.53481],[-60.9979,14.53489],[-60.99802,14.53501],[-60.99824,14.53543],[-60.99816,14.53558],[-60.99794,14.53561],[-60.99763,14.53555],[-60.99717,14.53555],[-60.99696,14.53559],[-60.99664,14.53568],[-60.99646,14.53586],[-60.99634,14.53627],[-60.99627,14.53638],[-60.9961,14.5365],[-60.99582,14.53663],[-60.99575,14.53671],[-60.99579,14.5368],[-60.99602,14.53709],[-60.99603,14.53722],[-60.99583,14.5373],[-60.99548,14.53737],[-60.99531,14.53737],[-60.99503,14.53727],[-60.99479,14.53711],[-60.99469,14.53698],[-60.99463,14.53684],[-60.99462,14.53654],[-60.99463,14.53641],[-60.9946,14.53608],[-60.99456,14.53593],[-60.99456,14.53575],[-60.9945,14.53519],[-60.9945,14.53502],[-60.99456,14.53486],[-60.99468,14.53471],[-60.99477,14.53445],[-60.99513,14.53425],[-60.99524,14.53416],[-60.99539,14.53395],[-60.99546,14.53374],[-60.9955,14.53345],[-60.99533,14.53334],[-60.99518,14.53321],[-60.99511,14.53305],[-60.99516,14.53289],[-60.99494,14.53254],[-60.99487,14.5324],[-60.99462,14.53232],[-60.9946,14.53212],[-60.99455,14.53201],[-60.99435,14.5318],[-60.9942,14.53174],[-60.9941,14.53143],[-60.99403,14.53134],[-60.9939,14.53127],[-60.99361,14.53115],[-60.99338,14.53111],[-60.9932,14.53098],[-60.99307,14.53103],[-60.9929,14.53097],[-60.9927,14.53083],[-60.99251,14.53079],[-60.99235,14.53079],[-60.99224,14.53092],[-60.99198,14.53099],[-60.99181,14.53099],[-60.99168,14.53088],[-60.99145,14.5308],[-60.99117,14.53078],[-60.99098,14.53069],[-60.99068,14.53036],[-60.99061,14.53021],[-60.9904,14.53023],[-60.99001,14.53023],[-60.98967,14.53015],[-60.98957,14.53009],[-60.9892,14.52982],[-60.98892,14.52966],[-60.98834,14.52944],[-60.98799,14.52926],[-60.98777,14.52948],[-60.9876,14.52955],[-60.98753,14.5295],[-60.9875,14.52936],[-60.98692,14.52941],[-60.98687,14.52951],[-60.98689,14.53008],[-60.98694,14.53049],[-60.98697,14.53064],[-60.98716,14.53104],[-60.98727,14.5312],[-60.98745,14.53138],[-60.98767,14.53153],[-60.98798,14.53177],[-60.98834,14.5319],[-60.98878,14.53193],[-60.98887,14.53191],[-60.98922,14.53176],[-60.98947,14.53176],[-60.98961,14.53181],[-60.98981,14.53195],[-60.98996,14.53215],[-60.98998,14.53234],[-60.98995,14.53255],[-60.9899,14.53272],[-60.98979,14.53286],[-60.9894,14.53315],[-60.98932,14.53318],[-60.98889,14.5332],[-60.98868,14.53316],[-60.98824,14.53302],[-60.98785,14.53295],[-60.98765,14.53311],[-60.98751,14.53344],[-60.9873,14.53361],[-60.98713,14.53366],[-60.98705,14.53384],[-60.9871,14.53412],[-60.98721,14.53436],[-60.98743,14.53463],[-60.98766,14.53481],[-60.98798,14.53491],[-60.98828,14.53494],[-60.98873,14.53496],[-60.9889,14.53501],[-60.989,14.53507],[-60.98925,14.53543],[-60.98949,14.53572],[-60.98964,14.53585],[-60.98976,14.53604],[-60.98977,14.53613],[-60.9897,14.53638],[-60.9896,14.53653],[-60.98946,14.53664],[-60.98935,14.53668],[-60.989,14.53662],[-60.9888,14.53653],[-60.98855,14.53652],[-60.9883,14.53663],[-60.98814,14.53676],[-60.98782,14.53707],[-60.98759,14.53713],[-60.98735,14.5371],[-60.9872,14.53704],[-60.98697,14.53699],[-60.98683,14.53699],[-60.98672,14.53694],[-60.98657,14.53673],[-60.98656,14.5364],[-60.98644,14.5361],[-60.98629,14.5359],[-60.98616,14.53583],[-60.98594,14.53559],[-60.98583,14.53541],[-60.98528,14.53491],[-60.98483,14.5346],[-60.9847,14.53448],[-60.98459,14.53432],[-60.98445,14.53422],[-60.98432,14.53419],[-60.98415,14.5342],[-60.98402,14.53431],[-60.98398,14.5345],[-60.98399,14.53473],[-60.98402,14.53482],[-60.98435,14.53514],[-60.98447,14.5354],[-60.98463,14.53599],[-60.98468,14.5362],[-60.9848,14.5366],[-60.98481,14.53672],[-60.98504,14.53707],[-60.98516,14.53729],[-60.98539,14.53761],[-60.98545,14.53789],[-60.98555,14.53811],[-60.98562,14.5382],[-60.9858,14.53826],[-60.98583,14.53839],[-60.98566,14.53838],[-60.98543,14.53852],[-60.98531,14.53855],[-60.98516,14.53866],[-60.98488,14.53897],[-60.98461,14.53935],[-60.98433,14.53967],[-60.98417,14.53983],[-60.98395,14.53998],[-60.9838,14.54012],[-60.98343,14.54052],[-60.98356,14.54064],[-60.98358,14.54076],[-60.98336,14.54102],[-60.9831,14.54118],[-60.98288,14.54122],[-60.98277,14.54128],[-60.98242,14.54152],[-60.98211,14.54155],[-60.98193,14.54158],[-60.98153,14.54151],[-60.98069,14.54108],[-60.9806,14.541],[-60.98027,14.5409],[-60.9801,14.54088],[-60.98,14.54092],[-60.97988,14.54104],[-60.97963,14.54141],[-60.97946,14.54174],[-60.97935,14.54207],[-60.9791,14.54252],[-60.97905,14.54267],[-60.97904,14.5429],[-60.97897,14.54309],[-60.97884,14.5432],[-60.97875,14.54339],[-60.97867,14.54362],[-60.97859,14.5438],[-60.97844,14.54392],[-60.97832,14.54396],[-60.97822,14.54408],[-60.97809,14.54415],[-60.97796,14.5443],[-60.97791,14.54443],[-60.97771,14.54466],[-60.97788,14.54467],[-60.97774,14.54481],[-60.97784,14.54489],[-60.97796,14.54478],[-60.97888,14.54464],[-60.97951,14.54422],[-60.97964,14.54417],[-60.98016,14.5442],[-60.98033,14.54423],[-60.98038,14.54428],[-60.98041,14.54467],[-60.98048,14.54475],[-60.98051,14.5449],[-60.98027,14.54532],[-60.98054,14.54529],[-60.98106,14.54517],[-60.98136,14.54509],[-60.98174,14.54496],[-60.98228,14.54476],[-60.98364,14.54417],[-60.98475,14.54368],[-60.98482,14.54372],[-60.98532,14.54427],[-60.98541,14.5443],[-60.98572,14.54426],[-60.98587,14.54421],[-60.98625,14.54386],[-60.98631,14.54378],[-60.98645,14.54287],[-60.98651,14.5428],[-60.98669,14.5427],[-60.98683,14.54293],[-60.98694,14.5432],[-60.98699,14.54357],[-60.98709,14.54371],[-60.98736,14.54392],[-60.98766,14.54424],[-60.98777,14.54432],[-60.98804,14.54445],[-60.98839,14.5448],[-60.98845,14.54491],[-60.9884,14.54502],[-60.98843,14.54514],[-60.98885,14.54501],[-60.98918,14.54488],[-60.98931,14.5447],[-60.98936,14.54475],[-60.9892,14.54496],[-60.9887,14.54513],[-60.98851,14.54524],[-60.98837,14.54537],[-60.98815,14.54541],[-60.988,14.54548],[-60.98785,14.54581],[-60.98772,14.546],[-60.98763,14.54607],[-60.98729,14.54615],[-60.98707,14.54623],[-60.98699,14.54622],[-60.98685,14.5459],[-60.98665,14.54563],[-60.98649,14.54551],[-60.9862,14.54516],[-60.98597,14.54498],[-60.98567,14.54484],[-60.9853,14.54479],[-60.98511,14.54484],[-60.98494,14.54492],[-60.98477,14.54521],[-60.98477,14.54555],[-60.98502,14.54615],[-60.98508,14.54645],[-60.98508,14.54662],[-60.9849,14.54681],[-60.98451,14.54707],[-60.98419,14.5472],[-60.98403,14.5472],[-60.98378,14.54729],[-60.98348,14.54728],[-60.98311,14.54724],[-60.98286,14.54714],[-60.98241,14.54686],[-60.9823,14.54683],[-60.98196,14.54685],[-60.98177,14.54683],[-60.98156,14.54671],[-60.98135,14.54652],[-60.98108,14.54638],[-60.98085,14.54634],[-60.98064,14.54638],[-60.98015,14.54664],[-60.98002,14.54667],[-60.9797,14.54665],[-60.97904,14.54646],[-60.97874,14.54645],[-60.97838,14.54668],[-60.978,14.54703],[-60.97817,14.54701],[-60.97852,14.54683],[-60.97875,14.54676],[-60.97894,14.54679],[-60.97919,14.54695],[-60.97953,14.54712],[-60.97976,14.54719],[-60.9801,14.54721],[-60.98026,14.54718],[-60.98049,14.54709],[-60.98061,14.5471],[-60.98074,14.54717],[-60.98101,14.54745],[-60.98121,14.54763],[-60.98136,14.5477],[-60.98168,14.54773],[-60.98185,14.54783],[-60.98182,14.54803],[-60.98206,14.54822],[-60.98242,14.54845],[-60.98267,14.54856],[-60.98322,14.54869],[-60.98364,14.54884],[-60.98383,14.54902],[-60.98392,14.5493],[-60.98389,14.5495],[-60.98385,14.5496],[-60.98363,14.54992],[-60.98348,14.55004],[-60.98328,14.55016],[-60.98319,14.55017],[-60.98266,14.55007],[-60.98231,14.54998],[-60.98183,14.54981],[-60.98154,14.55014],[-60.98136,14.55022],[-60.98126,14.55032],[-60.98107,14.55065],[-60.98107,14.55076],[-60.98102,14.55089],[-60.98093,14.55099],[-60.98071,14.55108],[-60.98054,14.5512],[-60.98022,14.55127],[-60.98018,14.55144],[-60.97948,14.55155],[-60.9785,14.55174],[-60.97772,14.55187],[-60.97719,14.552],[-60.97688,14.55209],[-60.97669,14.55207],[-60.97662,14.5519],[-60.97678,14.55104],[-60.97687,14.5506],[-60.97697,14.5502],[-60.97736,14.54878],[-60.97751,14.54823],[-60.97639,14.54783],[-60.97549,14.5475],[-60.97534,14.54739],[-60.9735,14.54769],[-60.97221,14.54791],[-60.9711,14.54811],[-60.97101,14.54818],[-60.96996,14.54832],[-60.96971,14.54844],[-60.96947,14.54882],[-60.96933,14.54915],[-60.96926,14.54916],[-60.96921,14.54901],[-60.96925,14.54874],[-60.96835,14.54894],[-60.96857,14.54967],[-60.96857,14.54979],[-60.96832,14.54991],[-60.96805,14.54986],[-60.96767,14.54965],[-60.96699,14.54919],[-60.96647,14.54875],[-60.96583,14.54815],[-60.96566,14.54829],[-60.96515,14.54834],[-60.96454,14.54838],[-60.96493,14.54891],[-60.96518,14.54898],[-60.96526,14.54889],[-60.96536,14.54895],[-60.96507,14.54927],[-60.96546,14.54966],[-60.96551,14.55036],[-60.96547,14.55037],[-60.96415,14.55103],[-60.96372,14.55123],[-60.96345,14.55089],[-60.96332,14.55077],[-60.963,14.55063],[-60.96272,14.55098],[-60.96267,14.5512],[-60.96256,14.55144],[-60.96239,14.55162],[-60.96211,14.55186],[-60.96196,14.552],[-60.96184,14.5522],[-60.9617,14.55253],[-60.9615,14.55267],[-60.9612,14.55275],[-60.96092,14.5529],[-60.96079,14.55305],[-60.96072,14.55317],[-60.96058,14.55317],[-60.9603,14.55326],[-60.95983,14.55326],[-60.95955,14.5531],[-60.95945,14.55309],[-60.9591,14.55321],[-60.95861,14.55322],[-60.95846,14.55329],[-60.95828,14.55342],[-60.95793,14.55353],[-60.9577,14.55348],[-60.95747,14.55329],[-60.9573,14.55322],[-60.9569,14.5532],[-60.95662,14.55326],[-60.95643,14.55333],[-60.95623,14.55346],[-60.95596,14.55376],[-60.95563,14.5539],[-60.95548,14.55401],[-60.95537,14.55416],[-60.95518,14.55435],[-60.95511,14.55438],[-60.95472,14.55446],[-60.9544,14.5545],[-60.95423,14.55465],[-60.95413,14.5549],[-60.95395,14.55526],[-60.95388,14.55533],[-60.9537,14.55553],[-60.95348,14.55584],[-60.9534,14.55592],[-60.95318,14.55602],[-60.95275,14.55603],[-60.95261,14.55605],[-60.95254,14.55597],[-60.95197,14.5554],[-60.95201,14.55492],[-60.95203,14.55408],[-60.95202,14.55401],[-60.95101,14.55396],[-60.95073,14.5534],[-60.95054,14.55363],[-60.95046,14.55385],[-60.94988,14.55398],[-60.94965,14.55377],[-60.94924,14.55343],[-60.94899,14.55386],[-60.94879,14.55403],[-60.94854,14.55423],[-60.94814,14.55449],[-60.94794,14.5546],[-60.94763,14.55469],[-60.94748,14.55463],[-60.94717,14.55447],[-60.94696,14.55443],[-60.9466,14.55445],[-60.94647,14.55401],[-60.94618,14.55313],[-60.94562,14.55147],[-60.94527,14.5504],[-60.94512,14.54996],[-60.945,14.54993],[-60.94387,14.54979],[-60.94139,14.54946],[-60.94006,14.5493],[-60.93984,14.54925],[-60.93944,14.5492],[-60.93853,14.54909],[-60.93413,14.54857],[-60.93395,14.54854],[-60.93254,14.54838],[-60.93245,14.54836],[-60.93174,14.54749],[-60.93147,14.54712],[-60.93102,14.54657],[-60.93055,14.54607],[-60.93046,14.54604],[-60.92953,14.54595],[-60.92926,14.54588],[-60.9294,14.5448],[-60.92937,14.54467],[-60.92866,14.54383],[-60.92852,14.54371],[-60.92824,14.54339],[-60.92763,14.54254],[-60.92748,14.54237],[-60.92737,14.54228],[-60.92725,14.54213],[-60.92701,14.54171],[-60.92686,14.54157],[-60.92641,14.54145],[-60.9263,14.54137],[-60.92602,14.54103],[-60.92586,14.54066],[-60.92569,14.54048],[-60.92545,14.54031],[-60.92526,14.54004],[-60.925,14.53982],[-60.92484,14.53958],[-60.92469,14.53932],[-60.92485,14.53933],[-60.92482,14.53924],[-60.92507,14.53916],[-60.92523,14.53789],[-60.9253,14.53728],[-60.92582,14.53393],[-60.92587,14.53383],[-60.92585,14.53367],[-60.92589,14.53349],[-60.92607,14.53236],[-60.92638,14.53034],[-60.92644,14.52992],[-60.92649,14.52974],[-60.92648,14.5296],[-60.92541,14.52928],[-60.92477,14.52911],[-60.92253,14.52842],[-60.92219,14.52833],[-60.92111,14.528],[-60.92035,14.5278],[-60.92035,14.52749],[-60.92032,14.52732],[-60.92013,14.52674],[-60.92121,14.52633],[-60.92122,14.52585],[-60.9212,14.52538],[-60.92123,14.52483],[-60.9212,14.52479],[-60.92173,14.5241],[-60.92104,14.52337],[-60.92119,14.52281],[-60.9214,14.52286],[-60.92146,14.52274],[-60.92168,14.52257],[-60.92197,14.52254],[-60.92212,14.52217],[-60.92417,14.52283],[-60.92368,14.52479],[-60.92415,14.52536],[-60.92425,14.52551],[-60.92446,14.5257],[-60.9268,14.52646],[-60.9273,14.52483],[-60.92743,14.52436],[-60.92756,14.52383],[-60.92762,14.52352],[-60.9278,14.52332],[-60.92778,14.52324],[-60.92756,14.52295],[-60.92761,14.52287],[-60.92779,14.52277],[-60.92803,14.52268],[-60.92891,14.52258],[-60.92934,14.519],[-60.92936,14.51879],[-60.92942,14.51851],[-60.92945,14.51829],[-60.92956,14.51735],[-60.92981,14.5158],[-60.9299,14.51533],[-60.92992,14.51492],[-60.93026,14.51251],[-60.93013,14.51242],[-60.9305,14.51153],[-60.93058,14.51159],[-60.9307,14.51155],[-60.93079,14.51147],[-60.93096,14.51161],[-60.9313,14.51172],[-60.93144,14.5118],[-60.93161,14.51193],[-60.93187,14.51201],[-60.93192,14.51087],[-60.93192,14.51044],[-60.93197,14.50966],[-60.93208,14.50868],[-60.93209,14.5086],[-60.93216,14.50781],[-60.93259,14.50726],[-60.93277,14.50708],[-60.93299,14.50696],[-60.93338,14.50691],[-60.93346,14.50686],[-60.9337,14.50575],[-60.93549,14.50555],[-60.93582,14.50528],[-60.93607,14.50524],[-60.93626,14.50525],[-60.93625,14.50464],[-60.93703,14.50457],[-60.93812,14.50439],[-60.93836,14.50338],[-60.93882,14.50352],[-60.93903,14.50343],[-60.93986,14.50329],[-60.94023,14.50314],[-60.94041,14.50312],[-60.94064,14.50319],[-60.94086,14.50314],[-60.94111,14.50297],[-60.94164,14.5029],[-60.94181,14.50281],[-60.94199,14.50264],[-60.94221,14.5025],[-60.94263,14.50242],[-60.94283,14.50236],[-60.94303,14.50236],[-60.94322,14.50231],[-60.94335,14.50221],[-60.94359,14.50195],[-60.94372,14.50173],[-60.94396,14.50159],[-60.94425,14.50164],[-60.94446,14.50181],[-60.94459,14.50181],[-60.9448,14.50171],[-60.94502,14.50155],[-60.94521,14.50129],[-60.94534,14.50102],[-60.94544,14.50089],[-60.94568,14.50068],[-60.94577,14.50064],[-60.94607,14.50073],[-60.94612,14.50081],[-60.9461,14.50097],[-60.94627,14.50102],[-60.94638,14.50102],[-60.94675,14.50087],[-60.94702,14.50072],[-60.94743,14.50066],[-60.94751,14.50059],[-60.94772,14.50019],[-60.94796,14.50005],[-60.94815,14.49988],[-60.94834,14.49985],[-60.94852,14.49991],[-60.94868,14.50011],[-60.94875,14.49918],[-60.95087,14.49939],[-60.95095,14.49899],[-60.95178,14.49903],[-60.95204,14.49644],[-60.95226,14.49647],[-60.953,14.49651],[-60.95356,14.49658],[-60.95389,14.49656],[-60.95459,14.49663],[-60.95507,14.49667],[-60.95524,14.49673],[-60.95555,14.49676],[-60.95554,14.49672],[-60.95626,14.4968],[-60.9568,14.49685],[-60.95774,14.49692],[-60.95846,14.49694],[-60.95992,14.49704],[-60.96048,14.49711],[-60.96046,14.49735],[-60.9603,14.49874],[-60.96025,14.49994],[-60.96182,14.50153],[-60.96309,14.50165],[-60.96404,14.50174],[-60.96659,14.50197],[-60.96785,14.50216],[-60.96918,14.5022],[-60.96955,14.50225],[-60.96954,14.50221],[-60.96963,14.50171],[-60.9697,14.50118],[-60.96976,14.50094],[-60.96977,14.50059],[-60.96982,14.5004],[-60.97075,14.50044],[-60.97248,14.50057],[-60.97435,14.50076],[-60.97736,14.50102],[-60.97845,14.50106],[-60.97922,14.50105],[-60.98029,14.50112],[-60.98095,14.50115],[-60.98107,14.50115],[-60.98309,14.5013],[-60.98305,14.50185],[-60.98407,14.50189],[-60.98551,14.50196],[-60.98565,14.50197],[-60.98566,14.5021],[-60.98558,14.50243],[-60.98538,14.50285],[-60.98532,14.50308],[-60.98531,14.50321],[-60.98524,14.50329],[-60.98588,14.50352],[-60.98665,14.50384],[-60.9878,14.50433],[-60.98843,14.50458],[-60.98896,14.50477],[-60.98925,14.50489],[-60.99003,14.50518],[-60.99058,14.50542],[-60.99074,14.50545],[-60.99085,14.50552],[-60.99119,14.50567],[-60.99131,14.50564],[-60.99151,14.50379],[-60.99144,14.50355],[-60.9915,14.5033],[-60.99156,14.50292],[-60.9917,14.50161],[-60.99174,14.50119],[-60.99178,14.50091],[-60.99175,14.50074],[-60.9958,14.49942],[-60.99635,14.50204],[-60.99679,14.5021],[-60.9971,14.50201],[-60.99727,14.50205],[-60.99743,14.50215],[-60.99744,14.50242],[-60.9975,14.50274],[-60.99754,14.50286],[-60.99768,14.50304],[-60.99789,14.50305],[-60.99805,14.50315],[-60.99809,14.50351],[-60.9982,14.50367],[-60.99831,14.50373],[-60.99853,14.5035],[-60.99867,14.50352],[-60.99884,14.50358],[-60.999,14.50388],[-60.99918,14.50407],[-60.99938,14.50433],[-60.99955,14.5046],[-60.9996,14.50479],[-60.99978,14.50474],[-60.99994,14.50458],[-61.00027,14.50433],[-61.00043,14.50416],[-61.00075,14.50376],[-61.00096,14.50364],[-61.00112,14.50369],[-61.00152,14.50389],[-61.00165,14.50393],[-61.00188,14.50394],[-61.00221,14.50378],[-61.00271,14.5039],[-61.00306,14.50393],[-61.00323,14.50389],[-61.00348,14.50377],[-61.0037,14.5036],[-61.00386,14.50353],[-61.00411,14.50334],[-61.00436,14.50304],[-61.00453,14.50297],[-61.00447,14.50329],[-61.00446,14.50359],[-61.00439,14.50446],[-61.00419,14.50687],[-61.00383,14.5089]]]}},{"type":"Feature","properties":{"nom":"Le Robert","code":"97222"},"geometry":{"type":"MultiPolygon","coordinates":[[[[-60.97723,14.69808],[-60.97487,14.69731],[-60.97364,14.69693],[-60.97312,14.69678],[-60.97185,14.69636],[-60.97069,14.69593],[-60.97083,14.69703],[-60.97073,14.69714],[-60.97056,14.69751],[-60.9704,14.69773],[-60.97028,14.69783],[-60.96984,14.69784],[-60.96969,14.69801],[-60.96957,14.69833],[-60.96949,14.69837],[-60.96918,14.69845],[-60.96897,14.69856],[-60.96879,14.69884],[-60.96866,14.69897],[-60.9684,14.70015],[-60.96838,14.70035],[-60.96831,14.70064],[-60.96821,14.70074],[-60.96797,14.70087],[-60.96791,14.70098],[-60.96795,14.70113],[-60.96805,14.70133],[-60.96821,14.7016],[-60.96837,14.70175],[-60.96873,14.70192],[-60.96902,14.702],[-60.96928,14.70205],[-60.96956,14.7022],[-60.96975,14.70239],[-60.96979,14.70259],[-60.96971,14.70271],[-60.96948,14.70292],[-60.96938,14.7031],[-60.96929,14.70333],[-60.96911,14.70359],[-60.96897,14.7037],[-60.96876,14.70369],[-60.96844,14.70353],[-60.96805,14.7034],[-60.96798,14.70335],[-60.96824,14.70191],[-60.9681,14.70193],[-60.96756,14.70214],[-60.96688,14.70249],[-60.96547,14.70273],[-60.9644,14.70288],[-60.96361,14.70257],[-60.96338,14.7032],[-60.96246,14.70377],[-60.96161,14.70395],[-60.96116,14.70394],[-60.96094,14.70391],[-60.9604,14.70375],[-60.95987,14.7037],[-60.95961,14.70365],[-60.95903,14.70361],[-60.95924,14.704],[-60.95821,14.70435],[-60.95371,14.70591],[-60.9533,14.70606],[-60.9531,14.70616],[-60.95251,14.70638],[-60.95188,14.70658],[-60.95141,14.7067],[-60.94918,14.70748],[-60.94878,14.70599],[-60.94862,14.70616],[-60.94839,14.70629],[-60.94817,14.70645],[-60.94799,14.70651],[-60.94788,14.7066],[-60.94773,14.7068],[-60.94706,14.70717],[-60.94685,14.70726],[-60.94614,14.70734],[-60.94605,14.70722],[-60.94573,14.70737],[-60.94531,14.70775],[-60.94496,14.70804],[-60.94482,14.70811],[-60.9445,14.70778],[-60.9432,14.70815],[-60.94304,14.708],[-60.94291,14.70791],[-60.94252,14.70782],[-60.94242,14.70767],[-60.94223,14.70771],[-60.94186,14.70775],[-60.9414,14.70783],[-60.94116,14.70799],[-60.94088,14.7083],[-60.94046,14.70875],[-60.94011,14.70916],[-60.93985,14.70929],[-60.93911,14.70926],[-60.93886,14.70921],[-60.9385,14.70909],[-60.93841,14.70903],[-60.93817,14.7091],[-60.93796,14.7092],[-60.93765,14.70943],[-60.93751,14.70961],[-60.93731,14.70976],[-60.93658,14.71001],[-60.93622,14.71016],[-60.9357,14.7104],[-60.93553,14.71045],[-60.93462,14.71183],[-60.93384,14.71246],[-60.93377,14.71255],[-60.93289,14.71333],[-60.9323,14.71381],[-60.93212,14.714],[-60.93206,14.7141],[-60.93198,14.71433],[-60.93189,14.71467],[-60.93196,14.71493],[-60.93234,14.71509],[-60.93243,14.7152],[-60.93243,14.7154],[-60.93227,14.71571],[-60.93205,14.71611],[-60.93181,14.71622],[-60.93153,14.71625],[-60.9312,14.71621],[-60.93104,14.71622],[-60.93074,14.71631],[-60.93064,14.7164],[-60.9305,14.71669],[-60.93035,14.71693],[-60.93021,14.71704],[-60.92992,14.7171],[-60.92975,14.71711],[-60.92943,14.71706],[-60.9291,14.717],[-60.9291,14.71703],[-60.92889,14.71699],[-60.92874,14.71685],[-60.92856,14.71675],[-60.9284,14.7166],[-60.92831,14.71631],[-60.92829,14.71614],[-60.92833,14.71575],[-60.92845,14.71529],[-60.92878,14.71508],[-60.92892,14.7149],[-60.92911,14.71477],[-60.92921,14.71475],[-60.92952,14.7146],[-60.92967,14.71461],[-60.92994,14.71451],[-60.93013,14.71436],[-60.93046,14.71404],[-60.93064,14.71395],[-60.93147,14.71361],[-60.93191,14.71348],[-60.93243,14.71324],[-60.93265,14.71307],[-60.93286,14.71275],[-60.93292,14.71255],[-60.93324,14.71245],[-60.9334,14.71236],[-60.93349,14.71226],[-60.9336,14.71204],[-60.93364,14.71174],[-60.93358,14.71141],[-60.93358,14.71121],[-60.93356,14.71087],[-60.93362,14.7107],[-60.93374,14.71054],[-60.93393,14.71035],[-60.93401,14.71021],[-60.93402,14.70996],[-60.93397,14.70985],[-60.93382,14.70974],[-60.9337,14.70946],[-60.93368,14.70932],[-60.93355,14.70913],[-60.93349,14.70876],[-60.93343,14.70863],[-60.93315,14.70832],[-60.9331,14.70822],[-60.93299,14.70783],[-60.93276,14.70754],[-60.93249,14.70747],[-60.93235,14.70734],[-60.93207,14.70733],[-60.93197,14.7073],[-60.93173,14.70736],[-60.93144,14.70716],[-60.93113,14.70709],[-60.9307,14.70667],[-60.93055,14.70656],[-60.93037,14.7065],[-60.93023,14.70654],[-60.93013,14.7064],[-60.92998,14.70642],[-60.92977,14.70655],[-60.92964,14.70656],[-60.92959,14.70681],[-60.92925,14.70679],[-60.929,14.70694],[-60.92883,14.70693],[-60.92877,14.70681],[-60.9285,14.70661],[-60.92848,14.70649],[-60.9284,14.70632],[-60.92834,14.70628],[-60.92821,14.70642],[-60.92819,14.70654],[-60.92807,14.70659],[-60.92795,14.70642],[-60.92802,14.70616],[-60.92788,14.70607],[-60.92748,14.70626],[-60.92743,14.70646],[-60.92738,14.70652],[-60.92737,14.70688],[-60.9274,14.70697],[-60.9273,14.70732],[-60.92715,14.70753],[-60.92705,14.70757],[-60.92692,14.70756],[-60.92652,14.70759],[-60.92623,14.70773],[-60.92599,14.7078],[-60.92574,14.7078],[-60.92547,14.70777],[-60.92516,14.7078],[-60.92489,14.70796],[-60.9245,14.70825],[-60.92419,14.70854],[-60.92409,14.70874],[-60.92409,14.70892],[-60.92404,14.70912],[-60.9239,14.70928],[-60.9238,14.70934],[-60.92358,14.70938],[-60.92348,14.70937],[-60.92323,14.70927],[-60.92312,14.70935],[-60.92305,14.70955],[-60.92306,14.70977],[-60.92298,14.70992],[-60.92301,14.71004],[-60.92285,14.71027],[-60.92243,14.71035],[-60.9223,14.71032],[-60.92216,14.71022],[-60.92202,14.71004],[-60.92199,14.70966],[-60.92197,14.70957],[-60.92174,14.7092],[-60.92152,14.70898],[-60.92109,14.70861],[-60.92077,14.70824],[-60.9207,14.70819],[-60.92048,14.7078],[-60.92024,14.7076],[-60.92012,14.70759],[-60.91986,14.70771],[-60.9198,14.70785],[-60.91987,14.70802],[-60.91985,14.7082],[-60.91972,14.70825],[-60.91937,14.70845],[-60.9192,14.70835],[-60.91891,14.70847],[-60.91878,14.7087],[-60.9187,14.70877],[-60.91844,14.70879],[-60.91832,14.70884],[-60.91832,14.70898],[-60.91849,14.70911],[-60.91863,14.70912],[-60.91884,14.70919],[-60.91895,14.70919],[-60.91905,14.70928],[-60.91937,14.70935],[-60.91969,14.70953],[-60.91996,14.70981],[-60.92003,14.70991],[-60.92025,14.71035],[-60.9203,14.71066],[-60.92027,14.71099],[-60.92018,14.7112],[-60.92003,14.71135],[-60.91994,14.7114],[-60.91968,14.71148],[-60.91944,14.71148],[-60.91896,14.71109],[-60.91882,14.71088],[-60.91868,14.71058],[-60.91854,14.71049],[-60.91841,14.71056],[-60.91835,14.71075],[-60.9184,14.71098],[-60.91838,14.71148],[-60.91831,14.71173],[-60.91819,14.71194],[-60.91783,14.71217],[-60.91774,14.71218],[-60.91752,14.71215],[-60.9173,14.71216],[-60.91707,14.71221],[-60.91669,14.71237],[-60.9165,14.71242],[-60.91639,14.71255],[-60.91649,14.71269],[-60.91674,14.7128],[-60.91711,14.71312],[-60.91744,14.71334],[-60.91789,14.71358],[-60.91842,14.71397],[-60.91842,14.71436],[-60.91845,14.71467],[-60.91835,14.71497],[-60.91826,14.71508],[-60.91821,14.71523],[-60.91817,14.71558],[-60.91808,14.71574],[-60.91788,14.71589],[-60.91763,14.71601],[-60.91752,14.71599],[-60.91733,14.71584],[-60.91721,14.71581],[-60.9169,14.7157],[-60.91682,14.71559],[-60.91658,14.71515],[-60.91648,14.71493],[-60.91641,14.71464],[-60.91641,14.71447],[-60.91627,14.71411],[-60.91615,14.71373],[-60.91611,14.71328],[-60.91565,14.71318],[-60.91526,14.71323],[-60.91498,14.71338],[-60.91487,14.71339],[-60.91487,14.71352],[-60.9148,14.71389],[-60.9149,14.71415],[-60.9149,14.71466],[-60.91499,14.7152],[-60.91472,14.71544],[-60.91459,14.71552],[-60.91428,14.71562],[-60.91402,14.71581],[-60.91378,14.71603],[-60.91363,14.71613],[-60.91339,14.716],[-60.91344,14.71561],[-60.91353,14.71549],[-60.91376,14.71532],[-60.91384,14.71509],[-60.91381,14.71478],[-60.9137,14.71423],[-60.91373,14.71402],[-60.91371,14.71376],[-60.91376,14.71371],[-60.9142,14.71338],[-60.91439,14.7132],[-60.91445,14.71306],[-60.91452,14.71271],[-60.91449,14.71236],[-60.91443,14.71235],[-60.91441,14.71216],[-60.91423,14.71146],[-60.91426,14.71131],[-60.91438,14.71105],[-60.91457,14.71076],[-60.9148,14.71048],[-60.91486,14.71032],[-60.91495,14.7102],[-60.91526,14.70999],[-60.9154,14.70976],[-60.91541,14.70956],[-60.91538,14.70928],[-60.91526,14.70893],[-60.91511,14.70862],[-60.91486,14.7085],[-60.91452,14.70843],[-60.91433,14.70822],[-60.91416,14.70815],[-60.91399,14.70815],[-60.91388,14.70808],[-60.91379,14.70796],[-60.91361,14.70796],[-60.91357,14.70791],[-60.91347,14.7076],[-60.91333,14.70754],[-60.91311,14.70725],[-60.91288,14.7071],[-60.91282,14.70698],[-60.91294,14.70688],[-60.91321,14.70686],[-60.91329,14.70681],[-60.91344,14.70662],[-60.9136,14.70633],[-60.91386,14.70613],[-60.91401,14.70597],[-60.91428,14.70597],[-60.91474,14.70583],[-60.91494,14.70582],[-60.91514,14.70574],[-60.91533,14.70545],[-60.91532,14.70525],[-60.91536,14.70504],[-60.91531,14.70492],[-60.91527,14.7047],[-60.91517,14.70445],[-60.91512,14.70425],[-60.91492,14.70388],[-60.91474,14.70359],[-60.91463,14.70357],[-60.9145,14.70337],[-60.9145,14.70326],[-60.91428,14.7031],[-60.91409,14.70288],[-60.91387,14.70269],[-60.91361,14.7027],[-60.91343,14.70256],[-60.91307,14.70244],[-60.91293,14.70231],[-60.91253,14.70221],[-60.91239,14.70215],[-60.91239,14.70205],[-60.9123,14.70184],[-60.91221,14.70174],[-60.91206,14.70163],[-60.91196,14.70151],[-60.91178,14.70137],[-60.91152,14.70109],[-60.91099,14.70075],[-60.9103,14.70029],[-60.91003,14.70007],[-60.90978,14.69992],[-60.90964,14.69996],[-60.90933,14.69991],[-60.90921,14.70012],[-60.90907,14.70015],[-60.90889,14.70007],[-60.9088,14.69988],[-60.90882,14.69978],[-60.9089,14.69969],[-60.90873,14.69956],[-60.90863,14.69953],[-60.90862,14.69943],[-60.90868,14.69932],[-60.90878,14.69924],[-60.90897,14.69917],[-60.90904,14.69906],[-60.90902,14.69898],[-60.90873,14.69887],[-60.90879,14.69858],[-60.90873,14.69848],[-60.90863,14.69849],[-60.9085,14.69862],[-60.90842,14.69896],[-60.90845,14.69911],[-60.90853,14.69916],[-60.90855,14.69936],[-60.90848,14.6996],[-60.90854,14.6998],[-60.90839,14.6999],[-60.9083,14.69983],[-60.90827,14.69965],[-60.90813,14.69965],[-60.90807,14.69975],[-60.90807,14.69987],[-60.90796,14.69985],[-60.90786,14.69973],[-60.90784,14.69992],[-60.90769,14.7],[-60.90742,14.69999],[-60.90737,14.69991],[-60.90708,14.69987],[-60.90688,14.69989],[-60.90679,14.70002],[-60.90661,14.70035],[-60.90635,14.7005],[-60.90618,14.70064],[-60.90588,14.70064],[-60.90539,14.70072],[-60.905,14.70081],[-60.90466,14.70099],[-60.90426,14.70129],[-60.90359,14.70146],[-60.90321,14.70158],[-60.90298,14.70164],[-60.90266,14.70179],[-60.90233,14.70202],[-60.90196,14.70248],[-60.90182,14.70262],[-60.90164,14.70273],[-60.90145,14.70278],[-60.90129,14.70278],[-60.90117,14.70272],[-60.90118,14.70242],[-60.90124,14.70229],[-60.90149,14.70212],[-60.9017,14.70175],[-60.90187,14.7017],[-60.90219,14.70146],[-60.90232,14.70141],[-60.90257,14.70123],[-60.90264,14.70109],[-60.90278,14.7007],[-60.90291,14.70046],[-60.90301,14.70023],[-60.90329,14.69988],[-60.90336,14.69973],[-60.9033,14.69955],[-60.90317,14.69946],[-60.90315,14.69936],[-60.90299,14.69921],[-60.90279,14.69921],[-60.90257,14.69928],[-60.90239,14.6993],[-60.90207,14.699],[-60.90159,14.69883],[-60.90145,14.69883],[-60.90131,14.69887],[-60.90123,14.69885],[-60.90111,14.69901],[-60.90097,14.69911],[-60.90079,14.69917],[-60.90073,14.69909],[-60.90059,14.69904],[-60.90058,14.69886],[-60.90071,14.69864],[-60.90093,14.69853],[-60.90105,14.69839],[-60.90132,14.6983],[-60.90164,14.69813],[-60.90192,14.69773],[-60.90208,14.69756],[-60.90224,14.69744],[-60.9023,14.69734],[-60.90223,14.69712],[-60.90209,14.69699],[-60.90183,14.69694],[-60.90176,14.69691],[-60.9016,14.6966],[-60.90147,14.69653],[-60.90128,14.69653],[-60.90124,14.69645],[-60.90147,14.69637],[-60.90149,14.69623],[-60.90132,14.69594],[-60.90133,14.69582],[-60.90145,14.69568],[-60.90163,14.69555],[-60.90184,14.69544],[-60.90217,14.69536],[-60.90264,14.69531],[-60.90306,14.69532],[-60.90336,14.69528],[-60.90351,14.69517],[-60.90387,14.69522],[-60.90416,14.69541],[-60.90425,14.69535],[-60.9044,14.69533],[-60.90448,14.69541],[-60.90452,14.69555],[-60.90476,14.69553],[-60.90489,14.69542],[-60.90499,14.69543],[-60.90522,14.69552],[-60.90525,14.69578],[-60.90513,14.69576],[-60.90505,14.69581],[-60.90501,14.69605],[-60.90517,14.69652],[-60.90542,14.6968],[-60.90557,14.69686],[-60.9057,14.69678],[-60.90577,14.69664],[-60.90591,14.69659],[-60.90606,14.69659],[-60.90621,14.69652],[-60.90626,14.6964],[-60.90619,14.6963],[-60.90604,14.69618],[-60.90619,14.69611],[-60.90641,14.69623],[-60.90663,14.69616],[-60.90686,14.69601],[-60.90717,14.6959],[-60.90718,14.6958],[-60.90727,14.69563],[-60.90741,14.69521],[-60.90765,14.69493],[-60.90785,14.69468],[-60.90805,14.69434],[-60.90812,14.69428],[-60.90828,14.69405],[-60.90829,14.69398],[-60.90812,14.69358],[-60.9081,14.69324],[-60.90815,14.69304],[-60.90845,14.69274],[-60.90864,14.69258],[-60.90878,14.6924],[-60.90892,14.69203],[-60.90889,14.69168],[-60.90869,14.69148],[-60.90857,14.6913],[-60.90851,14.6911],[-60.90852,14.69101],[-60.9086,14.69084],[-60.90886,14.69066],[-60.90946,14.6905],[-60.90981,14.69046],[-60.9099,14.69042],[-60.91002,14.69023],[-60.91023,14.68978],[-60.91032,14.68951],[-60.91033,14.68931],[-60.91038,14.68896],[-60.91042,14.68886],[-60.91067,14.68876],[-60.91086,14.68849],[-60.91093,14.68826],[-60.91118,14.68803],[-60.9113,14.68788],[-60.91146,14.68776],[-60.9117,14.68767],[-60.91203,14.68775],[-60.9121,14.68775],[-60.91226,14.68789],[-60.91236,14.68811],[-60.91233,14.6883],[-60.91235,14.68864],[-60.91236,14.68922],[-60.91234,14.69001],[-60.91228,14.69012],[-60.91196,14.69042],[-60.91179,14.69065],[-60.91159,14.69087],[-60.91116,14.69099],[-60.91074,14.69109],[-60.91049,14.6912],[-60.91032,14.69133],[-60.91025,14.69142],[-60.91012,14.6918],[-60.91005,14.69225],[-60.91003,14.69285],[-60.91007,14.69298],[-60.91023,14.6933],[-60.91044,14.69356],[-60.91063,14.69364],[-60.91075,14.69359],[-60.91095,14.69342],[-60.91121,14.69331],[-60.91155,14.69313],[-60.9119,14.69298],[-60.91213,14.69296],[-60.91232,14.69305],[-60.91239,14.69314],[-60.91257,14.69349],[-60.91268,14.69388],[-60.91283,14.694],[-60.91305,14.69405],[-60.91326,14.69416],[-60.91345,14.69415],[-60.91371,14.69398],[-60.91402,14.69385],[-60.91424,14.69386],[-60.91452,14.694],[-60.91473,14.69396],[-60.91487,14.69382],[-60.9148,14.6936],[-60.91464,14.69343],[-60.91451,14.69323],[-60.91423,14.69303],[-60.91406,14.69285],[-60.91397,14.69264],[-60.91411,14.69246],[-60.91432,14.69236],[-60.91457,14.6924],[-60.91469,14.69245],[-60.91497,14.69271],[-60.91535,14.69287],[-60.91546,14.69296],[-60.91574,14.69332],[-60.91613,14.6939],[-60.91629,14.69409],[-60.91651,14.69402],[-60.91715,14.69366],[-60.91761,14.69355],[-60.91814,14.69361],[-60.91851,14.6936],[-60.91859,14.69357],[-60.91867,14.69346],[-60.91831,14.69303],[-60.91816,14.69282],[-60.9181,14.69252],[-60.91814,14.69209],[-60.91817,14.69199],[-60.91832,14.69181],[-60.9185,14.69169],[-60.91862,14.69166],[-60.91886,14.69167],[-60.91911,14.69175],[-60.91941,14.69188],[-60.91972,14.69188],[-60.91996,14.69172],[-60.92025,14.69166],[-60.92007,14.69138],[-60.92003,14.69127],[-60.91978,14.69092],[-60.91967,14.69081],[-60.91939,14.69059],[-60.91926,14.69052],[-60.91905,14.6905],[-60.91873,14.69042],[-60.91864,14.69036],[-60.91874,14.69027],[-60.91896,14.69032],[-60.91931,14.69043],[-60.91935,14.69037],[-60.91935,14.69015],[-60.91947,14.68994],[-60.91965,14.68976],[-60.91986,14.68964],[-60.92025,14.68958],[-60.92065,14.68964],[-60.92089,14.68974],[-60.92107,14.68993],[-60.92123,14.69023],[-60.92137,14.69033],[-60.92144,14.69029],[-60.92162,14.69003],[-60.9217,14.68976],[-60.92178,14.68968],[-60.92201,14.68978],[-60.92224,14.68983],[-60.92234,14.68981],[-60.9225,14.68969],[-60.92267,14.68962],[-60.92292,14.68963],[-60.9231,14.6895],[-60.92319,14.68911],[-60.92324,14.689],[-60.92338,14.6889],[-60.92366,14.68888],[-60.92402,14.68892],[-60.92456,14.68907],[-60.92479,14.68918],[-60.92521,14.68915],[-60.92562,14.68909],[-60.92601,14.68907],[-60.92622,14.68896],[-60.92644,14.68859],[-60.92655,14.68848],[-60.92661,14.68837],[-60.92693,14.6882],[-60.92714,14.68803],[-60.9272,14.68789],[-60.92744,14.68767],[-60.92759,14.6877],[-60.92769,14.68765],[-60.92772,14.68748],[-60.92783,14.68739],[-60.92804,14.68744],[-60.92811,14.68742],[-60.9283,14.68725],[-60.92844,14.68706],[-60.9287,14.68681],[-60.92884,14.68664],[-60.92874,14.68653],[-60.9288,14.68644],[-60.92896,14.68644],[-60.92904,14.68638],[-60.92919,14.68611],[-60.9292,14.68589],[-60.92927,14.68569],[-60.92928,14.68559],[-60.92921,14.68539],[-60.9292,14.68507],[-60.92913,14.68498],[-60.92917,14.68466],[-60.92917,14.68447],[-60.92912,14.68433],[-60.92897,14.68414],[-60.92897,14.68389],[-60.9291,14.6838],[-60.92915,14.68363],[-60.92918,14.68315],[-60.929,14.68276],[-60.92889,14.68271],[-60.92885,14.68259],[-60.92873,14.68245],[-60.92854,14.68231],[-60.92822,14.68215],[-60.92802,14.68201],[-60.92787,14.68185],[-60.92755,14.68129],[-60.92737,14.68108],[-60.92709,14.68082],[-60.92683,14.68053],[-60.92667,14.68031],[-60.92645,14.68013],[-60.92619,14.67995],[-60.92604,14.67994],[-60.92592,14.67998],[-60.92585,14.67994],[-60.9256,14.67998],[-60.92547,14.67997],[-60.92533,14.67981],[-60.92515,14.6797],[-60.92487,14.6796],[-60.92449,14.67951],[-60.92407,14.67946],[-60.92397,14.67929],[-60.924,14.67913],[-60.92427,14.6786],[-60.92453,14.6784],[-60.92491,14.67854],[-60.92507,14.67854],[-60.92517,14.67864],[-60.92519,14.67878],[-60.92525,14.67895],[-60.92534,14.67901],[-60.92579,14.67905],[-60.9258,14.6791],[-60.92608,14.67933],[-60.92637,14.6793],[-60.92647,14.67924],[-60.92658,14.67934],[-60.92682,14.67929],[-60.92715,14.67932],[-60.92752,14.67931],[-60.92771,14.6792],[-60.92782,14.67928],[-60.92791,14.67919],[-60.92815,14.67906],[-60.92821,14.6791],[-60.92854,14.67884],[-60.92878,14.67875],[-60.92879,14.67864],[-60.92901,14.67863],[-60.92911,14.67869],[-60.92936,14.67873],[-60.9295,14.67865],[-60.92964,14.67863],[-60.92978,14.67867],[-60.93019,14.67881],[-60.93036,14.67903],[-60.93055,14.6791],[-60.93064,14.67904],[-60.93075,14.67905],[-60.93084,14.67918],[-60.93071,14.67926],[-60.9308,14.67947],[-60.93088,14.67957],[-60.93102,14.67947],[-60.93116,14.67962],[-60.93115,14.67967],[-60.93099,14.67978],[-60.93105,14.67997],[-60.93135,14.67983],[-60.93142,14.67985],[-60.93153,14.68015],[-60.93137,14.68024],[-60.9314,14.68046],[-60.93138,14.68055],[-60.93123,14.68074],[-60.9311,14.68097],[-60.93102,14.68105],[-60.93082,14.68116],[-60.93071,14.68136],[-60.93076,14.68143],[-60.93094,14.68143],[-60.93115,14.68135],[-60.93127,14.68127],[-60.93152,14.68123],[-60.93175,14.68128],[-60.93187,14.68135],[-60.93195,14.68146],[-60.93203,14.68172],[-60.93206,14.68189],[-60.93203,14.68203],[-60.93187,14.6822],[-60.93165,14.68239],[-60.93156,14.6826],[-60.93156,14.68272],[-60.93162,14.68292],[-60.93161,14.68301],[-60.93139,14.68321],[-60.93134,14.6833],[-60.9313,14.68351],[-60.93133,14.68371],[-60.93141,14.68383],[-60.93171,14.68387],[-60.93176,14.68393],[-60.93176,14.68414],[-60.93182,14.68425],[-60.93198,14.68433],[-60.9323,14.68438],[-60.93246,14.68434],[-60.93256,14.68416],[-60.93267,14.68406],[-60.9328,14.68404],[-60.93333,14.68419],[-60.93346,14.68424],[-60.93363,14.6844],[-60.93371,14.68455],[-60.93382,14.68487],[-60.93392,14.68525],[-60.93397,14.68534],[-60.93411,14.68547],[-60.93434,14.68563],[-60.93444,14.68558],[-60.9345,14.68547],[-60.93478,14.68537],[-60.93485,14.68529],[-60.93479,14.68496],[-60.93459,14.68482],[-60.93444,14.68485],[-60.93427,14.68469],[-60.93427,14.68458],[-60.93435,14.68449],[-60.93426,14.68429],[-60.93404,14.68422],[-60.93402,14.68405],[-60.93405,14.68398],[-60.93421,14.68388],[-60.93433,14.68366],[-60.93451,14.68359],[-60.93469,14.68348],[-60.93485,14.6836],[-60.93495,14.68347],[-60.9349,14.68329],[-60.93483,14.68315],[-60.93465,14.68299],[-60.93468,14.6829],[-60.93482,14.68285],[-60.93492,14.68318],[-60.93509,14.68356],[-60.9352,14.68385],[-60.93551,14.68372],[-60.93579,14.68367],[-60.93595,14.68352],[-60.9363,14.68339],[-60.9365,14.68345],[-60.93668,14.68341],[-60.93687,14.68328],[-60.9366,14.68295],[-60.93657,14.68277],[-60.93673,14.68254],[-60.93682,14.6823],[-60.93683,14.68217],[-60.93691,14.68211],[-60.93703,14.68217],[-60.93709,14.68226],[-60.93725,14.6822],[-60.93693,14.68206],[-60.93711,14.68189],[-60.93695,14.68183],[-60.93686,14.68176],[-60.93689,14.68166],[-60.93699,14.68163],[-60.93711,14.6815],[-60.93722,14.68147],[-60.9372,14.68131],[-60.93727,14.68125],[-60.93725,14.68107],[-60.93734,14.68094],[-60.93732,14.68087],[-60.93721,14.6808],[-60.93733,14.6806],[-60.93736,14.68046],[-60.93762,14.68048],[-60.93774,14.68038],[-60.93785,14.68037],[-60.93789,14.68029],[-60.93791,14.67999],[-60.93782,14.67944],[-60.93773,14.67938],[-60.93723,14.67937],[-60.9372,14.67935],[-60.93723,14.67912],[-60.93742,14.67911],[-60.9375,14.67929],[-60.93778,14.67928],[-60.93787,14.67917],[-60.93786,14.67893],[-60.9378,14.67883],[-60.93763,14.67882],[-60.93749,14.67875],[-60.93747,14.67814],[-60.9375,14.6781],[-60.93749,14.67757],[-60.93756,14.67744],[-60.9378,14.67742],[-60.93792,14.67733],[-60.93799,14.67694],[-60.93797,14.67692],[-60.9381,14.67614],[-60.93822,14.67557],[-60.93833,14.67493],[-60.9385,14.67482],[-60.93924,14.67482],[-60.93937,14.67481],[-60.93989,14.67482],[-60.94008,14.6748],[-60.94009,14.67469],[-60.93975,14.67466],[-60.93959,14.67458],[-60.93958,14.6744],[-60.93975,14.67409],[-60.93985,14.67401],[-60.93991,14.67382],[-60.93991,14.67361],[-60.94,14.67344],[-60.94011,14.67337],[-60.94019,14.67317],[-60.94036,14.6731],[-60.94055,14.6729],[-60.94063,14.67286],[-60.94075,14.67302],[-60.94084,14.67322],[-60.94101,14.67342],[-60.94128,14.67388],[-60.94139,14.67403],[-60.94157,14.67418],[-60.94181,14.67424],[-60.94186,14.67419],[-60.94143,14.67384],[-60.9413,14.67359],[-60.94114,14.67314],[-60.94103,14.67277],[-60.94107,14.67258],[-60.94163,14.67259],[-60.94209,14.67256],[-60.94237,14.67257],[-60.94266,14.67245],[-60.94288,14.67224],[-60.94295,14.67202],[-60.94292,14.67189],[-60.94283,14.67177],[-60.94272,14.6717],[-60.94259,14.67168],[-60.94262,14.67155],[-60.94282,14.67147],[-60.94288,14.67106],[-60.94285,14.67101],[-60.94288,14.67084],[-60.94286,14.67049],[-60.94282,14.67028],[-60.94278,14.6702],[-60.94278,14.66998],[-60.94287,14.66997],[-60.94288,14.66973],[-60.94283,14.66931],[-60.94272,14.66929],[-60.94271,14.66913],[-60.94257,14.66915],[-60.94254,14.66906],[-60.94259,14.66895],[-60.94256,14.66883],[-60.94276,14.66873],[-60.94268,14.66856],[-60.94223,14.66865],[-60.94226,14.66839],[-60.94233,14.66822],[-60.94225,14.66811],[-60.94216,14.66778],[-60.94215,14.66763],[-60.94201,14.66744],[-60.94177,14.66744],[-60.94167,14.6673],[-60.94156,14.66735],[-60.9414,14.66729],[-60.94132,14.66719],[-60.94115,14.66721],[-60.9409,14.66713],[-60.94086,14.66708],[-60.94053,14.66721],[-60.94043,14.66714],[-60.94014,14.66708],[-60.94003,14.6669],[-60.93988,14.66685],[-60.93981,14.66668],[-60.93975,14.66663],[-60.93982,14.66653],[-60.93989,14.66652],[-60.93993,14.6664],[-60.93989,14.66614],[-60.93981,14.66611],[-60.93984,14.66598],[-60.93976,14.66596],[-60.9397,14.66583],[-60.93961,14.66575],[-60.93947,14.6657],[-60.93936,14.66571],[-60.9394,14.66557],[-60.93937,14.66548],[-60.93938,14.66532],[-60.93925,14.66522],[-60.93905,14.66525],[-60.93887,14.66534],[-60.93856,14.66535],[-60.93834,14.66537],[-60.93824,14.66546],[-60.93811,14.66546],[-60.93804,14.66554],[-60.93794,14.66542],[-60.93784,14.66534],[-60.93771,14.66507],[-60.93761,14.66502],[-60.93729,14.66498],[-60.93694,14.66494],[-60.93671,14.66497],[-60.93643,14.6649],[-60.93627,14.66493],[-60.93606,14.66491],[-60.93591,14.66486],[-60.93572,14.66486],[-60.9356,14.6649],[-60.93538,14.66491],[-60.93524,14.66484],[-60.93511,14.66474],[-60.93489,14.66434],[-60.93468,14.66413],[-60.93467,14.66402],[-60.9349,14.66371],[-60.93501,14.66349],[-60.93505,14.66331],[-60.93499,14.66324],[-60.93505,14.66285],[-60.93494,14.66272],[-60.93512,14.66268],[-60.93515,14.6625],[-60.93504,14.66237],[-60.93491,14.66191],[-60.93484,14.6616],[-60.93485,14.6614],[-60.93481,14.66122],[-60.93463,14.6607],[-60.93452,14.66036],[-60.93449,14.6603],[-60.93436,14.66027],[-60.93414,14.66003],[-60.93389,14.65997],[-60.93383,14.65984],[-60.9337,14.65981],[-60.93352,14.65965],[-60.93347,14.65954],[-60.93326,14.65934],[-60.93319,14.65931],[-60.93317,14.65914],[-60.93338,14.65881],[-60.9334,14.65855],[-60.93328,14.6586],[-60.93328,14.65869],[-60.93308,14.65868],[-60.93306,14.65803],[-60.933,14.65786],[-60.93267,14.65739],[-60.9325,14.65718],[-60.9322,14.65691],[-60.93199,14.65673],[-60.93156,14.65646],[-60.93133,14.65634],[-60.93117,14.65634],[-60.93109,14.65629],[-60.93107,14.65614],[-60.93071,14.65594],[-60.93065,14.65584],[-60.93064,14.65571],[-60.93069,14.65559],[-60.93064,14.65527],[-60.93054,14.65527],[-60.93052,14.65509],[-60.93041,14.65481],[-60.93033,14.65486],[-60.93012,14.65446],[-60.93002,14.65433],[-60.93016,14.65423],[-60.93009,14.65408],[-60.92988,14.65374],[-60.92977,14.65369],[-60.92956,14.65387],[-60.929,14.65346],[-60.92885,14.65331],[-60.9288,14.65357],[-60.9287,14.65325],[-60.92873,14.65313],[-60.92887,14.65299],[-60.92863,14.65274],[-60.92827,14.6524],[-60.92812,14.65255],[-60.92842,14.65285],[-60.92856,14.65306],[-60.92862,14.65321],[-60.92865,14.65349],[-60.92863,14.65372],[-60.92858,14.65379],[-60.92832,14.65373],[-60.928,14.65374],[-60.92753,14.65333],[-60.92753,14.65304],[-60.92757,14.65295],[-60.92783,14.65258],[-60.92787,14.65243],[-60.92783,14.65232],[-60.92761,14.65221],[-60.92752,14.6521],[-60.92736,14.65184],[-60.9273,14.6518],[-60.92684,14.65183],[-60.92672,14.65178],[-60.92667,14.65167],[-60.9267,14.65157],[-60.92663,14.65141],[-60.92653,14.65132],[-60.92637,14.65126],[-60.92631,14.65113],[-60.92614,14.65118],[-60.92605,14.65117],[-60.92578,14.65137],[-60.92552,14.65149],[-60.9254,14.6516],[-60.92534,14.65186],[-60.9252,14.65197],[-60.92518,14.65219],[-60.92509,14.65246],[-60.92499,14.65248],[-60.92482,14.65234],[-60.9248,14.65198],[-60.92472,14.65194],[-60.92435,14.65207],[-60.92426,14.65219],[-60.92431,14.65233],[-60.92429,14.65255],[-60.92415,14.65275],[-60.92409,14.65299],[-60.92405,14.6534],[-60.92394,14.65356],[-60.92398,14.65359],[-60.92401,14.65383],[-60.92407,14.65397],[-60.92402,14.65411],[-60.92388,14.6542],[-60.9239,14.65439],[-60.92377,14.65457],[-60.92361,14.65473],[-60.92333,14.65491],[-60.92291,14.65506],[-60.92257,14.65504],[-60.92238,14.6551],[-60.92218,14.65522],[-60.92184,14.65525],[-60.9218,14.65532],[-60.92175,14.65556],[-60.92168,14.65578],[-60.92156,14.65585],[-60.92134,14.6558],[-60.92131,14.65563],[-60.92138,14.65546],[-60.92136,14.6554],[-60.92161,14.65519],[-60.92145,14.65509],[-60.92142,14.65491],[-60.9215,14.65478],[-60.92143,14.65444],[-60.92146,14.65426],[-60.92135,14.65403],[-60.92136,14.6539],[-60.92151,14.65371],[-60.92153,14.65356],[-60.9215,14.65335],[-60.92145,14.6532],[-60.92149,14.65292],[-60.92148,14.6527],[-60.92142,14.65251],[-60.9214,14.65234],[-60.92126,14.6523],[-60.92101,14.652],[-60.92091,14.65174],[-60.92081,14.65169],[-60.92059,14.65164],[-60.92024,14.65133],[-60.91992,14.65162],[-60.92012,14.65184],[-60.92024,14.65195],[-60.9201,14.65221],[-60.9199,14.65233],[-60.91967,14.65221],[-60.91959,14.65186],[-60.9189,14.65243],[-60.91888,14.65249],[-60.919,14.65282],[-60.91919,14.65304],[-60.91947,14.65341],[-60.91925,14.65355],[-60.91883,14.65342],[-60.9187,14.6534],[-60.91853,14.65345],[-60.91839,14.65354],[-60.91827,14.65366],[-60.91818,14.65369],[-60.918,14.65352],[-60.91784,14.65341],[-60.9177,14.65337],[-60.91743,14.65325],[-60.91701,14.65321],[-60.91672,14.65309],[-60.91663,14.65309],[-60.91638,14.65325],[-60.91627,14.65342],[-60.91629,14.65354],[-60.9164,14.65373],[-60.91652,14.65385],[-60.91659,14.65412],[-60.91655,14.65424],[-60.91646,14.65425],[-60.91613,14.65418],[-60.91593,14.65428],[-60.91586,14.65437],[-60.91586,14.65448],[-60.91597,14.6546],[-60.91609,14.65467],[-60.91616,14.65482],[-60.91683,14.65496],[-60.9172,14.65498],[-60.91734,14.65501],[-60.91744,14.65498],[-60.91786,14.65509],[-60.91805,14.65509],[-60.91819,14.65502],[-60.91822,14.65515],[-60.91802,14.65526],[-60.91798,14.65534],[-60.91823,14.65568],[-60.91835,14.65573],[-60.91853,14.65567],[-60.9187,14.65583],[-60.91879,14.65599],[-60.91894,14.65608],[-60.91911,14.65613],[-60.9191,14.6566],[-60.91916,14.65678],[-60.9193,14.65693],[-60.91958,14.6571],[-60.91976,14.65739],[-60.92001,14.65774],[-60.91994,14.65782],[-60.92001,14.65799],[-60.91999,14.6581],[-60.91976,14.65831],[-60.91962,14.6584],[-60.91956,14.65849],[-60.91928,14.65852],[-60.91932,14.65867],[-60.9192,14.65873],[-60.91915,14.65862],[-60.91904,14.65858],[-60.91896,14.65865],[-60.91889,14.65882],[-60.91878,14.65889],[-60.91866,14.65889],[-60.91867,14.65901],[-60.91858,14.65926],[-60.91863,14.65937],[-60.91855,14.65943],[-60.91848,14.65973],[-60.91835,14.66004],[-60.91833,14.66022],[-60.91819,14.66031],[-60.918,14.66053],[-60.91792,14.66071],[-60.91778,14.66074],[-60.91782,14.66086],[-60.91771,14.66108],[-60.91771,14.66117],[-60.91756,14.66114],[-60.91716,14.66121],[-60.91703,14.66119],[-60.91674,14.66104],[-60.91684,14.66092],[-60.91687,14.66077],[-60.91669,14.66055],[-60.91665,14.66043],[-60.91663,14.66015],[-60.91647,14.65993],[-60.91638,14.65988],[-60.91615,14.65985],[-60.91589,14.65971],[-60.91576,14.65951],[-60.91559,14.65935],[-60.91545,14.659],[-60.91536,14.65887],[-60.91526,14.65865],[-60.91517,14.65856],[-60.915,14.65856],[-60.91488,14.65873],[-60.9148,14.65932],[-60.91492,14.65961],[-60.91491,14.65974],[-60.91483,14.65984],[-60.9147,14.65986],[-60.91452,14.65982],[-60.9141,14.65979],[-60.91384,14.65974],[-60.91355,14.65986],[-60.91335,14.66002],[-60.91327,14.66015],[-60.91331,14.66025],[-60.91347,14.66029],[-60.91358,14.66028],[-60.91373,14.66033],[-60.91385,14.66043],[-60.91387,14.66052],[-60.91407,14.66082],[-60.91432,14.66129],[-60.91455,14.66137],[-60.91456,14.66145],[-60.91448,14.66154],[-60.91427,14.66166],[-60.91385,14.66184],[-60.91367,14.66201],[-60.91336,14.66208],[-60.91334,14.66215],[-60.91353,14.6623],[-60.91361,14.66242],[-60.91351,14.66262],[-60.91322,14.66278],[-60.91312,14.6629],[-60.91314,14.663],[-60.9133,14.66307],[-60.91339,14.66299],[-60.91361,14.66296],[-60.91376,14.66301],[-60.91393,14.66292],[-60.91425,14.66265],[-60.91427,14.66252],[-60.91439,14.66237],[-60.9145,14.6623],[-60.9147,14.66228],[-60.91478,14.66236],[-60.915,14.66231],[-60.91536,14.66229],[-60.91551,14.66233],[-60.91581,14.66249],[-60.91608,14.66261],[-60.91607,14.66278],[-60.91601,14.66292],[-60.91604,14.6631],[-60.91602,14.66337],[-60.91591,14.66359],[-60.91556,14.66377],[-60.91528,14.66386],[-60.91477,14.66418],[-60.91464,14.66431],[-60.91454,14.66435],[-60.91433,14.66432],[-60.91383,14.66437],[-60.91367,14.66453],[-60.91363,14.6647],[-60.91372,14.66486],[-60.91342,14.66481],[-60.91346,14.66492],[-60.91339,14.66499],[-60.91311,14.66504],[-60.91291,14.66513],[-60.91283,14.6651],[-60.9127,14.66514],[-60.91263,14.6651],[-60.91244,14.66509],[-60.91226,14.66515],[-60.91217,14.66522],[-60.91203,14.6654],[-60.91195,14.66556],[-60.9119,14.66578],[-60.91183,14.66588],[-60.91172,14.66592],[-60.91155,14.66592],[-60.91147,14.66599],[-60.91118,14.66595],[-60.91093,14.66597],[-60.91073,14.66594],[-60.91059,14.66587],[-60.91044,14.66585],[-60.91061,14.66555],[-60.91066,14.66535],[-60.91064,14.66495],[-60.91066,14.66459],[-60.91069,14.6645],[-60.91068,14.66426],[-60.91071,14.66397],[-60.91069,14.66386],[-60.91048,14.66358],[-60.90992,14.66306],[-60.90966,14.66276],[-60.90934,14.6626],[-60.90938,14.66246],[-60.90933,14.66231],[-60.90922,14.66216],[-60.90924,14.66206],[-60.90912,14.66174],[-60.90905,14.66143],[-60.90888,14.66133],[-60.90877,14.66132],[-60.90876,14.66147],[-60.90889,14.6617],[-60.90887,14.66183],[-60.9087,14.66217],[-60.90866,14.6624],[-60.90846,14.66254],[-60.90832,14.66278],[-60.9082,14.66323],[-60.90798,14.66347],[-60.90771,14.66352],[-60.90746,14.66343],[-60.90724,14.66317],[-60.90709,14.66311],[-60.90683,14.66293],[-60.9065,14.66254],[-60.90615,14.66181],[-60.90591,14.66141],[-60.90584,14.66124],[-60.90567,14.66103],[-60.90554,14.66097],[-60.90532,14.66094],[-60.90524,14.66088],[-60.90512,14.66073],[-60.90501,14.6607],[-60.90495,14.66074],[-60.90494,14.66089],[-60.90505,14.66116],[-60.90519,14.66132],[-60.90524,14.66162],[-60.9053,14.6618],[-60.90541,14.66228],[-60.90548,14.66247],[-60.90551,14.66266],[-60.90543,14.66283],[-60.90544,14.66294],[-60.90531,14.66312],[-60.90568,14.66334],[-60.90576,14.66365],[-60.90571,14.66386],[-60.90572,14.66411],[-60.90577,14.66441],[-60.90577,14.66463],[-60.90572,14.6648],[-60.90563,14.66491],[-60.90588,14.6652],[-60.90611,14.66526],[-60.90625,14.66542],[-60.90626,14.66588],[-60.90632,14.666],[-60.90642,14.66606],[-60.90656,14.66592],[-60.90666,14.66573],[-60.9066,14.66551],[-60.90674,14.66541],[-60.90692,14.66545],[-60.90684,14.66588],[-60.90677,14.66606],[-60.9066,14.66629],[-60.90642,14.6665],[-60.90627,14.66663],[-60.90588,14.66669],[-60.90555,14.6667],[-60.90524,14.66662],[-60.90497,14.66641],[-60.90475,14.66636],[-60.90454,14.66636],[-60.90438,14.66646],[-60.90421,14.66642],[-60.90402,14.66628],[-60.90353,14.66618],[-60.90336,14.66611],[-60.90327,14.66603],[-60.90327,14.6659],[-60.90305,14.66559],[-60.90304,14.66551],[-60.90328,14.66542],[-60.90352,14.66542],[-60.90374,14.66521],[-60.90388,14.66495],[-60.90395,14.6647],[-60.90392,14.66434],[-60.90388,14.6642],[-60.9038,14.66402],[-60.90351,14.66366],[-60.90322,14.66336],[-60.903,14.6632],[-60.90259,14.66301],[-60.90244,14.66287],[-60.90244,14.66269],[-60.90205,14.66248],[-60.90155,14.66217],[-60.90137,14.66198],[-60.90126,14.66173],[-60.90117,14.66163],[-60.90098,14.66162],[-60.90076,14.66185],[-60.90077,14.66205],[-60.90096,14.66227],[-60.90095,14.66238],[-60.90078,14.66253],[-60.90072,14.66273],[-60.90072,14.66307],[-60.90067,14.66346],[-60.90064,14.66363],[-60.90053,14.66382],[-60.90057,14.66412],[-60.9004,14.66458],[-60.90047,14.66485],[-60.90044,14.66494],[-60.90017,14.66504],[-60.89992,14.66515],[-60.89982,14.66518],[-60.89963,14.66508],[-60.89946,14.66503],[-60.89924,14.66508],[-60.89902,14.66516],[-60.89878,14.66519],[-60.89863,14.66517],[-60.89843,14.66518],[-60.89804,14.6653],[-60.89781,14.66529],[-60.89756,14.66524],[-60.89745,14.6652],[-60.89704,14.66525],[-60.89705,14.66502],[-60.89694,14.66482],[-60.89697,14.66475],[-60.8972,14.66458],[-60.89757,14.66461],[-60.89767,14.66456],[-60.8977,14.66446],[-60.89787,14.6643],[-60.89796,14.66414],[-60.89801,14.66395],[-60.89812,14.66375],[-60.89824,14.66338],[-60.89837,14.6632],[-60.8984,14.66292],[-60.89833,14.6627],[-60.89837,14.66245],[-60.89841,14.66232],[-60.89855,14.66215],[-60.89875,14.66207],[-60.89879,14.66193],[-60.89877,14.66172],[-60.89881,14.66159],[-60.89892,14.66157],[-60.89911,14.66146],[-60.89927,14.66153],[-60.89942,14.6615],[-60.89955,14.66136],[-60.89963,14.66116],[-60.89979,14.66091],[-60.89982,14.66069],[-60.89979,14.66052],[-60.89968,14.66042],[-60.89941,14.66036],[-60.89908,14.66044],[-60.89891,14.66058],[-60.89874,14.66068],[-60.89831,14.66086],[-60.89808,14.66091],[-60.89768,14.66114],[-60.89739,14.66123],[-60.89707,14.66125],[-60.89668,14.66112],[-60.89635,14.66105],[-60.89617,14.66103],[-60.89583,14.6611],[-60.89569,14.66114],[-60.89518,14.66125],[-60.89501,14.66126],[-60.89473,14.66117],[-60.89454,14.66094],[-60.89449,14.66082],[-60.89449,14.66051],[-60.89458,14.66034],[-60.89479,14.66001],[-60.89496,14.6598],[-60.89513,14.65964],[-60.89519,14.65948],[-60.8953,14.65942],[-60.89538,14.65925],[-60.89524,14.6591],[-60.89493,14.65921],[-60.89482,14.65914],[-60.89463,14.65925],[-60.8943,14.6592],[-60.89409,14.65908],[-60.89392,14.65891],[-60.89382,14.65887],[-60.8937,14.65892],[-60.89341,14.65911],[-60.89322,14.65939],[-60.8929,14.65952],[-60.89281,14.65962],[-60.89263,14.65965],[-60.89244,14.65959],[-60.89225,14.6596],[-60.89216,14.65949],[-60.892,14.65936],[-60.89183,14.6593],[-60.89177,14.65921],[-60.89172,14.659],[-60.89143,14.65884],[-60.8913,14.65888],[-60.89113,14.65913],[-60.89098,14.65923],[-60.89061,14.65942],[-60.89039,14.6595],[-60.89021,14.65954],[-60.88999,14.65962],[-60.88992,14.65969],[-60.88993,14.65985],[-60.89007,14.66002],[-60.89032,14.66018],[-60.89041,14.66029],[-60.89044,14.66044],[-60.89059,14.66075],[-60.89071,14.66112],[-60.89093,14.66137],[-60.89103,14.66144],[-60.89129,14.66178],[-60.89149,14.66188],[-60.89174,14.66211],[-60.89161,14.66236],[-60.89151,14.66295],[-60.89151,14.66319],[-60.89132,14.66401],[-60.89142,14.66426],[-60.89132,14.66465],[-60.89135,14.66483],[-60.89133,14.66492],[-60.89099,14.66518],[-60.89036,14.66558],[-60.89017,14.66569],[-60.88974,14.66583],[-60.88922,14.66591],[-60.88892,14.66609],[-60.88874,14.66614],[-60.88826,14.66603],[-60.88784,14.66604],[-60.88707,14.66624],[-60.88676,14.66636],[-60.88634,14.66633],[-60.88581,14.66613],[-60.8857,14.66613],[-60.88558,14.6662],[-60.88529,14.6661],[-60.88515,14.66611],[-60.88499,14.66616],[-60.88468,14.66615],[-60.88449,14.66617],[-60.88427,14.66613],[-60.88379,14.66579],[-60.88352,14.66574],[-60.88316,14.6655],[-60.88272,14.66516],[-60.88253,14.66492],[-60.88237,14.66462],[-60.88233,14.66448],[-60.88233,14.66426],[-60.88242,14.66393],[-60.88244,14.66362],[-60.88262,14.66326],[-60.88273,14.66309],[-60.883,14.66281],[-60.88323,14.66244],[-60.88338,14.66229],[-60.88344,14.66212],[-60.88352,14.66207],[-60.8836,14.66189],[-60.88357,14.66181],[-60.88368,14.66173],[-60.88375,14.66155],[-60.88378,14.66135],[-60.88372,14.66128],[-60.88344,14.66128],[-60.88328,14.66119],[-60.88338,14.66109],[-60.88341,14.66097],[-60.88337,14.66078],[-60.88328,14.66059],[-60.88307,14.66039],[-60.88292,14.66033],[-60.88302,14.66019],[-60.8833,14.66011],[-60.88345,14.66001],[-60.8836,14.65974],[-60.88363,14.65955],[-60.88355,14.65923],[-60.88345,14.65909],[-60.88318,14.65893],[-60.88309,14.65885],[-60.88308,14.65874],[-60.88314,14.65859],[-60.88332,14.6584],[-60.88343,14.6582],[-60.88368,14.65809],[-60.88385,14.65806],[-60.884,14.65818],[-60.88405,14.65826],[-60.88406,14.65846],[-60.88441,14.65868],[-60.88452,14.6587],[-60.88477,14.65866],[-60.88494,14.65869],[-60.88499,14.65881],[-60.88482,14.65891],[-60.88486,14.65905],[-60.8848,14.65907],[-60.88497,14.65941],[-60.8852,14.65969],[-60.88547,14.66009],[-60.88562,14.66019],[-60.88581,14.66014],[-60.88588,14.66001],[-60.88577,14.65976],[-60.88575,14.65958],[-60.88563,14.65932],[-60.8856,14.65906],[-60.88566,14.6588],[-60.88579,14.65856],[-60.88614,14.6583],[-60.88624,14.65818],[-60.88621,14.65808],[-60.88592,14.65786],[-60.88559,14.65747],[-60.88543,14.65733],[-60.88518,14.65704],[-60.88499,14.65689],[-60.88485,14.65673],[-60.88475,14.65657],[-60.88473,14.65634],[-60.88495,14.65595],[-60.88502,14.65576],[-60.88514,14.6556],[-60.88535,14.65537],[-60.88555,14.65494],[-60.88562,14.65468],[-60.88562,14.65427],[-60.88557,14.65396],[-60.88554,14.6536],[-60.88543,14.65313],[-60.88548,14.65301],[-60.88564,14.65277],[-60.88585,14.65263],[-60.88601,14.65264],[-60.88631,14.65272],[-60.88656,14.65288],[-60.88688,14.65318],[-60.88704,14.65336],[-60.88719,14.65347],[-60.88749,14.65362],[-60.88767,14.65374],[-60.88792,14.65382],[-60.88806,14.65391],[-60.88813,14.65407],[-60.88796,14.65423],[-60.8879,14.65439],[-60.88787,14.6547],[-60.8879,14.65497],[-60.88799,14.65525],[-60.88816,14.65545],[-60.8883,14.65558],[-60.88847,14.65588],[-60.88882,14.65639],[-60.889,14.65675],[-60.88936,14.65688],[-60.88964,14.6571],[-60.88975,14.65714],[-60.88985,14.65711],[-60.88992,14.65703],[-60.88994,14.65685],[-60.88992,14.65655],[-60.88987,14.6565],[-60.88969,14.65645],[-60.88957,14.65634],[-60.88969,14.65621],[-60.88997,14.6557],[-60.89001,14.65544],[-60.88999,14.6553],[-60.88993,14.65523],[-60.8901,14.65504],[-60.89017,14.65485],[-60.8902,14.65466],[-60.89014,14.65444],[-60.88993,14.65429],[-60.88985,14.6541],[-60.88973,14.65413],[-60.88976,14.65429],[-60.88956,14.6543],[-60.88947,14.65424],[-60.88926,14.654],[-60.88917,14.65383],[-60.88915,14.65359],[-60.88929,14.65313],[-60.88936,14.6528],[-60.88932,14.65259],[-60.88931,14.65233],[-60.88934,14.65204],[-60.88953,14.6516],[-60.88979,14.65125],[-60.89003,14.65081],[-60.89007,14.65059],[-60.89021,14.65043],[-60.8904,14.65012],[-60.89051,14.64999],[-60.89057,14.65005],[-60.89064,14.65051],[-60.89078,14.65064],[-60.891,14.65073],[-60.89117,14.65084],[-60.89125,14.65099],[-60.89124,14.65104],[-60.89134,14.65128],[-60.8911,14.65144],[-60.89109,14.65153],[-60.89134,14.65187],[-60.89152,14.65203],[-60.89156,14.6517],[-60.89147,14.65143],[-60.89153,14.65139],[-60.89172,14.65137],[-60.89187,14.65132],[-60.89234,14.65104],[-60.89243,14.65096],[-60.89254,14.65071],[-60.89285,14.65035],[-60.89305,14.65021],[-60.89331,14.6501],[-60.89359,14.65001],[-60.89389,14.64996],[-60.894,14.64997],[-60.89494,14.65344],[-60.89491,14.65353],[-60.89502,14.65383],[-60.89522,14.65443],[-60.89543,14.65515],[-60.89596,14.65506],[-60.89629,14.65498],[-60.89637,14.65494],[-60.89697,14.65484],[-60.89743,14.65474],[-60.89788,14.65465],[-60.89862,14.65455],[-60.89903,14.65441],[-60.89929,14.65439],[-60.90201,14.65371],[-60.90335,14.6554],[-60.90343,14.65558],[-60.90361,14.65555],[-60.90396,14.65545],[-60.90466,14.65533],[-60.90515,14.6552],[-60.90559,14.65513],[-60.90626,14.65498],[-60.90694,14.65483],[-60.90826,14.65452],[-60.90861,14.65442],[-60.90899,14.65428],[-60.90923,14.65424],[-60.90961,14.65415],[-60.9106,14.65395],[-60.91098,14.65386],[-60.91196,14.65358],[-60.9124,14.65358],[-60.91264,14.65363],[-60.91354,14.65245],[-60.9137,14.65228],[-60.91395,14.65205],[-60.91406,14.65187],[-60.91395,14.65137],[-60.91394,14.65122],[-60.91384,14.65079],[-60.91373,14.65055],[-60.91364,14.65014],[-60.91361,14.64991],[-60.91394,14.64974],[-60.91426,14.64966],[-60.91498,14.64945],[-60.91556,14.64922],[-60.91569,14.64915],[-60.91606,14.64883],[-60.91633,14.64866],[-60.91648,14.64846],[-60.91667,14.64775],[-60.91639,14.64733],[-60.91649,14.6471],[-60.91686,14.64666],[-60.91705,14.6465],[-60.91716,14.64644],[-60.91753,14.64635],[-60.91786,14.64624],[-60.91821,14.64616],[-60.91838,14.64598],[-60.91856,14.64576],[-60.91906,14.64503],[-60.91936,14.64472],[-60.91966,14.64434],[-60.9198,14.64407],[-60.9208,14.64253],[-60.92095,14.64256],[-60.92121,14.64257],[-60.92131,14.64253],[-60.92155,14.64251],[-60.92125,14.64222],[-60.92122,14.64204],[-60.92139,14.64186],[-60.92158,14.6418],[-60.92167,14.64166],[-60.9219,14.64137],[-60.92231,14.6416],[-60.92269,14.64125],[-60.92273,14.64099],[-60.92252,14.64087],[-60.92249,14.64053],[-60.92254,14.64054],[-60.92269,14.64033],[-60.9229,14.64019],[-60.9231,14.63973],[-60.9245,14.63772],[-60.9252,14.63672],[-60.92545,14.63637],[-60.92576,14.63602],[-60.92614,14.63545],[-60.92635,14.6352],[-60.92661,14.63485],[-60.9268,14.63468],[-60.92704,14.63432],[-60.92719,14.63435],[-60.92752,14.63431],[-60.92929,14.63405],[-60.93023,14.63399],[-60.93078,14.63399],[-60.93115,14.63394],[-60.93147,14.63393],[-60.93184,14.63398],[-60.93259,14.63384],[-60.93299,14.63384],[-60.93312,14.63377],[-60.93325,14.63365],[-60.93319,14.63327],[-60.9332,14.63315],[-60.93327,14.6329],[-60.93335,14.63273],[-60.93332,14.63252],[-60.93322,14.63215],[-60.9332,14.63197],[-60.93322,14.63178],[-60.93454,14.63208],[-60.93536,14.63223],[-60.93576,14.6323],[-60.93606,14.63226],[-60.93594,14.63239],[-60.93615,14.63267],[-60.93648,14.63302],[-60.93693,14.63339],[-60.93706,14.63329],[-60.93768,14.63299],[-60.93787,14.63294],[-60.93816,14.63314],[-60.9383,14.63322],[-60.9383,14.63338],[-60.93859,14.63336],[-60.93875,14.63331],[-60.93922,14.6336],[-60.93976,14.63392],[-60.93985,14.63403],[-60.94059,14.63455],[-60.94119,14.63501],[-60.94163,14.63517],[-60.94199,14.63421],[-60.94368,14.63498],[-60.94425,14.63414],[-60.94446,14.63387],[-60.9446,14.63381],[-60.94496,14.63374],[-60.9452,14.63374],[-60.94539,14.63379],[-60.94547,14.63403],[-60.94556,14.6342],[-60.94564,14.63427],[-60.94583,14.63435],[-60.94613,14.6344],[-60.9464,14.63452],[-60.94678,14.63486],[-60.94714,14.63501],[-60.94738,14.63513],[-60.9476,14.63517],[-60.94774,14.63513],[-60.94788,14.63497],[-60.94821,14.63493],[-60.9483,14.63488],[-60.94842,14.63474],[-60.94861,14.63439],[-60.94889,14.63413],[-60.94907,14.63399],[-60.94922,14.63378],[-60.9494,14.63354],[-60.94955,14.63339],[-60.94981,14.63326],[-60.95004,14.63322],[-60.95017,14.63325],[-60.95048,14.63343],[-60.95066,14.63359],[-60.95067,14.63423],[-60.95015,14.63425],[-60.95014,14.63459],[-60.9501,14.63474],[-60.95028,14.63489],[-60.95046,14.63507],[-60.95059,14.63528],[-60.95069,14.63571],[-60.95074,14.63598],[-60.9509,14.63621],[-60.95101,14.63629],[-60.95139,14.63641],[-60.95123,14.63695],[-60.95093,14.63772],[-60.95251,14.63798],[-60.95248,14.6384],[-60.95285,14.63849],[-60.95259,14.63978],[-60.95298,14.64167],[-60.95235,14.64291],[-60.9533,14.64359],[-60.95345,14.64362],[-60.95347,14.64371],[-60.9534,14.64414],[-60.95346,14.64429],[-60.95368,14.64457],[-60.95381,14.64481],[-60.95426,14.64486],[-60.95589,14.6458],[-60.95572,14.64587],[-60.9556,14.64597],[-60.9554,14.64619],[-60.95525,14.64626],[-60.95509,14.6464],[-60.95486,14.64676],[-60.9548,14.64706],[-60.95482,14.64726],[-60.95497,14.64751],[-60.9553,14.64782],[-60.95574,14.64819],[-60.95581,14.64834],[-60.95586,14.64857],[-60.95588,14.64891],[-60.95602,14.64912],[-60.95794,14.65001],[-60.95802,14.65012],[-60.95846,14.65037],[-60.95876,14.65052],[-60.95896,14.65059],[-60.95956,14.65068],[-60.95983,14.65073],[-60.95992,14.65082],[-60.95992,14.65101],[-60.96006,14.65134],[-60.96041,14.65172],[-60.96019,14.65202],[-60.95997,14.65241],[-60.95968,14.65289],[-60.95952,14.65366],[-60.95975,14.65382],[-60.96008,14.65398],[-60.96041,14.65392],[-60.9607,14.65394],[-60.96091,14.65391],[-60.96068,14.65419],[-60.96035,14.65503],[-60.96017,14.65517],[-60.96008,14.65547],[-60.95999,14.65563],[-60.95965,14.65569],[-60.95935,14.65563],[-60.95927,14.65617],[-60.95967,14.65621],[-60.96034,14.65627],[-60.96063,14.65632],[-60.96078,14.65631],[-60.96169,14.65638],[-60.96266,14.65647],[-60.964,14.65658],[-60.96405,14.65638],[-60.9642,14.65635],[-60.96438,14.65624],[-60.96506,14.65652],[-60.96579,14.65686],[-60.96541,14.65851],[-60.96591,14.6588],[-60.96581,14.65885],[-60.96663,14.65938],[-60.96671,14.65941],[-60.96689,14.65963],[-60.96757,14.65995],[-60.96728,14.66028],[-60.9671,14.66053],[-60.96697,14.66082],[-60.9669,14.66092],[-60.96709,14.66102],[-60.96711,14.66108],[-60.96737,14.66119],[-60.96862,14.66088],[-60.96878,14.66107],[-60.96897,14.66112],[-60.96914,14.66113],[-60.96924,14.66125],[-60.96939,14.66137],[-60.96983,14.66157],[-60.97001,14.6617],[-60.9702,14.66152],[-60.97051,14.66115],[-60.9707,14.66107],[-60.97105,14.66103],[-60.97143,14.66092],[-60.97183,14.66069],[-60.97218,14.66053],[-60.97227,14.66047],[-60.97264,14.66044],[-60.97279,14.6605],[-60.9729,14.66063],[-60.97301,14.66085],[-60.9732,14.66097],[-60.97335,14.66117],[-60.97349,14.66124],[-60.97358,14.66147],[-60.97361,14.66169],[-60.97373,14.66183],[-60.97374,14.66201],[-60.97385,14.66212],[-60.97353,14.66251],[-60.97381,14.66244],[-60.97396,14.66248],[-60.97404,14.66273],[-60.97405,14.6629],[-60.97411,14.66304],[-60.97423,14.6631],[-60.97446,14.66306],[-60.97458,14.66315],[-60.97474,14.66334],[-60.97468,14.66382],[-60.97454,14.66489],[-60.9745,14.66553],[-60.97437,14.66549],[-60.97421,14.6655],[-60.97429,14.66583],[-60.97442,14.66592],[-60.97463,14.66595],[-60.97513,14.66608],[-60.97555,14.66623],[-60.97581,14.6663],[-60.97606,14.66625],[-60.97618,14.66636],[-60.97619,14.66665],[-60.97614,14.66705],[-60.97616,14.66714],[-60.9763,14.66733],[-60.97753,14.66731],[-60.9772,14.6693],[-60.97749,14.66931],[-60.97768,14.66955],[-60.97738,14.66983],[-60.97769,14.66987],[-60.97784,14.67002],[-60.97786,14.67011],[-60.97781,14.67029],[-60.97804,14.67059],[-60.97838,14.67117],[-60.97861,14.6712],[-60.97857,14.67142],[-60.9786,14.67163],[-60.97867,14.67167],[-60.97895,14.67166],[-60.97947,14.67169],[-60.9797,14.67179],[-60.98073,14.67166],[-60.98058,14.67243],[-60.98063,14.67277],[-60.98041,14.67321],[-60.98059,14.67336],[-60.98119,14.67373],[-60.98073,14.67444],[-60.98051,14.67487],[-60.98078,14.67496],[-60.98072,14.67519],[-60.98051,14.67557],[-60.98035,14.67584],[-60.98042,14.67597],[-60.98063,14.67604],[-60.98101,14.67623],[-60.9812,14.6763],[-60.98133,14.67639],[-60.98181,14.67718],[-60.98179,14.6773],[-60.98165,14.67749],[-60.98142,14.67772],[-60.98133,14.67785],[-60.98128,14.67804],[-60.98126,14.67823],[-60.98157,14.67837],[-60.98189,14.67786],[-60.98221,14.67766],[-60.98237,14.67752],[-60.98259,14.67746],[-60.98277,14.6775],[-60.98303,14.67763],[-60.98322,14.67781],[-60.98278,14.67857],[-60.98257,14.67885],[-60.98311,14.679],[-60.98331,14.67902],[-60.98334,14.67906],[-60.98363,14.67916],[-60.98389,14.67928],[-60.98397,14.67905],[-60.98416,14.67842],[-60.98576,14.67831],[-60.9857,14.67856],[-60.9874,14.68183],[-60.98777,14.68253],[-60.98859,14.68407],[-60.98875,14.68403],[-60.98902,14.68391],[-60.98934,14.68368],[-60.98961,14.68379],[-60.98941,14.68432],[-60.98924,14.68466],[-60.98911,14.68497],[-60.98911,14.68506],[-60.98899,14.68517],[-60.98793,14.68645],[-60.98738,14.68709],[-60.98871,14.68785],[-60.98897,14.68802],[-60.98952,14.68833],[-60.98916,14.68885],[-60.989,14.68909],[-60.98874,14.68898],[-60.98729,14.69076],[-60.98612,14.69035],[-60.98589,14.69031],[-60.98511,14.68997],[-60.98478,14.68989],[-60.98446,14.69089],[-60.98354,14.69044],[-60.98305,14.69161],[-60.98321,14.6917],[-60.98303,14.69205],[-60.98277,14.69277],[-60.98,14.69171],[-60.97983,14.69195],[-60.97961,14.69212],[-60.97968,14.69221],[-60.97885,14.69419],[-60.97875,14.69446],[-60.97869,14.69455],[-60.97781,14.69661],[-60.97773,14.69666],[-60.9776,14.69695],[-60.97723,14.69808]]],[[[-60.89896,14.68403],[-60.89873,14.68416],[-60.8986,14.68412],[-60.89854,14.68401],[-60.89859,14.68391],[-60.89856,14.68379],[-60.89842,14.68361],[-60.89858,14.68356],[-60.89872,14.68341],[-60.89902,14.6835],[-60.89904,14.68368],[-60.89912,14.68381],[-60.8991,14.6839],[-60.89896,14.68403]]],[[[-60.91109,14.68525],[-60.91099,14.68548],[-60.91084,14.68569],[-60.91065,14.68591],[-60.9103,14.68635],[-60.91021,14.6867],[-60.91009,14.68694],[-60.90989,14.68724],[-60.90986,14.68747],[-60.9098,14.68756],[-60.90961,14.68766],[-60.90946,14.68763],[-60.90932,14.68756],[-60.90916,14.68734],[-60.90912,14.68709],[-60.90916,14.68684],[-60.90919,14.68646],[-60.90917,14.68635],[-60.90906,14.686],[-60.90906,14.68575],[-60.90913,14.6855],[-60.90931,14.685],[-60.90949,14.68468],[-60.90962,14.68453],[-60.90983,14.68441],[-60.90994,14.68437],[-60.91038,14.68441],[-60.91057,14.68445],[-60.91077,14.68438],[-60.91101,14.68438],[-60.91113,14.68448],[-60.91118,14.68466],[-60.91109,14.68525]]],[[[-60.90196,14.6868],[-60.90186,14.68694],[-60.90171,14.68698],[-60.9015,14.68691],[-60.90128,14.6868],[-60.90096,14.6866],[-60.90066,14.68652],[-60.9005,14.68655],[-60.90028,14.68663],[-60.89958,14.68691],[-60.8994,14.68702],[-60.89917,14.68701],[-60.89914,14.68691],[-60.89918,14.68678],[-60.8996,14.68609],[-60.89974,14.68593],[-60.8999,14.68562],[-60.89995,14.68542],[-60.89995,14.6852],[-60.9,14.6851],[-60.90016,14.68504],[-60.9002,14.68508],[-60.90024,14.68527],[-60.90007,14.68539],[-60.89999,14.68565],[-60.89996,14.68582],[-60.9001,14.68599],[-60.9002,14.68602],[-60.90047,14.6859],[-60.90061,14.68576],[-60.90069,14.68573],[-60.90088,14.68582],[-60.90109,14.68578],[-60.90145,14.68582],[-60.90164,14.68587],[-60.90183,14.68597],[-60.90197,14.68612],[-60.90205,14.68646],[-60.90196,14.6868]]],[[[-60.92102,14.68822],[-60.92078,14.6882],[-60.92036,14.68827],[-60.92022,14.68813],[-60.92024,14.68806],[-60.92042,14.6878],[-60.9206,14.68761],[-60.92066,14.68769],[-60.92096,14.68769],[-60.92113,14.68779],[-60.92124,14.68791],[-60.92111,14.68819],[-60.92102,14.68822]]],[[[-60.90146,14.69713],[-60.90155,14.69705],[-60.90163,14.69711],[-60.90155,14.69721],[-60.90146,14.69713]]],[[[-60.88374,14.67114],[-60.88367,14.6712],[-60.88325,14.67126],[-60.88277,14.67116],[-60.88271,14.67101],[-60.88201,14.6705],[-60.88167,14.67031],[-60.8816,14.67024],[-60.88161,14.6701],[-60.88166,14.66994],[-60.88175,14.66992],[-60.88202,14.66969],[-60.88228,14.66957],[-60.88265,14.66942],[-60.88322,14.66936],[-60.88328,14.66942],[-60.88334,14.66964],[-60.88349,14.66995],[-60.88357,14.6702],[-60.88365,14.67052],[-60.88366,14.67068],[-60.8838,14.6708],[-60.88381,14.671],[-60.88374,14.67114]]],[[[-60.88059,14.67465],[-60.88051,14.67468],[-60.88035,14.67451],[-60.88019,14.67427],[-60.88008,14.674],[-60.88024,14.67355],[-60.88035,14.67349],[-60.88047,14.67354],[-60.88059,14.67372],[-60.88062,14.67407],[-60.88069,14.67431],[-60.88066,14.67456],[-60.88059,14.67465]]],[[[-60.84852,14.68307],[-60.84841,14.68293],[-60.84829,14.68286],[-60.84821,14.68271],[-60.84794,14.68253],[-60.84784,14.68236],[-60.84772,14.68201],[-60.84769,14.68176],[-60.84755,14.6815],[-60.84761,14.68131],[-60.84772,14.68124],[-60.84786,14.68126],[-60.84816,14.68148],[-60.84841,14.68165],[-60.8486,14.68182],[-60.84881,14.68197],[-60.84915,14.68239],[-60.84927,14.68263],[-60.84933,14.68285],[-60.84903,14.68305],[-60.84852,14.68307]]],[[[-60.88109,14.68492],[-60.88096,14.68492],[-60.88075,14.68487],[-60.88055,14.68477],[-60.88047,14.68463],[-60.88038,14.68475],[-60.88021,14.68476],[-60.87998,14.68473],[-60.87985,14.68459],[-60.87985,14.6844],[-60.87996,14.68426],[-60.88,14.68415],[-60.88018,14.68408],[-60.88037,14.68412],[-60.88054,14.68425],[-60.88072,14.68446],[-60.88082,14.6845],[-60.88105,14.68464],[-60.88112,14.68472],[-60.88114,14.68482],[-60.88109,14.68492]]],[[[-60.88462,14.69038],[-60.88438,14.69043],[-60.88429,14.69038],[-60.88411,14.69021],[-60.88381,14.68979],[-60.88359,14.68945],[-60.88354,14.68927],[-60.88345,14.68921],[-60.88337,14.6889],[-60.8832,14.68855],[-60.88306,14.6884],[-60.88288,14.68832],[-60.88271,14.68801],[-60.88261,14.68791],[-60.88244,14.68769],[-60.88239,14.68756],[-60.88239,14.68736],[-60.88236,14.68715],[-60.88227,14.68682],[-60.88224,14.68655],[-60.88232,14.68614],[-60.8824,14.68605],[-60.88258,14.68593],[-60.88282,14.68595],[-60.883,14.68606],[-60.88327,14.68614],[-60.88336,14.68619],[-60.88363,14.68639],[-60.88385,14.6866],[-60.88398,14.68682],[-60.88404,14.68734],[-60.88405,14.68776],[-60.88403,14.68797],[-60.88408,14.68844],[-60.88415,14.68866],[-60.88424,14.68904],[-60.88434,14.68922],[-60.88443,14.68948],[-60.88456,14.68966],[-60.88472,14.69015],[-60.88471,14.69031],[-60.88462,14.69038]]],[[[-60.89846,14.69654],[-60.89836,14.69687],[-60.89826,14.69702],[-60.89824,14.6972],[-60.89803,14.69708],[-60.89781,14.69715],[-60.89762,14.69717],[-60.89738,14.69712],[-60.89725,14.69697],[-60.8972,14.69676],[-60.89706,14.69654],[-60.8969,14.69638],[-60.89646,14.69608],[-60.89626,14.69599],[-60.89618,14.69591],[-60.89597,14.69578],[-60.89558,14.69552],[-60.89536,14.69546],[-60.89511,14.69544],[-60.89488,14.69553],[-60.89471,14.69564],[-60.89452,14.6958],[-60.89437,14.69602],[-60.89425,14.69638],[-60.89437,14.69668],[-60.89438,14.69679],[-60.89429,14.69698],[-60.89417,14.69701],[-60.89395,14.69694],[-60.89352,14.69698],[-60.89345,14.69696],[-60.89324,14.69679],[-60.89319,14.69669],[-60.89317,14.6965],[-60.89305,14.69636],[-60.89295,14.69631],[-60.89272,14.69605],[-60.89259,14.69585],[-60.89249,14.69578],[-60.89225,14.69553],[-60.89216,14.69547],[-60.89185,14.69533],[-60.89148,14.69491],[-60.89134,14.69481],[-60.89125,14.69479],[-60.89114,14.69493],[-60.89111,14.69515],[-60.89117,14.69535],[-60.8913,14.69555],[-60.89146,14.69566],[-60.8916,14.69571],[-60.89164,14.69579],[-60.8916,14.69594],[-60.89133,14.69606],[-60.89124,14.69624],[-60.8911,14.69636],[-60.89099,14.69634],[-60.89077,14.69625],[-60.89052,14.69618],[-60.89029,14.69614],[-60.89005,14.69617],[-60.88993,14.69616],[-60.88969,14.69625],[-60.88937,14.69644],[-60.88911,14.69666],[-60.88872,14.69676],[-60.88862,14.6968],[-60.88839,14.69678],[-60.88829,14.69691],[-60.88819,14.69697],[-60.88805,14.69711],[-60.8877,14.69718],[-60.8875,14.69724],[-60.8874,14.69724],[-60.88734,14.69711],[-60.88739,14.69696],[-60.88766,14.69652],[-60.88757,14.69634],[-60.88745,14.69618],[-60.88686,14.6958],[-60.88656,14.69566],[-60.88633,14.69559],[-60.88585,14.69549],[-60.88564,14.69547],[-60.88543,14.69542],[-60.8849,14.69515],[-60.88477,14.69506],[-60.88445,14.69477],[-60.8841,14.69456],[-60.88363,14.69431],[-60.88342,14.69426],[-60.88322,14.6943],[-60.88284,14.69452],[-60.88239,14.69458],[-60.88217,14.69444],[-60.88197,14.69426],[-60.88174,14.69417],[-60.88164,14.69408],[-60.88128,14.69397],[-60.88104,14.69368],[-60.88093,14.69361],[-60.88019,14.69335],[-60.88003,14.69334],[-60.87989,14.69325],[-60.87967,14.69324],[-60.8796,14.69311],[-60.87972,14.69291],[-60.87969,14.69272],[-60.87957,14.69269],[-60.8795,14.69259],[-60.87944,14.69238],[-60.87948,14.69212],[-60.87967,14.69195],[-60.87967,14.69182],[-60.87989,14.69169],[-60.87989,14.69159],[-60.87979,14.69145],[-60.87982,14.69134],[-60.87992,14.69122],[-60.88008,14.69125],[-60.88015,14.69139],[-60.88046,14.69146],[-60.88099,14.69167],[-60.88118,14.69177],[-60.88131,14.69176],[-60.88159,14.6919],[-60.88164,14.69202],[-60.88178,14.69215],[-60.88185,14.69217],[-60.88215,14.69212],[-60.88225,14.69219],[-60.88227,14.69228],[-60.88211,14.69238],[-60.88217,14.69259],[-60.88241,14.69277],[-60.88262,14.69286],[-60.88308,14.6929],[-60.88324,14.69287],[-60.88352,14.69271],[-60.8837,14.69254],[-60.88391,14.69229],[-60.88413,14.6921],[-60.88433,14.69199],[-60.88449,14.69194],[-60.88491,14.69192],[-60.88499,14.69193],[-60.88513,14.69208],[-60.88534,14.69217],[-60.88559,14.69205],[-60.88577,14.69194],[-60.88586,14.69181],[-60.88591,14.69165],[-60.88619,14.69152],[-60.88643,14.69128],[-60.88655,14.69123],[-60.88682,14.69118],[-60.88702,14.69123],[-60.88717,14.69152],[-60.8873,14.69198],[-60.88738,14.69222],[-60.88762,14.69246],[-60.88777,14.69242],[-60.88801,14.69227],[-60.88818,14.6922],[-60.88828,14.69208],[-60.88854,14.69185],[-60.88862,14.69175],[-60.88863,14.69163],[-60.88863,14.69084],[-60.88867,14.69032],[-60.8887,14.69017],[-60.88882,14.68987],[-60.88895,14.68966],[-60.8891,14.68955],[-60.88922,14.6895],[-60.88943,14.68953],[-60.89022,14.68957],[-60.89048,14.68968],[-60.89087,14.69006],[-60.89126,14.69028],[-60.89142,14.69041],[-60.89154,14.6906],[-60.89158,14.69082],[-60.89164,14.69094],[-60.89186,14.69119],[-60.89189,14.69129],[-60.89189,14.69164],[-60.89183,14.69215],[-60.89184,14.69255],[-60.89186,14.69268],[-60.89195,14.69289],[-60.89206,14.69306],[-60.89227,14.69316],[-60.89262,14.69318],[-60.8928,14.69328],[-60.89304,14.69327],[-60.89344,14.69334],[-60.89368,14.69344],[-60.89395,14.69349],[-60.89449,14.69367],[-60.89497,14.69376],[-60.8952,14.69379],[-60.89531,14.69385],[-60.8955,14.69414],[-60.89558,14.69421],[-60.89583,14.69423],[-60.89608,14.69432],[-60.89631,14.69455],[-60.89673,14.69491],[-60.89698,14.69507],[-60.89706,14.69516],[-60.8972,14.69539],[-60.89743,14.69554],[-60.89768,14.69558],[-60.89803,14.69576],[-60.8983,14.69599],[-60.89849,14.69597],[-60.8986,14.69612],[-60.89845,14.69625],[-60.89841,14.69634],[-60.89846,14.69654]]]]}},{"type":"Feature","properties":{"nom":"Saint-Esprit","code":"97223"},"geometry":{"type":"Polygon","coordinates":[[[-60.89107,14.54773],[-60.89143,14.54785],[-60.89171,14.54786],[-60.89155,14.54732],[-60.89176,14.54723],[-60.89169,14.547],[-60.89167,14.54653],[-60.89234,14.54645],[-60.89346,14.54605],[-60.89355,14.54596],[-60.89379,14.5459],[-60.89517,14.54595],[-60.89523,14.54578],[-60.89559,14.54525],[-60.89537,14.54499],[-60.89529,14.54478],[-60.89525,14.54446],[-60.89526,14.54422],[-60.89534,14.54414],[-60.89559,14.54399],[-60.89569,14.54382],[-60.89572,14.54369],[-60.89546,14.54372],[-60.89535,14.54311],[-60.89546,14.54311],[-60.89596,14.54284],[-60.89619,14.54276],[-60.8966,14.54241],[-60.89672,14.54229],[-60.89679,14.54203],[-60.89685,14.54198],[-60.8972,14.54176],[-60.89728,14.54165],[-60.89726,14.54153],[-60.89583,14.54173],[-60.89547,14.54178],[-60.89524,14.53966],[-60.89519,14.53928],[-60.89469,14.53941],[-60.89471,14.53894],[-60.89515,14.5389],[-60.89493,14.53786],[-60.89589,14.53771],[-60.89804,14.53745],[-60.89793,14.53713],[-60.89854,14.537],[-60.89956,14.53678],[-60.89947,14.53726],[-60.89955,14.53794],[-60.90021,14.53788],[-60.90122,14.53776],[-60.90172,14.53771],[-60.90333,14.53751],[-60.90343,14.53673],[-60.90523,14.53655],[-60.90566,14.53643],[-60.9067,14.53639],[-60.90763,14.53633],[-60.90764,14.53625],[-60.90795,14.53533],[-60.90825,14.53434],[-60.90932,14.53462],[-60.90938,14.53478],[-60.90978,14.53436],[-60.91004,14.53453],[-60.91036,14.53546],[-60.91066,14.53635],[-60.91148,14.53616],[-60.91155,14.53594],[-60.91206,14.53583],[-60.91209,14.53534],[-60.91272,14.53551],[-60.9135,14.53578],[-60.91387,14.5358],[-60.91464,14.53609],[-60.91551,14.53634],[-60.9156,14.53637],[-60.91687,14.53676],[-60.91737,14.53719],[-60.91808,14.53744],[-60.91834,14.53745],[-60.91927,14.53752],[-60.92067,14.53794],[-60.92087,14.53801],[-60.92174,14.53827],[-60.92244,14.53839],[-60.92296,14.53854],[-60.92339,14.53876],[-60.92367,14.53768],[-60.92523,14.53789],[-60.92507,14.53916],[-60.92482,14.53924],[-60.92485,14.53933],[-60.92469,14.53932],[-60.92484,14.53958],[-60.925,14.53982],[-60.92526,14.54004],[-60.92545,14.54031],[-60.92569,14.54048],[-60.92586,14.54066],[-60.92602,14.54103],[-60.9263,14.54137],[-60.92641,14.54145],[-60.92686,14.54157],[-60.92701,14.54171],[-60.92725,14.54213],[-60.92737,14.54228],[-60.92748,14.54237],[-60.92763,14.54254],[-60.92824,14.54339],[-60.92852,14.54371],[-60.92866,14.54383],[-60.92937,14.54467],[-60.9294,14.5448],[-60.92926,14.54588],[-60.92953,14.54595],[-60.93046,14.54604],[-60.93055,14.54607],[-60.93102,14.54657],[-60.93147,14.54712],[-60.93174,14.54749],[-60.93245,14.54836],[-60.93254,14.54838],[-60.93395,14.54854],[-60.93413,14.54857],[-60.93853,14.54909],[-60.93944,14.5492],[-60.93984,14.54925],[-60.94006,14.5493],[-60.94139,14.54946],[-60.94387,14.54979],[-60.945,14.54993],[-60.94512,14.54996],[-60.94527,14.5504],[-60.94562,14.55147],[-60.94618,14.55313],[-60.94647,14.55401],[-60.9466,14.55445],[-60.94696,14.55443],[-60.94717,14.55447],[-60.94748,14.55463],[-60.94763,14.55469],[-60.94794,14.5546],[-60.94814,14.55449],[-60.94854,14.55423],[-60.94879,14.55403],[-60.94899,14.55386],[-60.94924,14.55343],[-60.94965,14.55377],[-60.94988,14.55398],[-60.95046,14.55385],[-60.95054,14.55363],[-60.95073,14.5534],[-60.95101,14.55396],[-60.95202,14.55401],[-60.95203,14.55408],[-60.95201,14.55492],[-60.95197,14.5554],[-60.95254,14.55597],[-60.95261,14.55605],[-60.95275,14.55603],[-60.95318,14.55602],[-60.9534,14.55592],[-60.95348,14.55584],[-60.9537,14.55553],[-60.95388,14.55533],[-60.95425,14.55567],[-60.95605,14.5573],[-60.95613,14.5574],[-60.95616,14.55767],[-60.9556,14.55762],[-60.95555,14.55833],[-60.95516,14.55829],[-60.95493,14.5583],[-60.95488,14.55908],[-60.95532,14.55911],[-60.95516,14.56006],[-60.95504,14.56014],[-60.95485,14.56013],[-60.95463,14.55999],[-60.95475,14.55953],[-60.95419,14.55956],[-60.9543,14.55824],[-60.95408,14.55823],[-60.95299,14.55811],[-60.95264,14.5581],[-60.95193,14.55804],[-60.95092,14.55795],[-60.95086,14.55866],[-60.95079,14.55913],[-60.95078,14.55937],[-60.95038,14.55946],[-60.94899,14.55987],[-60.94915,14.56006],[-60.94936,14.56041],[-60.94962,14.56044],[-60.94961,14.56064],[-60.94968,14.56074],[-60.94889,14.56134],[-60.94852,14.56165],[-60.94895,14.56238],[-60.94936,14.56254],[-60.9498,14.56269],[-60.95107,14.56267],[-60.95103,14.56306],[-60.95277,14.56283],[-60.95247,14.56209],[-60.95289,14.56212],[-60.9536,14.56215],[-60.95404,14.5622],[-60.9539,14.56316],[-60.95377,14.56381],[-60.95355,14.5654],[-60.95352,14.56563],[-60.95287,14.56545],[-60.95271,14.56624],[-60.95197,14.56618],[-60.95187,14.56618],[-60.95015,14.56609],[-60.94925,14.56605],[-60.94875,14.56603],[-60.94796,14.56597],[-60.94778,14.56595],[-60.94773,14.56695],[-60.9477,14.56708],[-60.94791,14.56695],[-60.94809,14.5669],[-60.94826,14.56689],[-60.94837,14.56702],[-60.94921,14.56806],[-60.94992,14.56826],[-60.95005,14.5689],[-60.94984,14.57],[-60.94983,14.57009],[-60.9494,14.57004],[-60.94939,14.57008],[-60.94847,14.56993],[-60.94824,14.57008],[-60.94819,14.57045],[-60.94818,14.57083],[-60.94779,14.57079],[-60.94738,14.57081],[-60.94735,14.57128],[-60.94686,14.57123],[-60.94671,14.57124],[-60.94595,14.57118],[-60.94595,14.57135],[-60.94617,14.57158],[-60.94638,14.57216],[-60.94631,14.57308],[-60.94577,14.57275],[-60.94527,14.57244],[-60.94513,14.57236],[-60.94528,14.57179],[-60.94498,14.57175],[-60.94489,14.57179],[-60.94434,14.57171],[-60.94298,14.57154],[-60.94268,14.57181],[-60.94263,14.57296],[-60.94254,14.57472],[-60.9425,14.57562],[-60.94405,14.57543],[-60.94389,14.5755],[-60.94386,14.57567],[-60.94371,14.57572],[-60.94341,14.5757],[-60.94328,14.57574],[-60.94323,14.57589],[-60.9433,14.57618],[-60.9433,14.57629],[-60.94322,14.57635],[-60.94301,14.5764],[-60.94286,14.5766],[-60.94265,14.57704],[-60.94255,14.57718],[-60.94246,14.57718],[-60.94235,14.57733],[-60.94234,14.57753],[-60.94224,14.57787],[-60.94226,14.57801],[-60.9422,14.57837],[-60.94199,14.57863],[-60.94165,14.57909],[-60.94161,14.57912],[-60.94139,14.5791],[-60.94118,14.57917],[-60.94119,14.5793],[-60.9416,14.57961],[-60.94161,14.57972],[-60.94131,14.57978],[-60.94111,14.57986],[-60.94099,14.57979],[-60.94091,14.57965],[-60.94063,14.57959],[-60.94059,14.57966],[-60.94058,14.58023],[-60.94064,14.58046],[-60.94066,14.58077],[-60.94055,14.58103],[-60.94052,14.58122],[-60.94038,14.58139],[-60.94035,14.58154],[-60.94021,14.58185],[-60.94022,14.582],[-60.94029,14.5821],[-60.94053,14.58227],[-60.94062,14.58238],[-60.94056,14.58255],[-60.94025,14.58244],[-60.94001,14.58222],[-60.93974,14.58204],[-60.93954,14.58196],[-60.93925,14.582],[-60.93907,14.58229],[-60.93897,14.5824],[-60.9389,14.58261],[-60.93879,14.58268],[-60.93861,14.58275],[-60.93856,14.58302],[-60.93848,14.58314],[-60.93841,14.58355],[-60.93859,14.58374],[-60.93862,14.58383],[-60.93853,14.58399],[-60.93816,14.58454],[-60.93803,14.58478],[-60.93784,14.58477],[-60.93776,14.58483],[-60.93756,14.58508],[-60.93747,14.58526],[-60.93752,14.58543],[-60.9374,14.58562],[-60.93726,14.58569],[-60.93717,14.58579],[-60.93713,14.58593],[-60.93721,14.58615],[-60.93717,14.58626],[-60.93718,14.58649],[-60.93711,14.58662],[-60.93709,14.58676],[-60.937,14.58695],[-60.93697,14.58714],[-60.93713,14.58768],[-60.93693,14.58832],[-60.93679,14.58875],[-60.93674,14.58902],[-60.93665,14.58909],[-60.93647,14.58909],[-60.93594,14.5881],[-60.93584,14.58791],[-60.93545,14.58716],[-60.93438,14.58728],[-60.93428,14.58672],[-60.93359,14.58698],[-60.93348,14.58625],[-60.93339,14.58582],[-60.93271,14.58588],[-60.93219,14.58593],[-60.93205,14.58537],[-60.9317,14.58405],[-60.93048,14.58448],[-60.93047,14.58409],[-60.93004,14.58415],[-60.92997,14.58376],[-60.93054,14.58352],[-60.93054,14.58315],[-60.93059,14.58236],[-60.93057,14.58189],[-60.93087,14.58127],[-60.93074,14.58105],[-60.93018,14.58047],[-60.93013,14.58038],[-60.93014,14.58011],[-60.92897,14.58048],[-60.9287,14.58035],[-60.9287,14.58023],[-60.92875,14.57967],[-60.92837,14.57969],[-60.92836,14.57987],[-60.92828,14.58003],[-60.92789,14.57982],[-60.92724,14.57976],[-60.92681,14.57974],[-60.92498,14.57956],[-60.92345,14.57946],[-60.92326,14.57943],[-60.9227,14.57939],[-60.92199,14.57934],[-60.9219,14.58006],[-60.92099,14.58001],[-60.9212,14.58053],[-60.92098,14.58061],[-60.9207,14.58055],[-60.92071,14.58031],[-60.9203,14.58027],[-60.91971,14.5802],[-60.91963,14.5802],[-60.91969,14.57991],[-60.9193,14.57984],[-60.91871,14.57981],[-60.91808,14.57975],[-60.91753,14.57972],[-60.91743,14.57874],[-60.91739,14.57877],[-60.91708,14.5785],[-60.91672,14.57845],[-60.91666,14.57882],[-60.91642,14.57889],[-60.91621,14.57913],[-60.91589,14.57918],[-60.91573,14.57931],[-60.91534,14.57928],[-60.91524,14.57913],[-60.91489,14.57896],[-60.91487,14.57889],[-60.9149,14.57866],[-60.91483,14.57847],[-60.91451,14.57831],[-60.91445,14.57818],[-60.91421,14.57809],[-60.91407,14.57798],[-60.91407,14.5779],[-60.91391,14.57776],[-60.91369,14.57771],[-60.91347,14.57751],[-60.91293,14.57706],[-60.91273,14.57692],[-60.91257,14.57733],[-60.91239,14.57734],[-60.91138,14.57753],[-60.91115,14.57775],[-60.91064,14.57707],[-60.91097,14.57631],[-60.91065,14.57614],[-60.9102,14.5758],[-60.90977,14.5755],[-60.90957,14.57526],[-60.90941,14.57515],[-60.90946,14.5747],[-60.9096,14.57426],[-60.90955,14.57376],[-60.90843,14.57373],[-60.9079,14.57373],[-60.90693,14.57386],[-60.90669,14.57251],[-60.90651,14.57231],[-60.906,14.57203],[-60.90622,14.57161],[-60.90584,14.57131],[-60.90527,14.57067],[-60.90524,14.5705],[-60.90504,14.57035],[-60.90456,14.56977],[-60.90444,14.5697],[-60.90366,14.5697],[-60.90355,14.56979],[-60.90292,14.57037],[-60.90203,14.57046],[-60.90115,14.57054],[-60.90107,14.56989],[-60.90133,14.56968],[-60.90125,14.5696],[-60.90109,14.56933],[-60.90084,14.569],[-60.9006,14.56873],[-60.90047,14.5685],[-60.9004,14.56825],[-60.90034,14.56786],[-60.90025,14.56754],[-60.90016,14.56735],[-60.89995,14.56709],[-60.89982,14.56701],[-60.89964,14.56681],[-60.8995,14.56649],[-60.89944,14.5662],[-60.89935,14.56595],[-60.89908,14.56552],[-60.89889,14.56535],[-60.89859,14.56512],[-60.89831,14.56475],[-60.89812,14.56456],[-60.89777,14.56417],[-60.89742,14.5638],[-60.89675,14.5634],[-60.89647,14.56309],[-60.89683,14.5631],[-60.89587,14.56191],[-60.89419,14.56216],[-60.89407,14.56216],[-60.89404,14.56206],[-60.89408,14.56193],[-60.89614,14.56143],[-60.89623,14.56144],[-60.89677,14.56134],[-60.89701,14.56128],[-60.89694,14.56051],[-60.89633,14.56059],[-60.89627,14.5602],[-60.89511,14.55968],[-60.89462,14.5598],[-60.89415,14.55965],[-60.89412,14.55966],[-60.89393,14.55944],[-60.89418,14.55919],[-60.8939,14.55892],[-60.89412,14.55874],[-60.89339,14.55816],[-60.89325,14.55772],[-60.89252,14.55775],[-60.89298,14.55723],[-60.89309,14.55669],[-60.89281,14.55603],[-60.8921,14.55388],[-60.8914,14.55189],[-60.89092,14.55193],[-60.89067,14.55128],[-60.89051,14.55075],[-60.89102,14.55078],[-60.89096,14.55062],[-60.89071,14.54982],[-60.89151,14.54972],[-60.89195,14.54932],[-60.89181,14.54894],[-60.89073,14.54907],[-60.8905,14.54911],[-60.89046,14.54903],[-60.8912,14.54887],[-60.8911,14.54842],[-60.89102,14.54843],[-60.89099,14.54828],[-60.8908,14.5478],[-60.89107,14.54773]]]}},{"type":"Feature","properties":{"nom":"Saint-Joseph","code":"97224"},"geometry":{"type":"Polygon","coordinates":[[[-61.08384,14.70799],[-61.08379,14.70807],[-61.0836,14.70824],[-61.0835,14.7084],[-61.08351,14.7085],[-61.08371,14.70914],[-61.08387,14.70926],[-61.08417,14.70937],[-61.08445,14.70957],[-61.08462,14.70986],[-61.08469,14.71027],[-61.08467,14.71049],[-61.08455,14.71066],[-61.08446,14.71093],[-61.08443,14.71121],[-61.08448,14.71158],[-61.08463,14.71191],[-61.08463,14.71222],[-61.08466,14.71233],[-61.08484,14.7125],[-61.08515,14.71269],[-61.0855,14.71341],[-61.08569,14.71387],[-61.08584,14.71452],[-61.08589,14.71519],[-61.08585,14.71547],[-61.08572,14.71573],[-61.08572,14.71598],[-61.08579,14.71635],[-61.0859,14.71677],[-61.08607,14.71732],[-61.08609,14.71751],[-61.08617,14.71766],[-61.08632,14.71778],[-61.08637,14.71792],[-61.08633,14.71809],[-61.08649,14.71821],[-61.08662,14.71837],[-61.08683,14.71846],[-61.08692,14.71864],[-61.08697,14.71897],[-61.08686,14.71919],[-61.08672,14.7193],[-61.08667,14.71942],[-61.0867,14.71972],[-61.08678,14.71992],[-61.08676,14.72018],[-61.08664,14.72027],[-61.0866,14.7204],[-61.08658,14.72063],[-61.08663,14.72093],[-61.08672,14.72116],[-61.08676,14.72134],[-61.08673,14.72169],[-61.08652,14.72218],[-61.08642,14.72236],[-61.08638,14.72269],[-61.08631,14.72287],[-61.08616,14.723],[-61.08611,14.72331],[-61.08601,14.72367],[-61.08587,14.72391],[-61.08571,14.7241],[-61.08555,14.72423],[-61.08523,14.72462],[-61.08509,14.72483],[-61.08478,14.72491],[-61.08465,14.72491],[-61.08482,14.72469],[-61.08485,14.72451],[-61.0848,14.7243],[-61.08477,14.72405],[-61.0846,14.72378],[-61.08451,14.72342],[-61.0844,14.72321],[-61.08433,14.72304],[-61.08442,14.72292],[-61.0843,14.72273],[-61.08399,14.72266],[-61.08387,14.72256],[-61.08336,14.72234],[-61.08308,14.72214],[-61.08292,14.72205],[-61.0827,14.7218],[-61.08235,14.72134],[-61.08235,14.72112],[-61.08212,14.72075],[-61.08171,14.72045],[-61.08162,14.72035],[-61.08143,14.72002],[-61.08134,14.7199],[-61.08116,14.71974],[-61.08048,14.71922],[-61.08037,14.71893],[-61.08021,14.71867],[-61.08018,14.71842],[-61.08005,14.71812],[-61.07995,14.71795],[-61.07913,14.71767],[-61.07837,14.71585],[-61.0762,14.71402],[-61.07589,14.71388],[-61.07529,14.71374],[-61.07511,14.71331],[-61.07492,14.713],[-61.07471,14.71278],[-61.07387,14.71258],[-61.07356,14.71219],[-61.07328,14.712],[-61.07309,14.71199],[-61.07285,14.71183],[-61.07266,14.71165],[-61.07242,14.7113],[-61.07232,14.71112],[-61.07213,14.71075],[-61.07163,14.7106],[-61.07019,14.71091],[-61.0701,14.71078],[-61.06984,14.71058],[-61.06961,14.71017],[-61.06945,14.70999],[-61.06929,14.70989],[-61.06911,14.70986],[-61.06897,14.70969],[-61.06871,14.70933],[-61.06865,14.70917],[-61.06863,14.70898],[-61.06849,14.70888],[-61.0684,14.70851],[-61.06824,14.70841],[-61.0682,14.70834],[-61.06782,14.70806],[-61.06746,14.7077],[-61.06721,14.70763],[-61.06685,14.70731],[-61.0667,14.70726],[-61.06656,14.70713],[-61.06584,14.70672],[-61.06535,14.70655],[-61.06509,14.70637],[-61.06497,14.70627],[-61.06461,14.70605],[-61.06376,14.70567],[-61.06343,14.70563],[-61.06299,14.70566],[-61.06283,14.70561],[-61.06216,14.70527],[-61.06189,14.705],[-61.06157,14.70455],[-61.06136,14.70441],[-61.06099,14.70428],[-61.06088,14.70417],[-61.06075,14.704],[-61.06062,14.70391],[-61.06041,14.70392],[-61.06009,14.70411],[-61.06,14.70414],[-61.05974,14.70407],[-61.05958,14.70413],[-61.05942,14.70414],[-61.05915,14.70407],[-61.0588,14.70385],[-61.05851,14.70361],[-61.05851,14.70336],[-61.0584,14.70325],[-61.05819,14.70319],[-61.05809,14.70304],[-61.05807,14.7029],[-61.05796,14.70277],[-61.05781,14.70273],[-61.05753,14.70257],[-61.05728,14.70236],[-61.05719,14.70226],[-61.05669,14.70198],[-61.05602,14.70203],[-61.05525,14.70192],[-61.05471,14.70194],[-61.05453,14.70125],[-61.05357,14.70169],[-61.05335,14.70092],[-61.05318,14.70076],[-61.05283,14.70055],[-61.05248,14.70039],[-61.05192,14.7002],[-61.05169,14.70014],[-61.05132,14.7001],[-61.05104,14.69994],[-61.04977,14.69928],[-61.04805,14.70165],[-61.04775,14.70137],[-61.04765,14.70123],[-61.04754,14.70101],[-61.04703,14.7004],[-61.04639,14.69938],[-61.04614,14.69893],[-61.04593,14.69864],[-61.04525,14.69758],[-61.04473,14.69675],[-61.04458,14.69666],[-61.04413,14.69653],[-61.04197,14.69577],[-61.04179,14.69573],[-61.0417,14.69567],[-61.03987,14.69495],[-61.03965,14.69488],[-61.03939,14.69473],[-61.03909,14.69459],[-61.03889,14.69452],[-61.0387,14.69442],[-61.03832,14.6944],[-61.03817,14.69435],[-61.038,14.69439],[-61.03787,14.69435],[-61.03773,14.69423],[-61.03757,14.69424],[-61.03731,14.69412],[-61.0371,14.69393],[-61.03686,14.69396],[-61.03675,14.69394],[-61.03663,14.6938],[-61.03642,14.69374],[-61.03611,14.69358],[-61.0354,14.69488],[-61.035,14.69521],[-61.03424,14.69589],[-61.03287,14.69712],[-61.03185,14.69757],[-61.0322,14.69631],[-61.03121,14.6962],[-61.03047,14.6958],[-61.02997,14.6952],[-61.02938,14.69486],[-61.02966,14.69345],[-61.02956,14.69322],[-61.02788,14.69326],[-61.02693,14.69422],[-61.0248,14.69358],[-61.02374,14.69207],[-61.02376,14.69193],[-61.02264,14.69169],[-61.02264,14.69132],[-61.02224,14.69097],[-61.02139,14.69066],[-61.02134,14.69081],[-61.02096,14.69081],[-61.02083,14.69084],[-61.02068,14.6911],[-61.02037,14.69118],[-61.02032,14.69099],[-61.02043,14.69056],[-61.01897,14.68907],[-61.01794,14.68765],[-61.01697,14.68582],[-61.01684,14.68568],[-61.01664,14.68535],[-61.01652,14.68501],[-61.01588,14.6851],[-61.01581,14.68504],[-61.01588,14.68485],[-61.01524,14.68466],[-61.01505,14.68467],[-61.01481,14.68478],[-61.01478,14.68509],[-61.01465,14.68517],[-61.0145,14.68534],[-61.01438,14.68537],[-61.01419,14.68529],[-61.01409,14.6853],[-61.01393,14.6854],[-61.01376,14.6854],[-61.01359,14.68497],[-61.01342,14.68469],[-61.01306,14.68475],[-61.0129,14.6848],[-61.01263,14.68482],[-61.01254,14.68477],[-61.01234,14.68458],[-61.01211,14.6844],[-61.01215,14.6843],[-61.01214,14.68412],[-61.01208,14.68397],[-61.01194,14.68379],[-61.01175,14.68367],[-61.01154,14.68359],[-61.0114,14.68362],[-61.01132,14.68378],[-61.01113,14.68423],[-61.01102,14.68437],[-61.01085,14.68446],[-61.01064,14.68444],[-61.01039,14.68433],[-61.01019,14.68413],[-61.0101,14.68389],[-61.01001,14.6838],[-61.00986,14.68373],[-61.0095,14.6837],[-61.00936,14.6836],[-61.00938,14.68346],[-61.00966,14.68286],[-61.00968,14.6827],[-61.00945,14.68225],[-61.00925,14.68203],[-61.00915,14.68199],[-61.00887,14.68197],[-61.00873,14.68188],[-61.00864,14.68168],[-61.00864,14.68138],[-61.00874,14.68094],[-61.00881,14.68087],[-61.00897,14.68087],[-61.00953,14.68099],[-61.00992,14.68098],[-61.01008,14.68087],[-61.0101,14.68078],[-61.01005,14.68066],[-61.00983,14.68048],[-61.00962,14.68006],[-61.00948,14.6799],[-61.0093,14.6798],[-61.00911,14.67973],[-61.00886,14.6797],[-61.00844,14.6797],[-61.00812,14.67974],[-61.00786,14.67983],[-61.00764,14.68],[-61.0074,14.68026],[-61.00719,14.68053],[-61.00697,14.68065],[-61.00675,14.68061],[-61.00658,14.68048],[-61.00647,14.68029],[-61.00621,14.67929],[-61.00613,14.67923],[-61.00591,14.67919],[-61.00568,14.67921],[-61.00549,14.6793],[-61.00533,14.67951],[-61.00517,14.67962],[-61.005,14.67964],[-61.0048,14.67958],[-61.00433,14.67939],[-61.00397,14.6791],[-61.00393,14.67895],[-61.00393,14.67873],[-61.00409,14.67839],[-61.0041,14.67798],[-61.00395,14.67771],[-61.0037,14.67742],[-61.00325,14.67701],[-61.00306,14.67692],[-61.00297,14.67692],[-61.00284,14.67701],[-61.00244,14.67763],[-61.00218,14.67798],[-61.00206,14.678],[-61.00186,14.67797],[-61.00164,14.67786],[-61.00152,14.67786],[-61.00138,14.67799],[-61.0013,14.6783],[-61.00136,14.67864],[-61.0015,14.67877],[-61.00184,14.67901],[-61.00192,14.67916],[-61.00194,14.67936],[-61.00191,14.67951],[-61.00184,14.6796],[-61.00165,14.6797],[-61.00134,14.67972],[-61.00107,14.67966],[-61.00089,14.67952],[-61.00082,14.67935],[-61.00076,14.67909],[-61.00082,14.67836],[-61.00079,14.67821],[-61.00065,14.67807],[-61.00027,14.67794],[-60.99919,14.67788],[-60.99877,14.67779],[-60.9985,14.67762],[-60.99824,14.67736],[-60.99817,14.67716],[-60.99811,14.67675],[-60.998,14.67662],[-60.99784,14.67654],[-60.99757,14.67662],[-60.9973,14.67663],[-60.99616,14.67632],[-60.99597,14.67628],[-60.99588,14.67621],[-60.99586,14.67607],[-60.99606,14.67581],[-60.99636,14.67548],[-60.99638,14.67529],[-60.99626,14.67512],[-60.99604,14.67497],[-60.99553,14.67481],[-60.99525,14.67478],[-60.9951,14.67479],[-60.99493,14.67489],[-60.99477,14.67493],[-60.99459,14.67489],[-60.9945,14.6748],[-60.99436,14.67448],[-60.99439,14.67428],[-60.99449,14.67404],[-60.99453,14.67378],[-60.99448,14.67303],[-60.99461,14.6728],[-60.9948,14.67264],[-60.99507,14.67252],[-60.99555,14.67238],[-60.99609,14.67224],[-60.99655,14.67214],[-60.99676,14.67204],[-60.99692,14.67185],[-60.99735,14.67144],[-60.99727,14.6713],[-60.99725,14.67117],[-60.99732,14.67086],[-60.9973,14.67077],[-60.99712,14.67053],[-60.99672,14.67009],[-60.99633,14.6698],[-60.99584,14.66955],[-60.99585,14.66948],[-60.99577,14.66899],[-60.99568,14.6682],[-60.99566,14.66757],[-60.99571,14.66715],[-60.99583,14.66688],[-60.99611,14.66661],[-60.99647,14.66616],[-60.99656,14.66552],[-60.99639,14.66498],[-60.9961,14.6644],[-60.99543,14.66399],[-60.99516,14.66374],[-60.99497,14.66347],[-60.99488,14.66323],[-60.99498,14.66322],[-60.99522,14.66311],[-60.99552,14.66307],[-60.99587,14.6631],[-60.99615,14.66307],[-60.99634,14.66295],[-60.99649,14.66274],[-60.99652,14.66261],[-60.99651,14.66242],[-60.99645,14.66224],[-60.99636,14.66212],[-60.99614,14.66195],[-60.99599,14.66174],[-60.99578,14.66163],[-60.99562,14.66157],[-60.99528,14.66142],[-60.99507,14.66127],[-60.99477,14.66112],[-60.99468,14.66085],[-60.99474,14.6606],[-60.99483,14.66044],[-60.99501,14.66047],[-60.99525,14.6604],[-60.99547,14.66025],[-60.99555,14.66015],[-60.9956,14.66],[-60.99555,14.65968],[-60.99545,14.65955],[-60.99557,14.65933],[-60.99575,14.65881],[-60.99597,14.65823],[-60.99595,14.65802],[-60.99647,14.65775],[-60.99684,14.65757],[-60.99704,14.65746],[-60.99788,14.65705],[-60.99889,14.65656],[-60.9993,14.6564],[-60.99972,14.6562],[-61.00066,14.65571],[-61.00116,14.65549],[-61.00131,14.65541],[-61.00255,14.65483],[-61.00351,14.65438],[-61.00479,14.657],[-61.00506,14.65756],[-61.00515,14.65757],[-61.00525,14.65767],[-61.00527,14.65789],[-61.0054,14.65795],[-61.00565,14.65789],[-61.00598,14.65797],[-61.00665,14.65768],[-61.00662,14.65758],[-61.0076,14.65712],[-61.0076,14.65709],[-61.00905,14.65646],[-61.00962,14.6562],[-61.00966,14.65631],[-61.01043,14.65592],[-61.01054,14.65583],[-61.01086,14.65533],[-61.01109,14.65516],[-61.01138,14.65505],[-61.01157,14.65503],[-61.01165,14.65528],[-61.0118,14.65525],[-61.01178,14.65509],[-61.01202,14.65477],[-61.01202,14.65465],[-61.01209,14.65433],[-61.01221,14.65417],[-61.0123,14.65393],[-61.01276,14.65376],[-61.01296,14.65364],[-61.01318,14.65372],[-61.01335,14.65358],[-61.01357,14.65352],[-61.0137,14.65352],[-61.01379,14.65357],[-61.01418,14.65334],[-61.01465,14.65334],[-61.01478,14.65336],[-61.01494,14.65325],[-61.01513,14.65296],[-61.01536,14.65273],[-61.01538,14.6526],[-61.01533,14.65233],[-61.01533,14.65218],[-61.01544,14.65178],[-61.01553,14.65142],[-61.01567,14.65123],[-61.01571,14.65109],[-61.0157,14.65081],[-61.01574,14.65047],[-61.01577,14.65034],[-61.01592,14.65008],[-61.01591,14.64998],[-61.01579,14.64974],[-61.01586,14.6495],[-61.0159,14.64927],[-61.01598,14.64912],[-61.0161,14.64901],[-61.01635,14.64892],[-61.01662,14.64902],[-61.01677,14.64911],[-61.01689,14.64921],[-61.01697,14.64934],[-61.01708,14.64959],[-61.01698,14.64965],[-61.01694,14.65063],[-61.01694,14.65109],[-61.01692,14.65123],[-61.01699,14.65253],[-61.0184,14.65179],[-61.0185,14.65209],[-61.01985,14.65158],[-61.0199,14.65139],[-61.01983,14.65131],[-61.01953,14.65121],[-61.01943,14.65111],[-61.01942,14.65091],[-61.0201,14.65048],[-61.02052,14.65036],[-61.02062,14.65035],[-61.02095,14.65044],[-61.02108,14.65043],[-61.02133,14.65034],[-61.02144,14.65034],[-61.02153,14.65066],[-61.02162,14.65114],[-61.02233,14.65095],[-61.02277,14.65082],[-61.02271,14.65066],[-61.02265,14.65035],[-61.02275,14.6503],[-61.02338,14.6498],[-61.02376,14.64952],[-61.02414,14.64922],[-61.02439,14.64903],[-61.02454,14.64959],[-61.02459,14.64968],[-61.02658,14.64828],[-61.0267,14.64811],[-61.0269,14.64793],[-61.02739,14.64763],[-61.02766,14.64752],[-61.02797,14.6473],[-61.02826,14.64737],[-61.02846,14.64753],[-61.02846,14.6476],[-61.02831,14.64776],[-61.0282,14.64794],[-61.02817,14.64814],[-61.02828,14.64829],[-61.02854,14.64859],[-61.02861,14.64881],[-61.02994,14.64874],[-61.03102,14.6487],[-61.03095,14.64805],[-61.0309,14.64786],[-61.03088,14.64753],[-61.03091,14.64745],[-61.03268,14.64687],[-61.03278,14.6472],[-61.03414,14.64703],[-61.03425,14.64632],[-61.0346,14.64626],[-61.03502,14.6462],[-61.03534,14.6462],[-61.03555,14.64625],[-61.03572,14.64621],[-61.03612,14.64618],[-61.03621,14.64609],[-61.03623,14.64569],[-61.03632,14.64556],[-61.03652,14.64554],[-61.03684,14.64554],[-61.03689,14.64552],[-61.03859,14.64566],[-61.03892,14.64565],[-61.03927,14.64566],[-61.03955,14.6457],[-61.03967,14.64564],[-61.03969,14.64556],[-61.03953,14.64487],[-61.03949,14.64419],[-61.03943,14.64363],[-61.03947,14.64306],[-61.03945,14.64265],[-61.03959,14.64272],[-61.03954,14.64252],[-61.03955,14.64244],[-61.03976,14.6422],[-61.03989,14.64216],[-61.04015,14.64218],[-61.04025,14.64228],[-61.04029,14.64239],[-61.04049,14.64256],[-61.04073,14.64259],[-61.04116,14.64252],[-61.0413,14.64256],[-61.0415,14.64266],[-61.04167,14.64271],[-61.04174,14.64278],[-61.04176,14.64295],[-61.04173,14.64315],[-61.04179,14.64323],[-61.04189,14.64324],[-61.04211,14.64315],[-61.04259,14.64321],[-61.0427,14.64326],[-61.04284,14.6434],[-61.04295,14.64355],[-61.04297,14.64364],[-61.04281,14.64395],[-61.04285,14.64429],[-61.0428,14.64469],[-61.04298,14.64491],[-61.04325,14.64503],[-61.04372,14.645],[-61.04373,14.64505],[-61.04415,14.645],[-61.04424,14.64582],[-61.0443,14.6466],[-61.04428,14.64693],[-61.04424,14.64705],[-61.04582,14.64682],[-61.04919,14.64626],[-61.04932,14.64589],[-61.04934,14.64575],[-61.05012,14.64587],[-61.0506,14.64591],[-61.05119,14.64601],[-61.05142,14.64607],[-61.05169,14.64625],[-61.05177,14.64633],[-61.05235,14.647],[-61.05262,14.64725],[-61.05252,14.64742],[-61.05223,14.64758],[-61.05217,14.64769],[-61.05218,14.64782],[-61.05226,14.64815],[-61.05232,14.64831],[-61.05252,14.64874],[-61.05251,14.64895],[-61.05259,14.64915],[-61.05271,14.64926],[-61.05296,14.6494],[-61.05341,14.64969],[-61.05389,14.64988],[-61.0546,14.64989],[-61.05475,14.64993],[-61.055,14.65005],[-61.05528,14.65012],[-61.05548,14.65022],[-61.05566,14.65027],[-61.05606,14.65028],[-61.05645,14.65036],[-61.05677,14.65034],[-61.05743,14.65038],[-61.05759,14.65065],[-61.05777,14.65055],[-61.05832,14.6509],[-61.05873,14.65081],[-61.05888,14.65093],[-61.0592,14.65113],[-61.05931,14.65124],[-61.05937,14.65138],[-61.05934,14.6515],[-61.05922,14.65159],[-61.05885,14.65168],[-61.05867,14.65179],[-61.05862,14.65197],[-61.05865,14.65221],[-61.05866,14.65243],[-61.05849,14.65273],[-61.05844,14.65288],[-61.05827,14.6531],[-61.05826,14.65323],[-61.05835,14.6534],[-61.05833,14.6537],[-61.05819,14.65379],[-61.05796,14.65381],[-61.05785,14.65387],[-61.0578,14.65418],[-61.05788,14.65432],[-61.05823,14.65452],[-61.05848,14.65479],[-61.05856,14.65496],[-61.05869,14.65532],[-61.05877,14.65547],[-61.05891,14.65559],[-61.05987,14.65629],[-61.06004,14.65649],[-61.06014,14.65685],[-61.06022,14.65706],[-61.0604,14.65739],[-61.06044,14.65751],[-61.06049,14.6578],[-61.06054,14.65798],[-61.06064,14.65816],[-61.06073,14.65824],[-61.06103,14.65836],[-61.06139,14.65866],[-61.06165,14.65892],[-61.0618,14.65905],[-61.06208,14.65924],[-61.06222,14.65938],[-61.06235,14.65963],[-61.06268,14.66012],[-61.0628,14.66035],[-61.06291,14.66066],[-61.06293,14.66079],[-61.06288,14.66123],[-61.06281,14.66159],[-61.06279,14.66188],[-61.0629,14.66204],[-61.06324,14.66238],[-61.06347,14.66251],[-61.06354,14.66247],[-61.06418,14.66249],[-61.06439,14.66254],[-61.06504,14.66319],[-61.0654,14.66342],[-61.06555,14.66348],[-61.06586,14.66367],[-61.06606,14.66382],[-61.0665,14.66396],[-61.06669,14.66398],[-61.06692,14.6643],[-61.06699,14.66436],[-61.06731,14.66453],[-61.06739,14.66465],[-61.06754,14.66466],[-61.06773,14.66452],[-61.06787,14.6645],[-61.06797,14.66457],[-61.06826,14.66463],[-61.06866,14.66472],[-61.06898,14.66483],[-61.06945,14.66495],[-61.06961,14.66501],[-61.06973,14.66511],[-61.06994,14.66533],[-61.07016,14.66544],[-61.07043,14.66546],[-61.07056,14.66552],[-61.07084,14.66579],[-61.07111,14.66612],[-61.07123,14.66623],[-61.07147,14.66634],[-61.07198,14.66635],[-61.0721,14.6664],[-61.07227,14.66656],[-61.07245,14.66685],[-61.07253,14.66691],[-61.07294,14.66695],[-61.07344,14.66728],[-61.07359,14.66745],[-61.07357,14.66779],[-61.07359,14.66789],[-61.07372,14.66805],[-61.0741,14.66842],[-61.07387,14.66893],[-61.07387,14.66944],[-61.07395,14.67011],[-61.07418,14.67003],[-61.07455,14.67001],[-61.0748,14.67003],[-61.07503,14.67008],[-61.07511,14.67018],[-61.07509,14.67038],[-61.07511,14.6705],[-61.07521,14.67057],[-61.07543,14.67062],[-61.07568,14.67085],[-61.07583,14.67084],[-61.07601,14.67074],[-61.07618,14.6708],[-61.07627,14.67087],[-61.07648,14.67112],[-61.07678,14.67139],[-61.07684,14.67165],[-61.07684,14.67188],[-61.07687,14.67199],[-61.07697,14.67214],[-61.07717,14.67204],[-61.07741,14.67187],[-61.07749,14.67186],[-61.07778,14.67198],[-61.07815,14.67207],[-61.07835,14.67214],[-61.07872,14.67239],[-61.07903,14.67253],[-61.07929,14.67274],[-61.0794,14.6728],[-61.07959,14.67283],[-61.08011,14.67309],[-61.08037,14.67325],[-61.08064,14.67346],[-61.08085,14.67325],[-61.08099,14.67318],[-61.08119,14.67319],[-61.08136,14.67331],[-61.08155,14.67337],[-61.08178,14.67334],[-61.08204,14.67338],[-61.08222,14.67347],[-61.08238,14.67342],[-61.08499,14.67343],[-61.0851,14.67425],[-61.0854,14.67602],[-61.08517,14.67655],[-61.08477,14.67741],[-61.08445,14.67801],[-61.08393,14.67869],[-61.08369,14.67867],[-61.08354,14.67875],[-61.08345,14.67903],[-61.08321,14.67927],[-61.08297,14.67947],[-61.08259,14.67993],[-61.08242,14.68032],[-61.08229,14.68046],[-61.08215,14.68055],[-61.08188,14.68065],[-61.08162,14.68069],[-61.08133,14.68071],[-61.08128,14.68078],[-61.08126,14.68097],[-61.08136,14.68111],[-61.08142,14.68138],[-61.08139,14.68151],[-61.08144,14.6817],[-61.08142,14.68181],[-61.08133,14.68186],[-61.08117,14.68207],[-61.081,14.68208],[-61.08085,14.68213],[-61.08073,14.68206],[-61.08063,14.68184],[-61.08042,14.68175],[-61.08036,14.68178],[-61.0802,14.68194],[-61.08009,14.68214],[-61.07988,14.68228],[-61.08002,14.6825],[-61.08016,14.6826],[-61.08023,14.68275],[-61.08046,14.68299],[-61.0807,14.68312],[-61.08074,14.68318],[-61.08073,14.68332],[-61.08064,14.68344],[-61.08056,14.68367],[-61.08064,14.68381],[-61.08092,14.68387],[-61.0811,14.684],[-61.08132,14.68405],[-61.08142,14.68425],[-61.08136,14.68442],[-61.08116,14.68455],[-61.08115,14.68468],[-61.08118,14.68484],[-61.08138,14.68499],[-61.08147,14.68512],[-61.08157,14.6854],[-61.08168,14.68557],[-61.08193,14.68577],[-61.08209,14.6858],[-61.08225,14.68588],[-61.08238,14.68598],[-61.08254,14.68617],[-61.08266,14.68628],[-61.08309,14.68639],[-61.08328,14.68654],[-61.08331,14.68675],[-61.08351,14.68701],[-61.08338,14.68726],[-61.08338,14.68733],[-61.08348,14.68757],[-61.08347,14.68774],[-61.08339,14.68805],[-61.08337,14.68838],[-61.08343,14.68858],[-61.08359,14.68871],[-61.08363,14.68878],[-61.08366,14.68904],[-61.08371,14.68916],[-61.08378,14.68945],[-61.08376,14.68968],[-61.08379,14.69003],[-61.08387,14.69021],[-61.08403,14.69034],[-61.08404,14.69045],[-61.08412,14.69056],[-61.08433,14.69071],[-61.08445,14.69086],[-61.08451,14.69116],[-61.08461,14.69136],[-61.08477,14.69154],[-61.08485,14.69175],[-61.08478,14.69204],[-61.08474,14.6923],[-61.08484,14.69273],[-61.08286,14.6949],[-61.08288,14.69525],[-61.08285,14.69537],[-61.0827,14.69556],[-61.0825,14.69566],[-61.08245,14.69594],[-61.0824,14.69607],[-61.08184,14.69604],[-61.08157,14.69629],[-61.08156,14.69639],[-61.08163,14.69666],[-61.08163,14.69689],[-61.08147,14.69712],[-61.08147,14.6975],[-61.08145,14.69759],[-61.08135,14.69771],[-61.08131,14.69784],[-61.08122,14.69791],[-61.08121,14.69809],[-61.08123,14.69825],[-61.08112,14.69838],[-61.08053,14.69827],[-61.08039,14.69831],[-61.08006,14.69853],[-61.07976,14.69875],[-61.07961,14.6989],[-61.0792,14.69904],[-61.07898,14.69914],[-61.07849,14.69898],[-61.07806,14.69947],[-61.07758,14.69996],[-61.07708,14.70021],[-61.07661,14.70067],[-61.07629,14.70074],[-61.07603,14.70084],[-61.07593,14.70127],[-61.07574,14.70131],[-61.07567,14.70116],[-61.07494,14.70118],[-61.07497,14.70176],[-61.07449,14.70237],[-61.07418,14.70293],[-61.07417,14.70316],[-61.07434,14.70311],[-61.07476,14.70291],[-61.07507,14.70267],[-61.07554,14.70223],[-61.07607,14.70186],[-61.0763,14.70176],[-61.07639,14.70181],[-61.0765,14.70203],[-61.07656,14.70238],[-61.07648,14.70294],[-61.07652,14.70315],[-61.0767,14.70359],[-61.07693,14.70375],[-61.07723,14.70402],[-61.0775,14.70416],[-61.07767,14.70411],[-61.07795,14.70391],[-61.0781,14.70383],[-61.07836,14.7038],[-61.07856,14.70385],[-61.07882,14.70397],[-61.07905,14.70414],[-61.07955,14.70455],[-61.07969,14.70469],[-61.08011,14.70524],[-61.08024,14.70549],[-61.08036,14.70591],[-61.08055,14.70615],[-61.08071,14.70622],[-61.08081,14.70635],[-61.08086,14.70652],[-61.08085,14.70667],[-61.08078,14.70691],[-61.08069,14.70708],[-61.08073,14.70728],[-61.08088,14.7073],[-61.0813,14.70725],[-61.08153,14.70719],[-61.08187,14.70722],[-61.08206,14.70719],[-61.0823,14.7071],[-61.08259,14.70706],[-61.08294,14.70696],[-61.0834,14.70704],[-61.08369,14.70718],[-61.08383,14.70742],[-61.08385,14.70762],[-61.08384,14.70799]]]}},{"type":"Feature","properties":{"nom":"Saint-Pierre","code":"97225"},"geometry":{"type":"Polygon","coordinates":[[[-61.13326,14.74642],[-61.13354,14.74638],[-61.1341,14.74646],[-61.13467,14.74642],[-61.13512,14.74642],[-61.13578,14.74649],[-61.13641,14.74651],[-61.13724,14.74634],[-61.1375,14.74639],[-61.1378,14.74659],[-61.13841,14.74687],[-61.13838,14.74598],[-61.13881,14.7457],[-61.13916,14.74515],[-61.13947,14.74487],[-61.13967,14.74488],[-61.13996,14.74496],[-61.1403,14.74502],[-61.14048,14.74497],[-61.14088,14.74468],[-61.14111,14.74462],[-61.14152,14.74466],[-61.14185,14.74472],[-61.14226,14.74474],[-61.14337,14.74489],[-61.14406,14.74482],[-61.145,14.74475],[-61.14559,14.7448],[-61.14609,14.74497],[-61.14647,14.74489],[-61.14706,14.74483],[-61.14757,14.74484],[-61.14818,14.74495],[-61.14865,14.74499],[-61.149,14.74517],[-61.14923,14.74499],[-61.14966,14.74496],[-61.14991,14.74502],[-61.15048,14.74505],[-61.15127,14.74522],[-61.15184,14.74532],[-61.15204,14.74542],[-61.15222,14.74565],[-61.15244,14.74581],[-61.15257,14.74583],[-61.15272,14.74578],[-61.15322,14.74581],[-61.15338,14.74586],[-61.15374,14.74582],[-61.15417,14.74569],[-61.15454,14.7459],[-61.15489,14.74606],[-61.15535,14.74622],[-61.15563,14.74617],[-61.15615,14.74602],[-61.15652,14.74578],[-61.15693,14.74558],[-61.1571,14.74555],[-61.15729,14.74536],[-61.15735,14.74544],[-61.15887,14.74588],[-61.15943,14.7454],[-61.15947,14.74534],[-61.15983,14.74508],[-61.16027,14.74463],[-61.16047,14.74448],[-61.16053,14.74434],[-61.16037,14.74404],[-61.16029,14.74391],[-61.16027,14.74368],[-61.16033,14.74352],[-61.16069,14.74312],[-61.16081,14.74311],[-61.1617,14.74359],[-61.16204,14.74384],[-61.16259,14.74252],[-61.16238,14.74237],[-61.16229,14.74226],[-61.16193,14.74197],[-61.16185,14.74188],[-61.16155,14.74179],[-61.1611,14.74164],[-61.16066,14.74155],[-61.16043,14.74153],[-61.15981,14.7414],[-61.1593,14.74126],[-61.15893,14.74113],[-61.15869,14.74101],[-61.15839,14.74083],[-61.15781,14.74041],[-61.15736,14.7403],[-61.15709,14.74019],[-61.15675,14.73994],[-61.15606,14.73974],[-61.15584,14.7397],[-61.15499,14.73949],[-61.15481,14.73941],[-61.1544,14.73918],[-61.1542,14.73905],[-61.15395,14.73879],[-61.15388,14.73863],[-61.15391,14.73842],[-61.15407,14.73842],[-61.15431,14.73875],[-61.15507,14.73925],[-61.15521,14.73899],[-61.15535,14.73853],[-61.15537,14.73836],[-61.15546,14.7378],[-61.15571,14.73787],[-61.15578,14.73809],[-61.15588,14.7382],[-61.15595,14.73838],[-61.15632,14.73858],[-61.15708,14.73794],[-61.15751,14.73771],[-61.15804,14.73736],[-61.1582,14.73723],[-61.15886,14.73681],[-61.15907,14.73665],[-61.15906,14.73648],[-61.15919,14.73605],[-61.15928,14.73553],[-61.15983,14.73543],[-61.15957,14.73531],[-61.15916,14.73506],[-61.15888,14.73494],[-61.15806,14.73454],[-61.15778,14.73443],[-61.15722,14.73412],[-61.15589,14.73346],[-61.15605,14.73313],[-61.15621,14.73304],[-61.15653,14.73283],[-61.15693,14.73261],[-61.15703,14.73248],[-61.15703,14.73236],[-61.15736,14.73205],[-61.15752,14.73183],[-61.15762,14.7316],[-61.15774,14.73146],[-61.15785,14.73123],[-61.15786,14.73108],[-61.15796,14.73098],[-61.15821,14.73093],[-61.1585,14.73073],[-61.15873,14.73067],[-61.15888,14.73058],[-61.15907,14.73058],[-61.15919,14.73053],[-61.15946,14.73047],[-61.15971,14.73035],[-61.16007,14.73032],[-61.16041,14.73017],[-61.16069,14.73001],[-61.16098,14.7297],[-61.16119,14.72953],[-61.16146,14.72934],[-61.16172,14.72911],[-61.16222,14.72883],[-61.16246,14.7289],[-61.16271,14.72893],[-61.16316,14.72892],[-61.16354,14.72901],[-61.16391,14.72904],[-61.16418,14.7292],[-61.16464,14.72958],[-61.16484,14.72979],[-61.16513,14.73016],[-61.1654,14.7307],[-61.16553,14.73095],[-61.16562,14.73121],[-61.1658,14.73164],[-61.16595,14.73187],[-61.16625,14.7325],[-61.16642,14.73269],[-61.16644,14.73281],[-61.16632,14.73296],[-61.16591,14.73329],[-61.16588,14.73341],[-61.16596,14.73363],[-61.16611,14.73393],[-61.16625,14.73442],[-61.16638,14.73462],[-61.16658,14.73476],[-61.16672,14.73481],[-61.16695,14.73482],[-61.16718,14.73491],[-61.16741,14.73514],[-61.16757,14.73518],[-61.16799,14.73502],[-61.1682,14.73488],[-61.1684,14.7348],[-61.16865,14.73479],[-61.16876,14.73473],[-61.16881,14.7346],[-61.16883,14.73443],[-61.16893,14.73421],[-61.16909,14.7341],[-61.16956,14.73385],[-61.16975,14.73373],[-61.17006,14.73346],[-61.1702,14.73339],[-61.17041,14.73339],[-61.17095,14.73367],[-61.17108,14.73369],[-61.17124,14.73361],[-61.1715,14.73321],[-61.17185,14.73301],[-61.17216,14.73288],[-61.17229,14.73289],[-61.17247,14.73294],[-61.17259,14.73293],[-61.17274,14.73286],[-61.1731,14.73259],[-61.17331,14.73255],[-61.17351,14.73263],[-61.17377,14.73267],[-61.17408,14.73278],[-61.17421,14.73277],[-61.17444,14.73267],[-61.1747,14.73249],[-61.17485,14.73229],[-61.17499,14.73219],[-61.17527,14.73208],[-61.17542,14.73192],[-61.17571,14.73175],[-61.17595,14.73141],[-61.17614,14.73141],[-61.17632,14.73151],[-61.17661,14.73161],[-61.17678,14.73186],[-61.17695,14.73203],[-61.17708,14.73209],[-61.17745,14.73216],[-61.17771,14.73213],[-61.17783,14.73216],[-61.17807,14.73236],[-61.17838,14.73251],[-61.17874,14.73253],[-61.17891,14.73256],[-61.17898,14.73265],[-61.17916,14.73291],[-61.17918,14.7331],[-61.17917,14.73334],[-61.17893,14.73361],[-61.17872,14.73392],[-61.17861,14.73397],[-61.17847,14.7341],[-61.17818,14.73453],[-61.17803,14.7348],[-61.17789,14.73511],[-61.17775,14.73533],[-61.17762,14.73559],[-61.17735,14.7361],[-61.17729,14.73627],[-61.1771,14.73684],[-61.17703,14.73702],[-61.17688,14.73757],[-61.17672,14.73851],[-61.17663,14.73944],[-61.17662,14.74002],[-61.17657,14.74045],[-61.17647,14.74085],[-61.17653,14.74176],[-61.17725,14.74171],[-61.17725,14.74178],[-61.17654,14.74182],[-61.17659,14.74282],[-61.17659,14.74319],[-61.17652,14.74328],[-61.17649,14.74398],[-61.17655,14.74414],[-61.17654,14.74426],[-61.17659,14.745],[-61.17665,14.74529],[-61.17677,14.74558],[-61.17693,14.74593],[-61.17711,14.74624],[-61.17734,14.7465],[-61.17769,14.74683],[-61.1778,14.74689],[-61.17875,14.74748],[-61.17902,14.74766],[-61.17908,14.74768],[-61.17921,14.74785],[-61.17919,14.7481],[-61.17924,14.74853],[-61.17935,14.74871],[-61.1794,14.7489],[-61.17945,14.74924],[-61.17939,14.74959],[-61.17942,14.74975],[-61.17954,14.74996],[-61.17974,14.75038],[-61.17991,14.75063],[-61.18074,14.7516],[-61.18098,14.75179],[-61.18123,14.75207],[-61.18157,14.7524],[-61.18191,14.75268],[-61.18205,14.75286],[-61.18241,14.75311],[-61.18257,14.75311],[-61.18279,14.75323],[-61.18307,14.75356],[-61.18316,14.75357],[-61.18364,14.754],[-61.18388,14.75418],[-61.18398,14.7543],[-61.18414,14.75429],[-61.18415,14.7544],[-61.18404,14.75452],[-61.1841,14.75476],[-61.18418,14.75492],[-61.18428,14.75529],[-61.18435,14.75563],[-61.18461,14.75638],[-61.18483,14.75683],[-61.18498,14.75708],[-61.18518,14.75727],[-61.18537,14.75755],[-61.18582,14.75792],[-61.18612,14.75804],[-61.18638,14.75837],[-61.18669,14.75861],[-61.18709,14.75885],[-61.18729,14.75903],[-61.18753,14.75922],[-61.18762,14.75926],[-61.1881,14.75955],[-61.18897,14.75993],[-61.1891,14.76006],[-61.18935,14.76023],[-61.18942,14.76031],[-61.18957,14.76039],[-61.18984,14.76065],[-61.19014,14.76084],[-61.1904,14.7611],[-61.19064,14.76126],[-61.19074,14.76142],[-61.19085,14.76153],[-61.1915,14.76209],[-61.19158,14.76225],[-61.1915,14.7624],[-61.19152,14.76261],[-61.1917,14.76302],[-61.19185,14.76319],[-61.19216,14.76343],[-61.19235,14.76348],[-61.19254,14.76357],[-61.19324,14.76377],[-61.19356,14.76384],[-61.19378,14.76392],[-61.19399,14.76396],[-61.19421,14.76405],[-61.1944,14.76409],[-61.19468,14.76388],[-61.19482,14.76391],[-61.1948,14.76402],[-61.19466,14.76415],[-61.19464,14.76425],[-61.19476,14.76454],[-61.19502,14.76481],[-61.19569,14.76537],[-61.19619,14.76575],[-61.19633,14.76587],[-61.19649,14.76608],[-61.19684,14.76631],[-61.197,14.76642],[-61.19729,14.76656],[-61.19747,14.76661],[-61.19772,14.76672],[-61.19785,14.76675],[-61.1981,14.76689],[-61.19827,14.76714],[-61.19847,14.76734],[-61.1986,14.76762],[-61.19867,14.76792],[-61.19887,14.7684],[-61.19897,14.76876],[-61.19905,14.76895],[-61.19906,14.76908],[-61.19913,14.76925],[-61.1992,14.7696],[-61.19932,14.76994],[-61.19941,14.77003],[-61.19963,14.77053],[-61.19976,14.77077],[-61.19996,14.77121],[-61.20005,14.77132],[-61.20017,14.77159],[-61.20035,14.77187],[-61.20039,14.77199],[-61.20047,14.77203],[-61.2007,14.77235],[-61.20086,14.77252],[-61.20119,14.77276],[-61.20139,14.77295],[-61.20159,14.7731],[-61.20179,14.77339],[-61.202,14.77366],[-61.20213,14.77376],[-61.20244,14.77405],[-61.20246,14.7742],[-61.20267,14.77434],[-61.20288,14.7744],[-61.20298,14.77437],[-61.20308,14.77452],[-61.20286,14.77459],[-61.20274,14.77468],[-61.20271,14.7748],[-61.2026,14.77494],[-61.20257,14.77513],[-61.20264,14.77553],[-61.20263,14.77583],[-61.20279,14.77646],[-61.20296,14.7768],[-61.20305,14.77705],[-61.20326,14.77744],[-61.20347,14.77777],[-61.20363,14.77797],[-61.20374,14.77805],[-61.20385,14.77822],[-61.20406,14.77848],[-61.20423,14.77866],[-61.20431,14.77887],[-61.20446,14.77909],[-61.20483,14.77953],[-61.20513,14.77981],[-61.20543,14.78002],[-61.20567,14.78015],[-61.2061,14.78032],[-61.20667,14.78052],[-61.2076,14.78092],[-61.20783,14.781],[-61.20856,14.78114],[-61.20869,14.78115],[-61.20919,14.78122],[-61.20954,14.78123],[-61.20972,14.78126],[-61.21027,14.7813],[-61.21073,14.78138],[-61.21138,14.78143],[-61.21164,14.78147],[-61.21223,14.78153],[-61.21254,14.7816],[-61.21298,14.78176],[-61.21314,14.78185],[-61.21346,14.78194],[-61.21383,14.782],[-61.21381,14.78233],[-61.2137,14.78256],[-61.21369,14.78266],[-61.21359,14.78289],[-61.21351,14.783],[-61.21337,14.78342],[-61.21325,14.78362],[-61.21303,14.78372],[-61.21297,14.78378],[-61.21301,14.78397],[-61.21286,14.78425],[-61.21288,14.78445],[-61.21279,14.78467],[-61.21258,14.7848],[-61.21243,14.78483],[-61.21232,14.78495],[-61.21232,14.78507],[-61.21217,14.78529],[-61.21198,14.78531],[-61.21168,14.78574],[-61.21156,14.78588],[-61.21148,14.78604],[-61.21122,14.78622],[-61.21118,14.78633],[-61.21102,14.7865],[-61.21094,14.78653],[-61.21086,14.78669],[-61.21084,14.78683],[-61.21073,14.78703],[-61.21072,14.78731],[-61.21084,14.78758],[-61.21091,14.78762],[-61.21092,14.78779],[-61.211,14.78801],[-61.2108,14.78845],[-61.21068,14.78856],[-61.21063,14.78869],[-61.21049,14.7888],[-61.21039,14.78895],[-61.21012,14.78896],[-61.21004,14.78892],[-61.20976,14.78901],[-61.20961,14.78914],[-61.20953,14.78929],[-61.20953,14.78958],[-61.20916,14.78992],[-61.20903,14.7901],[-61.209,14.79027],[-61.20888,14.7904],[-61.20889,14.79053],[-61.20882,14.79074],[-61.20884,14.79086],[-61.20873,14.79099],[-61.20871,14.79109],[-61.20862,14.79123],[-61.20837,14.79141],[-61.20831,14.79154],[-61.2082,14.79164],[-61.20816,14.79179],[-61.20808,14.79187],[-61.20806,14.79199],[-61.20809,14.79211],[-61.20788,14.7925],[-61.20766,14.79278],[-61.20754,14.79285],[-61.20723,14.79291],[-61.20707,14.79299],[-61.20699,14.79306],[-61.20667,14.79347],[-61.20649,14.79356],[-61.20626,14.79384],[-61.20609,14.7941],[-61.20594,14.79417],[-61.20577,14.7942],[-61.20544,14.79412],[-61.20507,14.79395],[-61.20471,14.79375],[-61.20454,14.79355],[-61.20447,14.79327],[-61.20438,14.79313],[-61.20418,14.79303],[-61.20358,14.79306],[-61.20329,14.79313],[-61.20298,14.79329],[-61.20276,14.79343],[-61.20249,14.79368],[-61.20202,14.79403],[-61.20179,14.79418],[-61.20145,14.79444],[-61.20134,14.79456],[-61.20111,14.79486],[-61.20101,14.79497],[-61.20054,14.79531],[-61.20019,14.7955],[-61.19987,14.79559],[-61.19977,14.79564],[-61.19944,14.79594],[-61.19931,14.79603],[-61.19906,14.79612],[-61.19878,14.79617],[-61.19844,14.7963],[-61.1981,14.79646],[-61.19718,14.797],[-61.19698,14.79709],[-61.19625,14.79736],[-61.19568,14.79755],[-61.195,14.79787],[-61.1949,14.79791],[-61.19469,14.79793],[-61.19433,14.79804],[-61.19416,14.79814],[-61.19397,14.79842],[-61.1938,14.79859],[-61.19317,14.79907],[-61.19302,14.79912],[-61.19285,14.79925],[-61.19278,14.7994],[-61.19241,14.79973],[-61.19225,14.7998],[-61.1919,14.79989],[-61.19136,14.80008],[-61.19102,14.80035],[-61.19073,14.8005],[-61.19035,14.80061],[-61.19019,14.80069],[-61.18982,14.80076],[-61.18965,14.80082],[-61.18929,14.80098],[-61.18889,14.80126],[-61.18862,14.80133],[-61.18841,14.80141],[-61.18803,14.80151],[-61.18766,14.80147],[-61.18743,14.80152],[-61.18726,14.80163],[-61.18677,14.802],[-61.18651,14.80214],[-61.18595,14.80226],[-61.18575,14.80222],[-61.18532,14.80228],[-61.18491,14.80244],[-61.18457,14.80263],[-61.18412,14.80267],[-61.18401,14.80279],[-61.18364,14.80304],[-61.18347,14.8031],[-61.18316,14.80334],[-61.18297,14.80354],[-61.18243,14.8039],[-61.18216,14.80394],[-61.18192,14.80403],[-61.18162,14.80399],[-61.18114,14.80419],[-61.18073,14.80445],[-61.18046,14.80476],[-61.18017,14.80519],[-61.18017,14.80532],[-61.179,14.80593],[-61.17866,14.80619],[-61.17847,14.80624],[-61.17808,14.80652],[-61.17773,14.80676],[-61.17719,14.80708],[-61.17666,14.80737],[-61.17648,14.80752],[-61.17602,14.80785],[-61.17538,14.80834],[-61.17515,14.80855],[-61.17475,14.80892],[-61.17442,14.80933],[-61.17434,14.80933],[-61.17417,14.80943],[-61.17392,14.8095],[-61.17369,14.80953],[-61.17343,14.80962],[-61.17317,14.80968],[-61.17252,14.80987],[-61.17247,14.8099],[-61.17215,14.80992],[-61.17209,14.80996],[-61.1716,14.80999],[-61.17147,14.81006],[-61.17134,14.81006],[-61.1705,14.81037],[-61.17012,14.81233],[-61.16991,14.81285],[-61.16976,14.81309],[-61.16984,14.8132],[-61.16985,14.81349],[-61.16979,14.81367],[-61.16965,14.81392],[-61.16957,14.81399],[-61.16942,14.81421],[-61.16922,14.81416],[-61.1691,14.81418],[-61.16881,14.81433],[-61.16859,14.81431],[-61.1684,14.8144],[-61.1683,14.81438],[-61.16819,14.81445],[-61.16799,14.81448],[-61.16766,14.81449],[-61.16753,14.81452],[-61.16678,14.81452],[-61.16639,14.8144],[-61.16617,14.81428],[-61.166,14.81427],[-61.16584,14.81419],[-61.16555,14.81414],[-61.16544,14.81408],[-61.16533,14.81394],[-61.16491,14.81365],[-61.16474,14.81361],[-61.16424,14.81308],[-61.16418,14.81285],[-61.16405,14.81265],[-61.16385,14.81248],[-61.16379,14.8124],[-61.16374,14.8122],[-61.1636,14.812],[-61.16345,14.81169],[-61.16339,14.81138],[-61.16329,14.81108],[-61.16312,14.81093],[-61.16295,14.81065],[-61.16274,14.81036],[-61.16264,14.81003],[-61.16261,14.80984],[-61.16245,14.80947],[-61.16233,14.80901],[-61.16233,14.80891],[-61.16244,14.80867],[-61.16255,14.80854],[-61.16261,14.80839],[-61.16175,14.80718],[-61.16032,14.808],[-61.16015,14.80804],[-61.15983,14.80815],[-61.15924,14.80816],[-61.15909,14.80808],[-61.15891,14.80802],[-61.15861,14.80803],[-61.15833,14.80796],[-61.15788,14.80793],[-61.15769,14.80796],[-61.15727,14.8079],[-61.15698,14.80746],[-61.15695,14.8072],[-61.15688,14.80712],[-61.15684,14.80698],[-61.15699,14.80675],[-61.15694,14.80653],[-61.15692,14.80628],[-61.15694,14.80608],[-61.15635,14.80577],[-61.15561,14.80657],[-61.15525,14.80658],[-61.15497,14.80652],[-61.15483,14.80643],[-61.15451,14.80635],[-61.15432,14.80613],[-61.15415,14.806],[-61.15405,14.80587],[-61.15396,14.80569],[-61.15378,14.80543],[-61.15093,14.80585],[-61.15091,14.80592],[-61.14994,14.80589],[-61.14965,14.80611],[-61.14946,14.80621],[-61.14925,14.80619],[-61.14876,14.80605],[-61.14858,14.80596],[-61.14843,14.80443],[-61.14836,14.80413],[-61.1483,14.80405],[-61.14823,14.80381],[-61.14813,14.80364],[-61.14797,14.80354],[-61.1479,14.8034],[-61.14785,14.80322],[-61.14785,14.80301],[-61.14778,14.80251],[-61.14772,14.80243],[-61.1476,14.80237],[-61.14758,14.8022],[-61.14765,14.80205],[-61.14764,14.80178],[-61.14717,14.80168],[-61.14704,14.80159],[-61.14699,14.80144],[-61.14704,14.80098],[-61.14706,14.80061],[-61.14699,14.80049],[-61.14678,14.80037],[-61.14664,14.80032],[-61.14655,14.80019],[-61.14655,14.7999],[-61.14661,14.79956],[-61.14659,14.79944],[-61.14641,14.79916],[-61.14635,14.79898],[-61.14627,14.79859],[-61.14633,14.79842],[-61.14654,14.79815],[-61.14664,14.79798],[-61.14664,14.7978],[-61.1466,14.79761],[-61.14652,14.79742],[-61.14645,14.79716],[-61.14627,14.7968],[-61.14607,14.79658],[-61.14592,14.79651],[-61.1457,14.79646],[-61.14561,14.79621],[-61.14552,14.79602],[-61.14549,14.79578],[-61.14548,14.79556],[-61.14552,14.79544],[-61.14547,14.79525],[-61.14546,14.79506],[-61.1456,14.79457],[-61.14559,14.79451],[-61.14541,14.79428],[-61.14527,14.79418],[-61.14516,14.79396],[-61.14497,14.79369],[-61.14457,14.79331],[-61.14451,14.79311],[-61.14459,14.79276],[-61.14489,14.79225],[-61.1449,14.79208],[-61.14485,14.79197],[-61.14465,14.79175],[-61.14458,14.79162],[-61.14463,14.79144],[-61.14488,14.79126],[-61.14501,14.79111],[-61.14506,14.79098],[-61.14508,14.79071],[-61.14514,14.79042],[-61.14515,14.79022],[-61.14539,14.78984],[-61.14549,14.78954],[-61.14559,14.78936],[-61.14565,14.78918],[-61.14566,14.7889],[-61.14565,14.7887],[-61.14566,14.78839],[-61.14573,14.78809],[-61.14582,14.7879],[-61.14593,14.78751],[-61.14592,14.78712],[-61.14578,14.78638],[-61.14576,14.78613],[-61.1458,14.78582],[-61.14568,14.78561],[-61.14539,14.78529],[-61.14536,14.78511],[-61.1454,14.78504],[-61.14565,14.78486],[-61.14574,14.78474],[-61.14574,14.78452],[-61.14566,14.78443],[-61.14542,14.7843],[-61.1453,14.78401],[-61.14537,14.78383],[-61.14569,14.78349],[-61.14576,14.78335],[-61.14589,14.78289],[-61.14594,14.7826],[-61.14614,14.78239],[-61.14632,14.78215],[-61.14637,14.78184],[-61.14631,14.7815],[-61.14638,14.78116],[-61.14634,14.78103],[-61.14606,14.78073],[-61.14597,14.78055],[-61.14592,14.78034],[-61.14601,14.78011],[-61.14618,14.77994],[-61.14626,14.77993],[-61.1465,14.78001],[-61.14668,14.78003],[-61.14688,14.77997],[-61.14723,14.77972],[-61.1476,14.77935],[-61.1478,14.7792],[-61.1481,14.77907],[-61.14824,14.77906],[-61.14838,14.779],[-61.14858,14.77895],[-61.14891,14.77874],[-61.14899,14.77849],[-61.14908,14.7784],[-61.14914,14.7782],[-61.14906,14.77802],[-61.14897,14.77793],[-61.14857,14.77779],[-61.14848,14.77769],[-61.14846,14.77756],[-61.14859,14.77722],[-61.14862,14.77709],[-61.14852,14.77675],[-61.14852,14.77658],[-61.14864,14.77638],[-61.14892,14.77624],[-61.14909,14.77624],[-61.14927,14.77629],[-61.14941,14.77623],[-61.14951,14.77607],[-61.14977,14.77586],[-61.14986,14.77556],[-61.14997,14.77541],[-61.15013,14.77533],[-61.15033,14.7753],[-61.15052,14.77537],[-61.15071,14.77547],[-61.15095,14.77554],[-61.15106,14.77552],[-61.15134,14.77535],[-61.15159,14.77504],[-61.15169,14.77477],[-61.15172,14.77458],[-61.15183,14.77439],[-61.15197,14.77408],[-61.15204,14.77399],[-61.15224,14.77359],[-61.15244,14.77332],[-61.1527,14.77319],[-61.15291,14.77316],[-61.1531,14.77317],[-61.15326,14.7731],[-61.15335,14.77286],[-61.15355,14.77277],[-61.1538,14.77285],[-61.15415,14.77309],[-61.15432,14.77317],[-61.15449,14.77313],[-61.15462,14.77303],[-61.15479,14.77278],[-61.15475,14.77202],[-61.1547,14.7718],[-61.1547,14.77141],[-61.15475,14.77106],[-61.15465,14.77073],[-61.15461,14.77051],[-61.15465,14.77036],[-61.15489,14.76982],[-61.15485,14.76971],[-61.15472,14.76962],[-61.1545,14.76953],[-61.15433,14.76934],[-61.15425,14.76918],[-61.15431,14.76893],[-61.15436,14.76861],[-61.15452,14.76813],[-61.15462,14.76787],[-61.15496,14.76783],[-61.15502,14.76778],[-61.15518,14.76733],[-61.15542,14.76689],[-61.15563,14.76678],[-61.15603,14.76675],[-61.15638,14.76675],[-61.15669,14.7668],[-61.15699,14.76678],[-61.15727,14.7666],[-61.15738,14.76649],[-61.15751,14.76629],[-61.15758,14.76612],[-61.15761,14.76567],[-61.1576,14.76553],[-61.15762,14.76527],[-61.1577,14.76502],[-61.15779,14.76491],[-61.15725,14.76394],[-61.15772,14.76371],[-61.15766,14.76353],[-61.15778,14.76337],[-61.15794,14.76302],[-61.15799,14.76283],[-61.15806,14.76184],[-61.15816,14.7615],[-61.15821,14.76125],[-61.15837,14.76077],[-61.15844,14.76039],[-61.1584,14.7603],[-61.15854,14.7601],[-61.15786,14.75831],[-61.15777,14.75807],[-61.15762,14.75804],[-61.15731,14.75786],[-61.15723,14.75783],[-61.15689,14.75786],[-61.15671,14.75781],[-61.15645,14.75781],[-61.15635,14.75783],[-61.15615,14.75801],[-61.1559,14.75805],[-61.15557,14.758],[-61.15542,14.7579],[-61.15524,14.75772],[-61.1551,14.75729],[-61.15494,14.75709],[-61.15451,14.75679],[-61.15433,14.75672],[-61.15417,14.75676],[-61.15392,14.75671],[-61.15374,14.75662],[-61.15362,14.7564],[-61.15352,14.7564],[-61.15316,14.75657],[-61.15302,14.75659],[-61.15284,14.75684],[-61.15289,14.75699],[-61.15286,14.75723],[-61.15278,14.75741],[-61.15261,14.75758],[-61.15239,14.7576],[-61.15221,14.75755],[-61.15189,14.75741],[-61.15169,14.75736],[-61.15147,14.75724],[-61.1513,14.7572],[-61.15107,14.75726],[-61.15083,14.75752],[-61.15062,14.7576],[-61.15046,14.75757],[-61.15026,14.75743],[-61.15016,14.75746],[-61.15011,14.75756],[-61.1501,14.75768],[-61.15018,14.75788],[-61.15019,14.7581],[-61.15026,14.75839],[-61.15039,14.75857],[-61.15058,14.75877],[-61.15072,14.75901],[-61.15081,14.75922],[-61.15083,14.75933],[-61.15077,14.75942],[-61.15059,14.75943],[-61.1505,14.75947],[-61.1504,14.75966],[-61.15011,14.75992],[-61.15,14.76004],[-61.1499,14.76033],[-61.15,14.76046],[-61.15002,14.76059],[-61.14995,14.7607],[-61.14982,14.76074],[-61.14966,14.76063],[-61.14949,14.76035],[-61.14937,14.76022],[-61.14896,14.75994],[-61.14894,14.75981],[-61.14914,14.75947],[-61.14921,14.75925],[-61.14918,14.7591],[-61.14904,14.759],[-61.14871,14.75889],[-61.14856,14.75879],[-61.14838,14.75852],[-61.14795,14.75824],[-61.14784,14.75811],[-61.14777,14.75792],[-61.14777,14.75771],[-61.14768,14.75719],[-61.14765,14.75681],[-61.14756,14.7567],[-61.14735,14.75667],[-61.14718,14.75671],[-61.1469,14.75672],[-61.14665,14.75661],[-61.14661,14.75654],[-61.14662,14.75637],[-61.14677,14.75592],[-61.14678,14.75579],[-61.14669,14.7556],[-61.14654,14.75553],[-61.14632,14.75552],[-61.14619,14.75537],[-61.14615,14.75511],[-61.14605,14.75494],[-61.14606,14.75469],[-61.14598,14.75457],[-61.1457,14.75444],[-61.14551,14.75442],[-61.14532,14.75449],[-61.14517,14.7545],[-61.14507,14.75444],[-61.1449,14.75428],[-61.14474,14.75426],[-61.14442,14.75431],[-61.14428,14.75428],[-61.14412,14.75419],[-61.14398,14.75427],[-61.14389,14.75428],[-61.14351,14.7541],[-61.14337,14.75396],[-61.14334,14.75372],[-61.14315,14.75345],[-61.14299,14.75338],[-61.14278,14.75338],[-61.14248,14.75323],[-61.14229,14.75306],[-61.14194,14.75286],[-61.14182,14.7527],[-61.14181,14.75257],[-61.14165,14.75249],[-61.14139,14.75256],[-61.14131,14.75252],[-61.14123,14.75237],[-61.14124,14.75221],[-61.14131,14.75201],[-61.14115,14.75188],[-61.14095,14.75188],[-61.14068,14.75192],[-61.14057,14.75188],[-61.1406,14.75178],[-61.14081,14.75158],[-61.14077,14.75141],[-61.14011,14.75134],[-61.14003,14.75123],[-61.13998,14.7511],[-61.14004,14.75079],[-61.13992,14.75052],[-61.13963,14.75031],[-61.13927,14.74994],[-61.13909,14.74968],[-61.1388,14.7495],[-61.13876,14.74937],[-61.13883,14.74909],[-61.13872,14.74894],[-61.1385,14.7488],[-61.13824,14.74897],[-61.138,14.74902],[-61.13788,14.749],[-61.13781,14.74891],[-61.1378,14.74874],[-61.13764,14.7486],[-61.13749,14.74857],[-61.13731,14.74857],[-61.13711,14.74861],[-61.1369,14.74854],[-61.13652,14.74816],[-61.13612,14.74804],[-61.1353,14.74773],[-61.13497,14.74757],[-61.13495,14.74751],[-61.13441,14.74728],[-61.13414,14.74706],[-61.13378,14.74682],[-61.13348,14.7467],[-61.13338,14.74669],[-61.13326,14.74642]]]}},{"type":"Feature","properties":{"nom":"Sainte-Anne","code":"97226"},"geometry":{"type":"MultiPolygon","coordinates":[[[[-60.86872,14.39163],[-60.8685,14.39188],[-60.86841,14.39209],[-60.86839,14.39241],[-60.86835,14.3925],[-60.86818,14.39265],[-60.86795,14.39276],[-60.86781,14.39275],[-60.86751,14.39259],[-60.86727,14.39238],[-60.86719,14.39221],[-60.8671,14.39189],[-60.86705,14.39146],[-60.86695,14.39109],[-60.8669,14.39065],[-60.86684,14.39033],[-60.86682,14.3901],[-60.86673,14.38987],[-60.86668,14.38955],[-60.86675,14.38937],[-60.86676,14.38916],[-60.86682,14.38903],[-60.86694,14.38886],[-60.86716,14.38868],[-60.86734,14.38865],[-60.86751,14.38868],[-60.86769,14.38884],[-60.86785,14.38907],[-60.86819,14.38964],[-60.86843,14.38997],[-60.86869,14.39038],[-60.86881,14.3907],[-60.86885,14.39118],[-60.86882,14.39142],[-60.86872,14.39163]]],[[[-60.86192,14.39274],[-60.86175,14.393],[-60.86172,14.39292],[-60.8616,14.39283],[-60.8616,14.39258],[-60.86175,14.39215],[-60.86187,14.3921],[-60.86192,14.39214],[-60.86202,14.39244],[-60.86202,14.39259],[-60.86192,14.39274]]],[[[-60.85509,14.39869],[-60.855,14.39855],[-60.85514,14.39853],[-60.85522,14.39861],[-60.85509,14.39869]]],[[[-60.83378,14.41342],[-60.83365,14.41362],[-60.83357,14.41369],[-60.83344,14.41366],[-60.83334,14.41355],[-60.83324,14.41326],[-60.83331,14.41307],[-60.8334,14.41297],[-60.83354,14.41291],[-60.83377,14.41292],[-60.83388,14.41302],[-60.83396,14.41317],[-60.83392,14.41327],[-60.83378,14.41342]]],[[[-60.83956,14.41732],[-60.83941,14.41736],[-60.83938,14.41706],[-60.8394,14.41684],[-60.83955,14.4167],[-60.83974,14.41678],[-60.83977,14.41695],[-60.83965,14.41714],[-60.83956,14.41732]]],[[[-60.84812,14.42017],[-60.84769,14.41991],[-60.84759,14.41981],[-60.8477,14.41975],[-60.84803,14.41999],[-60.84828,14.42015],[-60.84824,14.42023],[-60.84812,14.42017]]],[[[-60.84866,14.42051],[-60.8484,14.42035],[-60.84845,14.42027],[-60.84862,14.42027],[-60.84881,14.42035],[-60.84881,14.42058],[-60.84866,14.42051]]],[[[-60.84719,14.42113],[-60.84715,14.42103],[-60.84727,14.42091],[-60.84736,14.42099],[-60.84726,14.42114],[-60.84719,14.42113]]],[[[-60.84737,14.42244],[-60.84725,14.42239],[-60.84717,14.42192],[-60.84721,14.42166],[-60.84729,14.42159],[-60.84742,14.42159],[-60.84757,14.42183],[-60.84761,14.42193],[-60.84762,14.42214],[-60.8476,14.42223],[-60.84746,14.42239],[-60.84737,14.42244]]],[[[-60.82448,14.47133],[-60.82433,14.47124],[-60.82397,14.47114],[-60.82369,14.47114],[-60.82353,14.47109],[-60.82324,14.47092],[-60.82291,14.47082],[-60.82259,14.47077],[-60.82237,14.47066],[-60.8223,14.47049],[-60.8222,14.47041],[-60.82191,14.47061],[-60.82184,14.4707],[-60.82158,14.4707],[-60.82139,14.47058],[-60.82124,14.47062],[-60.82114,14.47059],[-60.82085,14.47063],[-60.82063,14.47069],[-60.82037,14.47063],[-60.82027,14.47056],[-60.82011,14.47039],[-60.82008,14.47025],[-60.81988,14.46991],[-60.81968,14.46971],[-60.81947,14.46962],[-60.81936,14.46987],[-60.81926,14.4699],[-60.81924,14.47],[-60.819,14.47004],[-60.81878,14.47016],[-60.81865,14.4703],[-60.81844,14.47039],[-60.81838,14.4702],[-60.81837,14.47009],[-60.81843,14.46986],[-60.81841,14.46961],[-60.81849,14.4695],[-60.81859,14.46947],[-60.81867,14.46912],[-60.81864,14.4689],[-60.81868,14.46868],[-60.81854,14.4684],[-60.8184,14.46837],[-60.81833,14.46823],[-60.81847,14.46814],[-60.81851,14.46806],[-60.81849,14.4678],[-60.81867,14.46772],[-60.81883,14.46772],[-60.8189,14.46767],[-60.81894,14.46754],[-60.81894,14.46736],[-60.81875,14.46688],[-60.8185,14.46648],[-60.81832,14.46635],[-60.81817,14.46653],[-60.81808,14.46657],[-60.81791,14.46652],[-60.81784,14.46639],[-60.81767,14.46622],[-60.81759,14.46605],[-60.81734,14.46596],[-60.81719,14.46604],[-60.81705,14.466],[-60.81705,14.46591],[-60.81673,14.46553],[-60.81652,14.46516],[-60.81639,14.46478],[-60.81635,14.46459],[-60.8162,14.46427],[-60.81587,14.46386],[-60.81571,14.46363],[-60.81561,14.46343],[-60.81547,14.46307],[-60.81521,14.46254],[-60.81484,14.46144],[-60.81462,14.46104],[-60.81447,14.46091],[-60.8142,14.46056],[-60.81405,14.46042],[-60.81375,14.46027],[-60.81336,14.46016],[-60.81309,14.46013],[-60.81282,14.46024],[-60.81256,14.46031],[-60.81214,14.4603],[-60.81161,14.46021],[-60.81088,14.46013],[-60.81072,14.46017],[-60.81059,14.46025],[-60.81029,14.46032],[-60.81002,14.46036],[-60.8098,14.46029],[-60.80969,14.46012],[-60.80965,14.45998],[-60.8097,14.45981],[-60.80988,14.45972],[-60.81008,14.45974],[-60.8102,14.45969],[-60.81009,14.45955],[-60.81023,14.45945],[-60.81037,14.45956],[-60.81061,14.45953],[-60.81073,14.45946],[-60.81082,14.45936],[-60.81098,14.45933],[-60.81143,14.45952],[-60.81168,14.45958],[-60.81196,14.45955],[-60.81234,14.4596],[-60.81302,14.4598],[-60.81332,14.45987],[-60.81368,14.45999],[-60.81386,14.46007],[-60.81442,14.46027],[-60.81487,14.46049],[-60.81517,14.46053],[-60.81536,14.46052],[-60.81572,14.46041],[-60.8159,14.46032],[-60.81611,14.46011],[-60.81616,14.45988],[-60.8161,14.45958],[-60.81603,14.45948],[-60.81565,14.45918],[-60.81557,14.45891],[-60.81559,14.45876],[-60.81574,14.45853],[-60.81588,14.45839],[-60.81604,14.45819],[-60.81618,14.45815],[-60.81644,14.45828],[-60.81653,14.45841],[-60.81685,14.45868],[-60.8171,14.45884],[-60.81728,14.45889],[-60.81746,14.45887],[-60.81773,14.4587],[-60.8179,14.4587],[-60.81806,14.45863],[-60.81834,14.4586],[-60.81849,14.45861],[-60.8187,14.45844],[-60.81898,14.45818],[-60.81936,14.45776],[-60.81956,14.45762],[-60.81997,14.45741],[-60.82029,14.45716],[-60.82043,14.45701],[-60.82049,14.45674],[-60.82057,14.45658],[-60.82078,14.45645],[-60.82085,14.45633],[-60.82093,14.45627],[-60.82128,14.45616],[-60.8214,14.45607],[-60.82165,14.45576],[-60.82186,14.45533],[-60.82195,14.45504],[-60.822,14.45439],[-60.822,14.45416],[-60.82196,14.45401],[-60.82181,14.45397],[-60.82164,14.45388],[-60.82155,14.45375],[-60.82157,14.45365],[-60.82167,14.45358],[-60.82171,14.45345],[-60.82179,14.45333],[-60.82178,14.45306],[-60.82182,14.45289],[-60.82205,14.45275],[-60.82234,14.45272],[-60.82273,14.45262],[-60.82281,14.45264],[-60.82308,14.45257],[-60.82326,14.45256],[-60.82338,14.4526],[-60.82369,14.45255],[-60.82376,14.45247],[-60.82391,14.4522],[-60.82396,14.45206],[-60.82404,14.45162],[-60.82405,14.45126],[-60.82403,14.45063],[-60.82393,14.4504],[-60.82381,14.45029],[-60.82377,14.45018],[-60.82384,14.45008],[-60.82388,14.44974],[-60.824,14.44944],[-60.82404,14.44925],[-60.82406,14.44904],[-60.82399,14.44886],[-60.82373,14.44843],[-60.82347,14.44819],[-60.82307,14.44768],[-60.82281,14.44739],[-60.82267,14.44707],[-60.82261,14.44685],[-60.82263,14.44646],[-60.8227,14.4462],[-60.82281,14.44603],[-60.82292,14.44573],[-60.82298,14.44563],[-60.82318,14.44543],[-60.82329,14.44521],[-60.82344,14.44517],[-60.8236,14.44507],[-60.82373,14.44493],[-60.82405,14.44441],[-60.82416,14.44418],[-60.82425,14.44391],[-60.8244,14.44338],[-60.82443,14.44332],[-60.82454,14.44291],[-60.82455,14.44282],[-60.82464,14.44257],[-60.82478,14.4423],[-60.82474,14.44214],[-60.82484,14.44203],[-60.82493,14.44164],[-60.82493,14.44124],[-60.82485,14.44087],[-60.82464,14.44033],[-60.8245,14.44032],[-60.82445,14.44022],[-60.82466,14.43997],[-60.82479,14.43989],[-60.82511,14.43973],[-60.82521,14.43962],[-60.82527,14.43919],[-60.82558,14.43837],[-60.82575,14.43785],[-60.82579,14.43762],[-60.82582,14.4373],[-60.82608,14.4367],[-60.82615,14.43645],[-60.8263,14.43616],[-60.82671,14.43567],[-60.82681,14.43536],[-60.82698,14.43526],[-60.8272,14.43529],[-60.8275,14.43526],[-60.82781,14.43526],[-60.8279,14.43519],[-60.82812,14.43511],[-60.82825,14.43511],[-60.82871,14.43468],[-60.82893,14.43459],[-60.82903,14.43461],[-60.82912,14.43475],[-60.82911,14.43511],[-60.82906,14.43524],[-60.82908,14.43542],[-60.82906,14.43559],[-60.82898,14.43569],[-60.82881,14.43571],[-60.82881,14.43581],[-60.82898,14.43577],[-60.82905,14.4357],[-60.82917,14.43569],[-60.82918,14.43584],[-60.82908,14.43588],[-60.82905,14.43606],[-60.82931,14.43596],[-60.82941,14.43578],[-60.82964,14.43564],[-60.82982,14.43557],[-60.82988,14.43573],[-60.82977,14.43607],[-60.82965,14.43622],[-60.82975,14.43626],[-60.82987,14.436],[-60.83004,14.43574],[-60.83012,14.4357],[-60.83018,14.43553],[-60.83012,14.43536],[-60.83023,14.43515],[-60.83027,14.43498],[-60.83047,14.43489],[-60.83063,14.43496],[-60.83071,14.43495],[-60.83087,14.43478],[-60.83107,14.43467],[-60.83112,14.43457],[-60.83129,14.43446],[-60.83132,14.43423],[-60.83127,14.43411],[-60.83138,14.43394],[-60.8314,14.43374],[-60.83158,14.4334],[-60.83169,14.43335],[-60.8319,14.43334],[-60.83217,14.43328],[-60.83245,14.43332],[-60.83257,14.4334],[-60.83264,14.43352],[-60.8327,14.43384],[-60.83261,14.43408],[-60.83274,14.43417],[-60.833,14.43411],[-60.83317,14.43414],[-60.83359,14.43407],[-60.8338,14.4341],[-60.83405,14.43421],[-60.8342,14.43434],[-60.83453,14.43467],[-60.83476,14.43499],[-60.83488,14.43507],[-60.8347,14.43448],[-60.83473,14.43421],[-60.83466,14.43399],[-60.83469,14.43364],[-60.83464,14.43349],[-60.83467,14.43344],[-60.83455,14.43303],[-60.83451,14.43283],[-60.8344,14.43266],[-60.83439,14.43242],[-60.83427,14.43219],[-60.83424,14.43203],[-60.83409,14.43199],[-60.83401,14.43191],[-60.83416,14.43171],[-60.83411,14.43154],[-60.83415,14.43131],[-60.83407,14.43104],[-60.83398,14.43089],[-60.83384,14.43085],[-60.83367,14.43046],[-60.83352,14.43034],[-60.83339,14.43033],[-60.83321,14.43026],[-60.83303,14.43009],[-60.83273,14.42978],[-60.83268,14.42968],[-60.83274,14.42951],[-60.83283,14.42892],[-60.83292,14.42871],[-60.83307,14.42856],[-60.83318,14.4283],[-60.83342,14.4282],[-60.83362,14.42809],[-60.83385,14.42788],[-60.83395,14.42773],[-60.83405,14.42748],[-60.83397,14.42729],[-60.83391,14.42724],[-60.83391,14.42711],[-60.8338,14.42702],[-60.83384,14.42696],[-60.83416,14.42688],[-60.83426,14.4269],[-60.83443,14.42701],[-60.83452,14.42702],[-60.83466,14.42694],[-60.83481,14.4269],[-60.83499,14.427],[-60.83513,14.42703],[-60.83526,14.42693],[-60.83534,14.42676],[-60.83548,14.42667],[-60.83557,14.42646],[-60.83563,14.42611],[-60.83558,14.42555],[-60.83551,14.42529],[-60.83547,14.42526],[-60.83513,14.42528],[-60.83482,14.42522],[-60.8346,14.42523],[-60.83426,14.42516],[-60.83411,14.42508],[-60.83409,14.42502],[-60.83416,14.42485],[-60.83418,14.42469],[-60.83423,14.42458],[-60.83418,14.42446],[-60.83423,14.4243],[-60.83443,14.42406],[-60.83458,14.42389],[-60.83485,14.42368],[-60.83518,14.42339],[-60.83548,14.42327],[-60.83575,14.42323],[-60.83602,14.4232],[-60.83641,14.4231],[-60.83725,14.4229],[-60.83743,14.4229],[-60.83771,14.42279],[-60.83787,14.42275],[-60.83822,14.42272],[-60.83834,14.42273],[-60.83859,14.42268],[-60.83872,14.42258],[-60.83914,14.42229],[-60.83929,14.42223],[-60.83953,14.42225],[-60.84008,14.42235],[-60.84036,14.42245],[-60.84055,14.42242],[-60.84073,14.42235],[-60.84085,14.42235],[-60.84105,14.42247],[-60.8412,14.42261],[-60.84173,14.42289],[-60.84194,14.42313],[-60.842,14.42314],[-60.84228,14.42338],[-60.84236,14.42349],[-60.8423,14.42356],[-60.84221,14.42354],[-60.84206,14.42336],[-60.84177,14.42332],[-60.8416,14.42334],[-60.84146,14.42328],[-60.8413,14.42306],[-60.84096,14.4228],[-60.84064,14.42302],[-60.84034,14.42317],[-60.84021,14.42315],[-60.84008,14.42301],[-60.83993,14.42278],[-60.83978,14.42266],[-60.83962,14.42262],[-60.83941,14.42271],[-60.83926,14.42284],[-60.83927,14.42289],[-60.83948,14.42301],[-60.83951,14.42307],[-60.83948,14.42328],[-60.83956,14.42352],[-60.83976,14.42378],[-60.83989,14.42397],[-60.84018,14.42453],[-60.84026,14.42466],[-60.84031,14.42481],[-60.8403,14.42501],[-60.84016,14.42546],[-60.84001,14.4258],[-60.83995,14.42585],[-60.83978,14.42588],[-60.83959,14.42602],[-60.83925,14.4261],[-60.83905,14.42611],[-60.83886,14.42616],[-60.83868,14.42617],[-60.83848,14.42615],[-60.83831,14.42618],[-60.83796,14.4262],[-60.83776,14.42625],[-60.83755,14.42639],[-60.83754,14.42665],[-60.8376,14.42691],[-60.83773,14.42712],[-60.83807,14.42734],[-60.83836,14.42742],[-60.83851,14.42751],[-60.83888,14.42764],[-60.83911,14.42786],[-60.83948,14.42819],[-60.83966,14.42839],[-60.83973,14.42857],[-60.83999,14.42905],[-60.8402,14.42958],[-60.84029,14.42978],[-60.84033,14.4302],[-60.84029,14.43047],[-60.8405,14.43048],[-60.8406,14.43054],[-60.84074,14.43055],[-60.84109,14.43043],[-60.84123,14.43045],[-60.84152,14.43045],[-60.84169,14.43048],[-60.84263,14.43093],[-60.84274,14.43109],[-60.84278,14.43137],[-60.84273,14.43159],[-60.8428,14.43174],[-60.84297,14.43181],[-60.84304,14.43192],[-60.84305,14.4321],[-60.84301,14.43221],[-60.84288,14.43231],[-60.8427,14.43237],[-60.84259,14.43248],[-60.84246,14.43256],[-60.84237,14.43274],[-60.8424,14.43301],[-60.84221,14.43319],[-60.84227,14.43326],[-60.84249,14.43307],[-60.84253,14.43299],[-60.84283,14.43284],[-60.84304,14.43264],[-60.84336,14.43243],[-60.84362,14.43233],[-60.84386,14.43228],[-60.84408,14.4323],[-60.84426,14.4324],[-60.84479,14.43261],[-60.84496,14.43274],[-60.84504,14.43276],[-60.84528,14.43309],[-60.84533,14.4332],[-60.84539,14.43372],[-60.84557,14.4338],[-60.84565,14.4339],[-60.84567,14.43409],[-60.84582,14.43427],[-60.84604,14.43445],[-60.84622,14.43465],[-60.84634,14.43473],[-60.8467,14.43489],[-60.84696,14.43502],[-60.84707,14.43517],[-60.84736,14.43522],[-60.84746,14.43528],[-60.84777,14.43565],[-60.84805,14.43603],[-60.84812,14.43608],[-60.84832,14.43612],[-60.84855,14.4362],[-60.84877,14.43643],[-60.849,14.43651],[-60.84948,14.43653],[-60.8497,14.43652],[-60.85004,14.43669],[-60.85017,14.43667],[-60.84954,14.43633],[-60.84944,14.43624],[-60.84909,14.43585],[-60.8489,14.4357],[-60.84857,14.43561],[-60.84841,14.43559],[-60.84822,14.43554],[-60.84788,14.43537],[-60.84774,14.43523],[-60.84761,14.43515],[-60.847,14.43495],[-60.84682,14.43482],[-60.84669,14.43467],[-60.84661,14.43452],[-60.84667,14.43446],[-60.8469,14.43459],[-60.84698,14.43459],[-60.84736,14.43433],[-60.84776,14.43429],[-60.84789,14.43415],[-60.84811,14.43417],[-60.84823,14.43426],[-60.84827,14.43441],[-60.84844,14.43467],[-60.84864,14.43483],[-60.8485,14.43492],[-60.84852,14.435],[-60.84863,14.43508],[-60.84856,14.43517],[-60.84906,14.43546],[-60.84924,14.43558],[-60.84948,14.4358],[-60.84958,14.43584],[-60.84965,14.43576],[-60.84976,14.43586],[-60.84983,14.43584],[-60.84971,14.43563],[-60.84963,14.43554],[-60.84958,14.43539],[-60.84979,14.4353],[-60.84963,14.43519],[-60.84958,14.43508],[-60.84974,14.43504],[-60.84953,14.43464],[-60.84938,14.43453],[-60.84925,14.43437],[-60.84923,14.43422],[-60.84913,14.43399],[-60.84906,14.43397],[-60.84904,14.43366],[-60.84909,14.43348],[-60.84921,14.43329],[-60.8491,14.43318],[-60.84878,14.43322],[-60.84869,14.43315],[-60.84863,14.43304],[-60.84845,14.43301],[-60.84836,14.43293],[-60.84842,14.43279],[-60.84865,14.43273],[-60.84867,14.43266],[-60.84836,14.4323],[-60.84815,14.43234],[-60.84803,14.43228],[-60.84807,14.43214],[-60.84823,14.43206],[-60.84806,14.43159],[-60.8481,14.43151],[-60.84804,14.43135],[-60.84813,14.43125],[-60.84802,14.43116],[-60.84803,14.4311],[-60.84818,14.431],[-60.84815,14.43094],[-60.84815,14.4307],[-60.84794,14.43055],[-60.84767,14.4305],[-60.84749,14.43053],[-60.84746,14.43043],[-60.84738,14.4304],[-60.84734,14.43026],[-60.84717,14.42997],[-60.84733,14.42984],[-60.84781,14.42965],[-60.84791,14.42957],[-60.84785,14.4294],[-60.84793,14.42916],[-60.8481,14.42893],[-60.84827,14.4288],[-60.84842,14.42863],[-60.84848,14.42863],[-60.84865,14.42852],[-60.84864,14.42831],[-60.84855,14.42822],[-60.84839,14.42819],[-60.84825,14.42823],[-60.84779,14.42828],[-60.8478,14.4282],[-60.84805,14.42805],[-60.8482,14.42802],[-60.8483,14.4279],[-60.84843,14.42792],[-60.84873,14.42784],[-60.84891,14.42774],[-60.84911,14.42766],[-60.84936,14.42746],[-60.84944,14.42729],[-60.84934,14.42688],[-60.84934,14.42667],[-60.8492,14.42652],[-60.84918,14.42628],[-60.84933,14.42605],[-60.84922,14.42601],[-60.84927,14.42587],[-60.84926,14.42571],[-60.84931,14.42537],[-60.84918,14.42517],[-60.84903,14.42478],[-60.84902,14.42458],[-60.84904,14.42449],[-60.84919,14.42423],[-60.84921,14.42404],[-60.8493,14.42374],[-60.84942,14.42347],[-60.84941,14.42332],[-60.8495,14.42321],[-60.84958,14.42303],[-60.8498,14.42273],[-60.85005,14.42254],[-60.85016,14.42238],[-60.85015,14.42185],[-60.85008,14.42174],[-60.84982,14.42179],[-60.84966,14.42166],[-60.84943,14.42157],[-60.84908,14.42152],[-60.84875,14.42142],[-60.84855,14.42133],[-60.84825,14.4211],[-60.84865,14.42085],[-60.84884,14.42084],[-60.84897,14.4208],[-60.8495,14.42104],[-60.84973,14.42109],[-60.84983,14.42106],[-60.84998,14.42094],[-60.84992,14.42064],[-60.84999,14.42046],[-60.85025,14.42036],[-60.85029,14.42029],[-60.85019,14.42004],[-60.85022,14.41988],[-60.85027,14.41983],[-60.85056,14.41971],[-60.85075,14.41957],[-60.85081,14.41944],[-60.85077,14.4193],[-60.85068,14.41917],[-60.85058,14.41913],[-60.85032,14.41934],[-60.85025,14.41956],[-60.85006,14.41971],[-60.84982,14.41972],[-60.84975,14.41961],[-60.84973,14.41934],[-60.84969,14.41917],[-60.8496,14.41907],[-60.84932,14.4191],[-60.84902,14.41915],[-60.84885,14.41924],[-60.84868,14.41925],[-60.84859,14.41914],[-60.84817,14.41895],[-60.84764,14.41888],[-60.84736,14.4189],[-60.84711,14.41901],[-60.84692,14.41906],[-60.84669,14.41906],[-60.84632,14.4191],[-60.84619,14.41913],[-60.846,14.41923],[-60.84568,14.41953],[-60.84553,14.41979],[-60.84534,14.42001],[-60.84526,14.42024],[-60.84489,14.42061],[-60.84453,14.42099],[-60.84445,14.42105],[-60.84425,14.42107],[-60.84404,14.42101],[-60.84385,14.42091],[-60.84357,14.42073],[-60.84323,14.42053],[-60.84314,14.42044],[-60.84318,14.42032],[-60.84342,14.42003],[-60.84369,14.41959],[-60.84379,14.4193],[-60.84399,14.41895],[-60.84414,14.41882],[-60.84431,14.41871],[-60.84439,14.41859],[-60.84437,14.41842],[-60.84439,14.4181],[-60.84443,14.41778],[-60.8445,14.41746],[-60.84465,14.41709],[-60.84474,14.41694],[-60.84494,14.41675],[-60.84528,14.41656],[-60.84545,14.41642],[-60.84553,14.41617],[-60.84552,14.41588],[-60.84558,14.4157],[-60.84572,14.41555],[-60.84599,14.41551],[-60.84611,14.41543],[-60.84615,14.41523],[-60.84643,14.41502],[-60.84664,14.41479],[-60.84707,14.41443],[-60.84725,14.41433],[-60.84743,14.41429],[-60.84751,14.41421],[-60.84752,14.41405],[-60.84782,14.41417],[-60.84813,14.41441],[-60.84836,14.41454],[-60.84859,14.41463],[-60.84873,14.41474],[-60.84902,14.41476],[-60.84919,14.4145],[-60.84941,14.41441],[-60.84967,14.41445],[-60.85,14.41462],[-60.85023,14.41484],[-60.85042,14.41526],[-60.85041,14.41545],[-60.85049,14.41556],[-60.85049,14.41574],[-60.85046,14.41584],[-60.85026,14.41609],[-60.85024,14.41627],[-60.85056,14.41712],[-60.85062,14.41736],[-60.85068,14.41746],[-60.85086,14.4176],[-60.85096,14.41765],[-60.85115,14.41761],[-60.85139,14.41766],[-60.85165,14.41764],[-60.85175,14.41758],[-60.85201,14.41732],[-60.85224,14.4172],[-60.85252,14.41723],[-60.85263,14.41721],[-60.8528,14.41708],[-60.85287,14.41699],[-60.85299,14.41668],[-60.85318,14.41659],[-60.85338,14.41657],[-60.85371,14.41648],[-60.85379,14.41642],[-60.85406,14.41615],[-60.85407,14.4159],[-60.85399,14.41572],[-60.85374,14.41547],[-60.85367,14.41543],[-60.85332,14.41535],[-60.85299,14.41525],[-60.85248,14.41513],[-60.85225,14.41498],[-60.85211,14.41485],[-60.85201,14.4147],[-60.85195,14.41441],[-60.85191,14.41387],[-60.85173,14.41363],[-60.85164,14.4133],[-60.85146,14.41297],[-60.85133,14.41283],[-60.85117,14.41275],[-60.85108,14.41264],[-60.85117,14.41255],[-60.85139,14.41251],[-60.85153,14.4124],[-60.85162,14.41225],[-60.85173,14.41185],[-60.85177,14.41159],[-60.85194,14.41103],[-60.85194,14.41083],[-60.8518,14.41064],[-60.85161,14.41049],[-60.8513,14.41034],[-60.85111,14.41033],[-60.85096,14.41035],[-60.85069,14.41048],[-60.85055,14.41061],[-60.85046,14.41075],[-60.85035,14.41096],[-60.85024,14.41114],[-60.84967,14.4117],[-60.84963,14.41177],[-60.84942,14.41188],[-60.84911,14.41213],[-60.84883,14.41241],[-60.84863,14.41265],[-60.84849,14.41276],[-60.84838,14.41289],[-60.84822,14.41297],[-60.84797,14.41315],[-60.84778,14.41338],[-60.84752,14.41352],[-60.84737,14.41371],[-60.8473,14.41391],[-60.8471,14.41399],[-60.84676,14.41396],[-60.84658,14.41403],[-60.84633,14.41416],[-60.84599,14.41425],[-60.84546,14.41435],[-60.84515,14.41435],[-60.84501,14.4143],[-60.84471,14.4143],[-60.84434,14.41417],[-60.84384,14.41402],[-60.84355,14.41385],[-60.8434,14.41372],[-60.84323,14.41351],[-60.84312,14.41327],[-60.843,14.4132],[-60.84286,14.41325],[-60.84272,14.41321],[-60.84249,14.41299],[-60.8425,14.41278],[-60.84236,14.41271],[-60.84224,14.41276],[-60.84209,14.41288],[-60.84192,14.41319],[-60.84181,14.41327],[-60.84179,14.41339],[-60.84171,14.41352],[-60.84148,14.41375],[-60.84138,14.41392],[-60.84114,14.41416],[-60.84092,14.41419],[-60.84046,14.41433],[-60.84019,14.41446],[-60.84008,14.41464],[-60.84009,14.41496],[-60.84034,14.41518],[-60.84044,14.41521],[-60.8406,14.41512],[-60.84099,14.41504],[-60.84122,14.41504],[-60.84142,14.415],[-60.84175,14.41498],[-60.84207,14.41488],[-60.84233,14.41474],[-60.84247,14.4147],[-60.84273,14.41478],[-60.84289,14.4148],[-60.84293,14.41489],[-60.84286,14.41511],[-60.84268,14.41516],[-60.84262,14.41506],[-60.84244,14.41503],[-60.84209,14.41521],[-60.84177,14.41525],[-60.84143,14.41524],[-60.84127,14.41531],[-60.84121,14.41548],[-60.84126,14.41556],[-60.84123,14.41574],[-60.8411,14.41577],[-60.84095,14.41573],[-60.84068,14.41553],[-60.84042,14.4155],[-60.84016,14.41541],[-60.83995,14.41539],[-60.83968,14.41532],[-60.8395,14.41518],[-60.83947,14.41508],[-60.83937,14.41505],[-60.83918,14.4151],[-60.83902,14.41501],[-60.83882,14.4148],[-60.83869,14.41473],[-60.83823,14.4146],[-60.838,14.4144],[-60.83789,14.41424],[-60.83789,14.41405],[-60.83807,14.41395],[-60.83814,14.41387],[-60.8383,14.41342],[-60.83841,14.41295],[-60.83847,14.41274],[-60.83832,14.41255],[-60.83831,14.41243],[-60.8384,14.4123],[-60.83856,14.41221],[-60.83856,14.41211],[-60.83846,14.41197],[-60.83856,14.41175],[-60.8389,14.41137],[-60.83897,14.41116],[-60.83902,14.41106],[-60.83918,14.41108],[-60.83933,14.41104],[-60.83947,14.41096],[-60.83972,14.41097],[-60.83981,14.41091],[-60.84,14.41089],[-60.84023,14.41077],[-60.84029,14.41084],[-60.84042,14.41081],[-60.84052,14.41073],[-60.84064,14.41075],[-60.84077,14.41085],[-60.84105,14.41089],[-60.84127,14.41096],[-60.8414,14.41106],[-60.8418,14.41121],[-60.8419,14.4113],[-60.84196,14.41145],[-60.84211,14.41164],[-60.8422,14.41183],[-60.84233,14.41203],[-60.84247,14.41212],[-60.84255,14.41229],[-60.84266,14.41239],[-60.84304,14.41288],[-60.8432,14.41304],[-60.84336,14.41325],[-60.84361,14.41347],[-60.84385,14.41361],[-60.84406,14.4137],[-60.84451,14.41385],[-60.84486,14.41394],[-60.84515,14.41396],[-60.84539,14.41396],[-60.84562,14.41391],[-60.84612,14.41372],[-60.84637,14.4136],[-60.84683,14.41332],[-60.84721,14.41305],[-60.84741,14.4129],[-60.84775,14.41268],[-60.84807,14.41243],[-60.84855,14.412],[-60.84875,14.41178],[-60.849,14.41154],[-60.84945,14.41109],[-60.84961,14.41087],[-60.84972,14.41066],[-60.84984,14.41021],[-60.84991,14.40976],[-60.8502,14.40878],[-60.85032,14.40852],[-60.85053,14.40815],[-60.85069,14.40795],[-60.85098,14.40772],[-60.85121,14.4076],[-60.85155,14.40748],[-60.85181,14.40741],[-60.85222,14.40725],[-60.85273,14.407],[-60.85293,14.40688],[-60.85323,14.40663],[-60.85341,14.40644],[-60.85351,14.40629],[-60.85359,14.40598],[-60.85353,14.40565],[-60.85352,14.40504],[-60.85355,14.40488],[-60.85372,14.40479],[-60.854,14.40474],[-60.85411,14.40475],[-60.85425,14.4047],[-60.85441,14.40469],[-60.85456,14.40462],[-60.85469,14.40452],[-60.85482,14.40439],[-60.85495,14.40415],[-60.85502,14.40392],[-60.8552,14.40315],[-60.85515,14.40297],[-60.85494,14.40265],[-60.85488,14.4025],[-60.85475,14.40227],[-60.8548,14.40213],[-60.85493,14.40204],[-60.85517,14.40194],[-60.85516,14.40178],[-60.85498,14.4017],[-60.85498,14.4015],[-60.85506,14.40151],[-60.8551,14.40161],[-60.85531,14.40156],[-60.85558,14.4018],[-60.85568,14.40183],[-60.85587,14.40176],[-60.85597,14.40161],[-60.85591,14.40146],[-60.85594,14.4014],[-60.85607,14.40131],[-60.85611,14.40124],[-60.85607,14.40106],[-60.85589,14.40072],[-60.8559,14.40054],[-60.85585,14.40047],[-60.85566,14.40044],[-60.85549,14.40023],[-60.85529,14.40023],[-60.85522,14.40045],[-60.85512,14.40041],[-60.85509,14.40012],[-60.85519,14.39987],[-60.85531,14.39972],[-60.85535,14.39995],[-60.85553,14.40013],[-60.85563,14.40011],[-60.85583,14.39998],[-60.85578,14.39984],[-60.85583,14.39976],[-60.85572,14.39948],[-60.85553,14.39928],[-60.8554,14.39911],[-60.85519,14.39876],[-60.8552,14.39871],[-60.85538,14.39862],[-60.85548,14.39854],[-60.85562,14.39858],[-60.85569,14.39854],[-60.85589,14.39852],[-60.85591,14.39844],[-60.85577,14.39836],[-60.85573,14.39812],[-60.8558,14.39802],[-60.85573,14.39788],[-60.85562,14.39741],[-60.85571,14.39727],[-60.85576,14.39708],[-60.85593,14.39701],[-60.85616,14.39704],[-60.8563,14.39717],[-60.85657,14.39719],[-60.85684,14.39725],[-60.85691,14.39738],[-60.85704,14.39741],[-60.85712,14.3976],[-60.85756,14.39811],[-60.85771,14.39816],[-60.85798,14.39812],[-60.85819,14.39802],[-60.85825,14.39794],[-60.85819,14.39774],[-60.85834,14.39766],[-60.85854,14.39764],[-60.85884,14.39767],[-60.8591,14.39761],[-60.8595,14.39745],[-60.85963,14.39736],[-60.85981,14.39713],[-60.85985,14.39693],[-60.85982,14.3968],[-60.85974,14.39674],[-60.85952,14.39668],[-60.85951,14.39618],[-60.85973,14.39585],[-60.85983,14.39588],[-60.85996,14.39604],[-60.86017,14.39611],[-60.8603,14.39612],[-60.86039,14.39618],[-60.86047,14.39649],[-60.86048,14.39674],[-60.86068,14.39704],[-60.86077,14.39709],[-60.86103,14.39713],[-60.86125,14.39709],[-60.86155,14.39695],[-60.86169,14.39679],[-60.86178,14.39657],[-60.86183,14.39632],[-60.86188,14.39624],[-60.86201,14.39612],[-60.86229,14.39598],[-60.86239,14.39583],[-60.8625,14.39585],[-60.86269,14.39595],[-60.86291,14.39593],[-60.86302,14.3957],[-60.86319,14.39562],[-60.86348,14.39568],[-60.86355,14.39576],[-60.86353,14.39601],[-60.86356,14.39615],[-60.86355,14.39635],[-60.86372,14.39668],[-60.86395,14.39671],[-60.86413,14.39666],[-60.8645,14.39682],[-60.8652,14.39697],[-60.86548,14.39698],[-60.86568,14.39696],[-60.8661,14.39687],[-60.86667,14.39661],[-60.86705,14.39636],[-60.86735,14.3961],[-60.86752,14.39599],[-60.86767,14.39581],[-60.86815,14.39516],[-60.86827,14.39503],[-60.86862,14.3949],[-60.86887,14.3949],[-60.86911,14.39501],[-60.8695,14.39532],[-60.87004,14.39565],[-60.87039,14.39582],[-60.87071,14.39595],[-60.87148,14.39621],[-60.87257,14.39662],[-60.87298,14.39679],[-60.87323,14.39686],[-60.87342,14.39684],[-60.87374,14.39668],[-60.87394,14.39653],[-60.87426,14.39637],[-60.87432,14.39647],[-60.87456,14.39647],[-60.87469,14.39654],[-60.8748,14.39643],[-60.87489,14.39644],[-60.8749,14.39662],[-60.87508,14.39672],[-60.87539,14.39683],[-60.87558,14.39684],[-60.87583,14.39674],[-60.87587,14.39697],[-60.87606,14.39709],[-60.87625,14.39717],[-60.87653,14.39714],[-60.87668,14.39718],[-60.87692,14.39694],[-60.87697,14.39696],[-60.87699,14.39716],[-60.87703,14.39725],[-60.8772,14.39735],[-60.87735,14.3974],[-60.87761,14.39732],[-60.87781,14.39712],[-60.87787,14.39724],[-60.87799,14.39771],[-60.87794,14.39789],[-60.87745,14.39801],[-60.87714,14.39797],[-60.87689,14.39798],[-60.87638,14.39815],[-60.87626,14.39829],[-60.87607,14.39869],[-60.87602,14.39886],[-60.87597,14.39922],[-60.87596,14.39976],[-60.87603,14.40029],[-60.87613,14.40066],[-60.87628,14.40105],[-60.87649,14.40142],[-60.87673,14.40176],[-60.87715,14.40216],[-60.87746,14.40235],[-60.87787,14.40265],[-60.87836,14.40303],[-60.87859,14.40318],[-60.87911,14.40348],[-60.87947,14.40373],[-60.87967,14.4039],[-60.88019,14.40424],[-60.8803,14.40426],[-60.88063,14.40443],[-60.88074,14.40447],[-60.88099,14.40461],[-60.8811,14.40464],[-60.88135,14.4048],[-60.88162,14.40489],[-60.88193,14.40503],[-60.88215,14.40508],[-60.8829,14.40518],[-60.88337,14.40522],[-60.88375,14.40528],[-60.88418,14.40526],[-60.8843,14.40515],[-60.8843,14.40509],[-60.88449,14.4051],[-60.88451,14.40537],[-60.88465,14.40555],[-60.88489,14.40559],[-60.88497,14.40572],[-60.8848,14.40609],[-60.88484,14.4063],[-60.88506,14.40654],[-60.88505,14.40662],[-60.88468,14.40678],[-60.88454,14.40688],[-60.88441,14.40716],[-60.88431,14.40724],[-60.88427,14.40744],[-60.88432,14.40777],[-60.88448,14.40813],[-60.88466,14.40843],[-60.88475,14.40855],[-60.88532,14.40908],[-60.88561,14.40928],[-60.88576,14.40936],[-60.88611,14.4095],[-60.88642,14.40958],[-60.88666,14.4095],[-60.88685,14.40959],[-60.88694,14.40954],[-60.88715,14.40948],[-60.88719,14.4095],[-60.88706,14.40978],[-60.88718,14.41005],[-60.88738,14.41027],[-60.88746,14.41039],[-60.88744,14.41055],[-60.88728,14.41061],[-60.88685,14.4107],[-60.8867,14.4107],[-60.88656,14.41074],[-60.88647,14.41071],[-60.88627,14.41058],[-60.886,14.41061],[-60.8857,14.41053],[-60.88561,14.41058],[-60.88535,14.4109],[-60.88509,14.41141],[-60.88505,14.41173],[-60.885,14.41193],[-60.88498,14.41224],[-60.88501,14.41275],[-60.88508,14.41311],[-60.88515,14.41327],[-60.88527,14.41365],[-60.88541,14.41387],[-60.88578,14.41441],[-60.88603,14.4147],[-60.88647,14.41505],[-60.88689,14.41529],[-60.88707,14.41536],[-60.88739,14.41554],[-60.8875,14.41562],[-60.88778,14.41578],[-60.88817,14.41602],[-60.88836,14.41617],[-60.88844,14.41626],[-60.8886,14.41637],[-60.88867,14.41646],[-60.88897,14.41669],[-60.88935,14.41687],[-60.88975,14.41695],[-60.88981,14.417],[-60.89032,14.41718],[-60.89083,14.41746],[-60.89097,14.41756],[-60.89151,14.41802],[-60.89169,14.41821],[-60.89199,14.41841],[-60.89215,14.41846],[-60.8925,14.41849],[-60.89261,14.41856],[-60.89277,14.4188],[-60.89303,14.41897],[-60.89316,14.41908],[-60.89333,14.41933],[-60.89337,14.41962],[-60.89337,14.41988],[-60.89349,14.42027],[-60.89347,14.42036],[-60.89336,14.42064],[-60.89308,14.42098],[-60.89297,14.42122],[-60.89279,14.42149],[-60.89265,14.42154],[-60.89247,14.42155],[-60.89227,14.42152],[-60.89191,14.42142],[-60.89167,14.42144],[-60.89124,14.42153],[-60.89098,14.42164],[-60.89068,14.4218],[-60.89056,14.42191],[-60.89032,14.42216],[-60.88996,14.42252],[-60.88972,14.42287],[-60.88962,14.42314],[-60.88951,14.42357],[-60.88927,14.42374],[-60.88902,14.42402],[-60.88889,14.42409],[-60.88865,14.4243],[-60.88846,14.42444],[-60.88827,14.42463],[-60.88803,14.42503],[-60.88778,14.42519],[-60.8874,14.4256],[-60.88721,14.42575],[-60.887,14.42577],[-60.88688,14.42583],[-60.8868,14.42592],[-60.88667,14.42616],[-60.88658,14.42623],[-60.88629,14.42655],[-60.88615,14.42677],[-60.88608,14.42696],[-60.88602,14.42722],[-60.88599,14.42754],[-60.88589,14.42799],[-60.88576,14.42864],[-60.88571,14.42898],[-60.88562,14.42938],[-60.88555,14.42953],[-60.88532,14.42995],[-60.8851,14.43034],[-60.88499,14.43045],[-60.8849,14.4307],[-60.88476,14.43093],[-60.88472,14.43108],[-60.88468,14.43138],[-60.88457,14.43163],[-60.88444,14.43182],[-60.88415,14.43204],[-60.88387,14.4321],[-60.88375,14.43215],[-60.88348,14.43266],[-60.88335,14.43303],[-60.88336,14.43318],[-60.88332,14.43346],[-60.8832,14.43358],[-60.88293,14.43357],[-60.88287,14.43365],[-60.88263,14.43358],[-60.88254,14.43353],[-60.88236,14.43366],[-60.88229,14.43365],[-60.8822,14.43374],[-60.88197,14.43423],[-60.88192,14.43451],[-60.88209,14.43459],[-60.88205,14.4347],[-60.8819,14.43462],[-60.88179,14.43475],[-60.8817,14.43475],[-60.88158,14.43515],[-60.88157,14.43532],[-60.8815,14.43534],[-60.88137,14.43577],[-60.88145,14.43591],[-60.88135,14.43619],[-60.88126,14.43669],[-60.88106,14.43697],[-60.88091,14.4376],[-60.88078,14.43784],[-60.88045,14.43815],[-60.8801,14.43842],[-60.88004,14.43863],[-60.87988,14.43865],[-60.87985,14.43914],[-60.87989,14.4394],[-60.8802,14.44075],[-60.88023,14.44097],[-60.88041,14.44148],[-60.88058,14.44191],[-60.88068,14.44212],[-60.88089,14.44269],[-60.88114,14.44321],[-60.8813,14.44342],[-60.88165,14.44386],[-60.88189,14.44414],[-60.88229,14.44451],[-60.88255,14.44477],[-60.8827,14.44496],[-60.883,14.44525],[-60.88311,14.44541],[-60.88341,14.44578],[-60.88357,14.44611],[-60.88366,14.44635],[-60.88381,14.44666],[-60.88391,14.44662],[-60.88401,14.44677],[-60.88388,14.44685],[-60.88409,14.4471],[-60.88434,14.44753],[-60.88426,14.44762],[-60.88411,14.44796],[-60.88406,14.44802],[-60.8841,14.44844],[-60.88408,14.44866],[-60.88399,14.44909],[-60.88397,14.4493],[-60.88387,14.44947],[-60.88383,14.4498],[-60.88359,14.4497],[-60.88354,14.4496],[-60.8834,14.44957],[-60.88347,14.44984],[-60.88366,14.45011],[-60.88365,14.45021],[-60.88356,14.45046],[-60.88357,14.45062],[-60.8837,14.45125],[-60.8838,14.45148],[-60.88391,14.4517],[-60.88391,14.4518],[-60.88382,14.45186],[-60.88365,14.4519],[-60.88348,14.45189],[-60.88315,14.4518],[-60.88281,14.45186],[-60.88258,14.45169],[-60.88255,14.45161],[-60.88233,14.45145],[-60.88226,14.45129],[-60.88201,14.45095],[-60.88182,14.45073],[-60.88143,14.45017],[-60.88127,14.45007],[-60.88098,14.4496],[-60.88084,14.44944],[-60.88062,14.44911],[-60.88048,14.44864],[-60.88033,14.44837],[-60.88026,14.44812],[-60.88012,14.44793],[-60.88017,14.44783],[-60.88014,14.44753],[-60.87998,14.44735],[-60.87997,14.44721],[-60.87989,14.44711],[-60.87967,14.44702],[-60.87951,14.44684],[-60.87929,14.44668],[-60.8792,14.44652],[-60.87924,14.4463],[-60.87925,14.44605],[-60.87917,14.44573],[-60.87906,14.44557],[-60.87903,14.44545],[-60.87889,14.4454],[-60.87871,14.44542],[-60.87862,14.44547],[-60.87823,14.44549],[-60.87811,14.44556],[-60.878,14.44589],[-60.878,14.44609],[-60.87783,14.4465],[-60.87764,14.44679],[-60.87747,14.44685],[-60.87738,14.44682],[-60.87737,14.4467],[-60.87752,14.44646],[-60.87745,14.44603],[-60.87738,14.44596],[-60.87725,14.44605],[-60.87699,14.44596],[-60.87665,14.44595],[-60.87653,14.44602],[-60.87645,14.44613],[-60.87641,14.44626],[-60.87645,14.44654],[-60.87656,14.44678],[-60.87663,14.44716],[-60.87661,14.44733],[-60.87652,14.44773],[-60.87648,14.44812],[-60.8766,14.44836],[-60.87657,14.44873],[-60.8765,14.44884],[-60.87634,14.4489],[-60.876,14.44893],[-60.87582,14.44898],[-60.87555,14.449],[-60.87526,14.44897],[-60.87501,14.44891],[-60.87413,14.44854],[-60.87386,14.44842],[-60.87376,14.44826],[-60.87365,14.44817],[-60.87355,14.44801],[-60.87335,14.44778],[-60.87327,14.44761],[-60.87306,14.44744],[-60.87287,14.44702],[-60.87285,14.4469],[-60.87292,14.44658],[-60.87292,14.44632],[-60.8728,14.44607],[-60.87253,14.44583],[-60.87248,14.44572],[-60.87249,14.44536],[-60.87241,14.44518],[-60.87239,14.44502],[-60.87244,14.44488],[-60.87239,14.44475],[-60.87221,14.44489],[-60.87216,14.445],[-60.87213,14.4452],[-60.8722,14.44562],[-60.87209,14.44586],[-60.87196,14.446],[-60.87174,14.44616],[-60.87163,14.44619],[-60.8715,14.44615],[-60.87109,14.44609],[-60.87092,14.44602],[-60.87091,14.44608],[-60.87106,14.44634],[-60.87101,14.44653],[-60.87054,14.44711],[-60.87043,14.4473],[-60.87071,14.44722],[-60.87089,14.44731],[-60.87102,14.44731],[-60.87124,14.44724],[-60.87137,14.44726],[-60.87149,14.44742],[-60.8715,14.44751],[-60.87159,14.44763],[-60.87181,14.44779],[-60.87188,14.44787],[-60.87188,14.44803],[-60.87168,14.44836],[-60.87158,14.44848],[-60.87114,14.44882],[-60.8708,14.4493],[-60.87089,14.44937],[-60.87112,14.44919],[-60.87137,14.44905],[-60.87197,14.44899],[-60.87226,14.44899],[-60.87253,14.44904],[-60.87275,14.44915],[-60.87291,14.44936],[-60.87304,14.44978],[-60.87303,14.45002],[-60.87308,14.45022],[-60.87304,14.45034],[-60.87268,14.45059],[-60.87242,14.45071],[-60.87229,14.4508],[-60.87208,14.451],[-60.87178,14.45124],[-60.87171,14.45135],[-60.87172,14.45146],[-60.87185,14.45166],[-60.87207,14.45178],[-60.87221,14.45178],[-60.87247,14.45165],[-60.87267,14.45141],[-60.87276,14.45136],[-60.87299,14.45132],[-60.87308,14.45133],[-60.87325,14.45144],[-60.87338,14.45163],[-60.8736,14.4522],[-60.87368,14.4525],[-60.87385,14.45292],[-60.87389,14.45316],[-60.8738,14.45344],[-60.87351,14.45392],[-60.87322,14.45417],[-60.87304,14.45439],[-60.87294,14.45464],[-60.87289,14.4549],[-60.87295,14.45503],[-60.87319,14.45522],[-60.87337,14.45544],[-60.8734,14.4556],[-60.87338,14.45574],[-60.8733,14.45589],[-60.87309,14.45609],[-60.87302,14.45622],[-60.87293,14.45655],[-60.8729,14.45685],[-60.87282,14.4571],[-60.87254,14.45723],[-60.87236,14.45737],[-60.8721,14.45771],[-60.87183,14.45803],[-60.87166,14.45819],[-60.87153,14.45821],[-60.87149,14.45815],[-60.87158,14.45778],[-60.87171,14.45764],[-60.87173,14.45752],[-60.87159,14.45719],[-60.87161,14.4571],[-60.87177,14.45699],[-60.87198,14.45692],[-60.87214,14.4568],[-60.87215,14.45672],[-60.87209,14.4565],[-60.87211,14.45607],[-60.87206,14.45581],[-60.8719,14.4556],[-60.87179,14.45554],[-60.87165,14.45554],[-60.87149,14.45559],[-60.87105,14.4558],[-60.87078,14.45597],[-60.87028,14.45617],[-60.86992,14.45616],[-60.86946,14.45599],[-60.86923,14.45593],[-60.86903,14.45593],[-60.86896,14.45586],[-60.86885,14.45568],[-60.86854,14.45548],[-60.86838,14.45524],[-60.86826,14.45514],[-60.86847,14.45475],[-60.86846,14.45464],[-60.86854,14.45411],[-60.86854,14.45388],[-60.86851,14.45381],[-60.86804,14.45381],[-60.86791,14.45375],[-60.86778,14.45364],[-60.8677,14.4535],[-60.8676,14.45322],[-60.86744,14.45302],[-60.86723,14.45291],[-60.86701,14.4529],[-60.86631,14.45323],[-60.86618,14.45332],[-60.86597,14.45355],[-60.86581,14.45361],[-60.86564,14.45362],[-60.86532,14.4536],[-60.86505,14.45353],[-60.86495,14.45344],[-60.86482,14.45326],[-60.86478,14.45312],[-60.86483,14.45283],[-60.86483,14.45257],[-60.86487,14.45231],[-60.86502,14.45174],[-60.86502,14.45153],[-60.86483,14.451],[-60.86479,14.4508],[-60.86491,14.45053],[-60.86497,14.45028],[-60.86509,14.45009],[-60.86545,14.44979],[-60.86537,14.44971],[-60.86484,14.4496],[-60.86411,14.44953],[-60.86345,14.44951],[-60.86339,14.44968],[-60.86342,14.45003],[-60.86353,14.45032],[-60.8635,14.45048],[-60.8634,14.45069],[-60.86338,14.45087],[-60.86339,14.45135],[-60.86337,14.45167],[-60.86328,14.45193],[-60.86335,14.45209],[-60.8634,14.45235],[-60.86312,14.45241],[-60.86289,14.4528],[-60.86287,14.45313],[-60.86281,14.45328],[-60.86268,14.45342],[-60.86248,14.45356],[-60.86245,14.45363],[-60.86246,14.45386],[-60.86272,14.45454],[-60.86273,14.45463],[-60.86268,14.45478],[-60.86245,14.455],[-60.86233,14.45505],[-60.86221,14.45505],[-60.86196,14.4549],[-60.86163,14.45478],[-60.86148,14.45478],[-60.86104,14.4549],[-60.86092,14.45495],[-60.86091,14.45512],[-60.86073,14.45529],[-60.86064,14.45546],[-60.86055,14.45556],[-60.86052,14.45568],[-60.86055,14.45581],[-60.86079,14.45584],[-60.86096,14.45597],[-60.861,14.45611],[-60.86091,14.45624],[-60.86075,14.45639],[-60.8605,14.45653],[-60.86057,14.45666],[-60.86042,14.45677],[-60.86033,14.45688],[-60.86027,14.45711],[-60.8603,14.45715],[-60.8605,14.45722],[-60.86058,14.45739],[-60.86054,14.45768],[-60.86068,14.45784],[-60.86077,14.45801],[-60.86104,14.45816],[-60.8612,14.45823],[-60.8613,14.45808],[-60.86157,14.45778],[-60.86187,14.45763],[-60.86206,14.45755],[-60.86223,14.4574],[-60.86246,14.45726],[-60.86277,14.45713],[-60.863,14.4571],[-60.86312,14.45713],[-60.86346,14.45704],[-60.86361,14.45707],[-60.86388,14.45726],[-60.86447,14.45799],[-60.86473,14.45819],[-60.86499,14.4582],[-60.86511,14.45812],[-60.86525,14.45782],[-60.86536,14.45766],[-60.86564,14.45743],[-60.86599,14.45727],[-60.86618,14.45721],[-60.86669,14.45717],[-60.86688,14.45718],[-60.86722,14.45725],[-60.86747,14.45735],[-60.86748,14.45758],[-60.86752,14.45771],[-60.86766,14.45791],[-60.86775,14.45817],[-60.86775,14.45832],[-60.8676,14.45863],[-60.86738,14.45893],[-60.86724,14.45906],[-60.86684,14.45937],[-60.86668,14.45946],[-60.86632,14.45958],[-60.86617,14.45959],[-60.86587,14.45968],[-60.86573,14.45977],[-60.86551,14.46001],[-60.86543,14.46016],[-60.86511,14.46056],[-60.86484,14.46081],[-60.86467,14.46087],[-60.8642,14.46087],[-60.86402,14.46092],[-60.86392,14.4609],[-60.86344,14.46086],[-60.86288,14.46077],[-60.86257,14.46068],[-60.86225,14.46061],[-60.862,14.46059],[-60.86192,14.46062],[-60.86199,14.4609],[-60.86202,14.46125],[-60.8621,14.46157],[-60.86214,14.46207],[-60.86212,14.46248],[-60.86204,14.46293],[-60.86196,14.46309],[-60.86166,14.46356],[-60.86144,14.46383],[-60.86118,14.46402],[-60.86091,14.46405],[-60.86078,14.4641],[-60.86054,14.46428],[-60.86038,14.46448],[-60.8603,14.46473],[-60.86016,14.46502],[-60.86005,14.46517],[-60.86006,14.46529],[-60.86022,14.46523],[-60.86047,14.4653],[-60.86068,14.46527],[-60.861,14.46537],[-60.86104,14.46555],[-60.86046,14.46584],[-60.85988,14.4661],[-60.8599,14.46616],[-60.85972,14.46625],[-60.85945,14.46635],[-60.85902,14.46653],[-60.85817,14.46696],[-60.85775,14.46718],[-60.85743,14.4673],[-60.85698,14.46737],[-60.85673,14.46748],[-60.85663,14.4676],[-60.85656,14.46777],[-60.8565,14.46814],[-60.85642,14.46826],[-60.85632,14.46831],[-60.85594,14.46846],[-60.85542,14.46854],[-60.85534,14.46857],[-60.85528,14.46872],[-60.85529,14.46886],[-60.85522,14.46896],[-60.85508,14.46898],[-60.855,14.46904],[-60.85499,14.46914],[-60.85507,14.46947],[-60.85497,14.4697],[-60.85489,14.46974],[-60.85393,14.46969],[-60.8537,14.46969],[-60.85257,14.46961],[-60.85209,14.46956],[-60.85198,14.47001],[-60.85183,14.47049],[-60.85176,14.47061],[-60.84811,14.47167],[-60.84727,14.47194],[-60.84721,14.47207],[-60.84709,14.47242],[-60.84708,14.47273],[-60.84726,14.47375],[-60.84736,14.4742],[-60.84696,14.47415],[-60.8456,14.47391],[-60.84529,14.47388],[-60.84508,14.47376],[-60.84497,14.47368],[-60.84487,14.47354],[-60.84483,14.47334],[-60.84488,14.47315],[-60.84489,14.4729],[-60.84504,14.47256],[-60.84542,14.47233],[-60.84557,14.47208],[-60.84557,14.47192],[-60.84545,14.4716],[-60.84534,14.47125],[-60.84514,14.471],[-60.84504,14.47098],[-60.84346,14.47102],[-60.84342,14.47112],[-60.84339,14.47156],[-60.84334,14.47202],[-60.8433,14.47271],[-60.84308,14.47257],[-60.84282,14.47237],[-60.8425,14.47229],[-60.8421,14.47228],[-60.84128,14.47229],[-60.84119,14.47225],[-60.84077,14.47244],[-60.84043,14.47246],[-60.83981,14.4725],[-60.83942,14.47257],[-60.83911,14.47254],[-60.83881,14.47245],[-60.83855,14.47244],[-60.8383,14.4724],[-60.83807,14.47241],[-60.83745,14.47228],[-60.83718,14.47224],[-60.83714,14.47268],[-60.83684,14.47265],[-60.83673,14.47267],[-60.83603,14.47258],[-60.83529,14.47256],[-60.83524,14.47242],[-60.8353,14.47208],[-60.83536,14.472],[-60.83535,14.47185],[-60.83382,14.47171],[-60.83381,14.47172],[-60.83291,14.47169],[-60.83263,14.4716],[-60.83236,14.47155],[-60.83196,14.47154],[-60.8317,14.47149],[-60.83178,14.47106],[-60.83183,14.47052],[-60.83181,14.47042],[-60.83059,14.47039],[-60.82918,14.47073],[-60.82838,14.47094],[-60.82814,14.47104],[-60.82755,14.47125],[-60.82712,14.47151],[-60.82687,14.4716],[-60.82669,14.47162],[-60.82653,14.4717],[-60.82622,14.47176],[-60.82573,14.47164],[-60.82547,14.47156],[-60.82528,14.47154],[-60.82498,14.47136],[-60.82448,14.47133]]],[[[-60.87489,14.45204],[-60.87475,14.45198],[-60.87465,14.45184],[-60.87466,14.45163],[-60.87461,14.4515],[-60.87455,14.45097],[-60.87459,14.45085],[-60.87478,14.45068],[-60.87493,14.45067],[-60.87507,14.45073],[-60.87521,14.45084],[-60.8754,14.45116],[-60.87551,14.45154],[-60.87552,14.45172],[-60.87545,14.45184],[-60.87523,14.45198],[-60.87489,14.45204]]],[[[-60.83409,14.41091],[-60.83371,14.41107],[-60.83349,14.41107],[-60.83333,14.41118],[-60.83309,14.41128],[-60.83291,14.41132],[-60.83271,14.41141],[-60.83239,14.41148],[-60.83223,14.41145],[-60.83212,14.41135],[-60.83207,14.41118],[-60.832,14.41109],[-60.83203,14.41093],[-60.83201,14.41083],[-60.83203,14.41052],[-60.83212,14.41046],[-60.8325,14.41038],[-60.8326,14.41045],[-60.83298,14.41037],[-60.83325,14.41035],[-60.83345,14.41038],[-60.83362,14.41036],[-60.83373,14.41041],[-60.83383,14.41051],[-60.83402,14.41058],[-60.83408,14.41053],[-60.83434,14.41072],[-60.83424,14.41086],[-60.83409,14.41091]]],[[[-60.83261,14.41263],[-60.8326,14.41267],[-60.83237,14.41276],[-60.83226,14.41293],[-60.83217,14.41295],[-60.83194,14.41271],[-60.83173,14.41264],[-60.83171,14.41252],[-60.83182,14.41238],[-60.83202,14.41248],[-60.83221,14.41251],[-60.83228,14.41249],[-60.83227,14.41229],[-60.83231,14.41213],[-60.83243,14.41215],[-60.8326,14.41225],[-60.83269,14.41238],[-60.83288,14.41248],[-60.83261,14.41263]]],[[[-60.83257,14.41655],[-60.83251,14.41676],[-60.8324,14.41698],[-60.83225,14.41712],[-60.83217,14.41727],[-60.83234,14.41749],[-60.83228,14.41761],[-60.83214,14.41764],[-60.83189,14.41765],[-60.83172,14.41784],[-60.83171,14.41796],[-60.83153,14.41822],[-60.83121,14.41843],[-60.83107,14.41847],[-60.83095,14.41855],[-60.83083,14.41858],[-60.8307,14.41865],[-60.8303,14.41898],[-60.83025,14.41891],[-60.83056,14.41845],[-60.83098,14.41794],[-60.83112,14.41765],[-60.83137,14.41723],[-60.83136,14.41714],[-60.83123,14.41703],[-60.83131,14.41673],[-60.83143,14.41651],[-60.83153,14.4164],[-60.83173,14.41635],[-60.83192,14.41617],[-60.83223,14.41626],[-60.83248,14.41625],[-60.83279,14.41629],[-60.83257,14.41655]]],[[[-60.83299,14.42804],[-60.83308,14.42793],[-60.8332,14.42803],[-60.83309,14.42814],[-60.83299,14.42804]]],[[[-60.83005,14.43121],[-60.83001,14.43158],[-60.82971,14.43158],[-60.82954,14.43167],[-60.82949,14.43183],[-60.82939,14.43196],[-60.82926,14.43204],[-60.82908,14.43202],[-60.82873,14.43214],[-60.82845,14.43211],[-60.82823,14.43217],[-60.82807,14.43219],[-60.82796,14.43213],[-60.82779,14.43213],[-60.82765,14.43196],[-60.82742,14.43181],[-60.82714,14.43169],[-60.82684,14.43165],[-60.82658,14.4317],[-60.82633,14.43193],[-60.82623,14.43205],[-60.82619,14.43216],[-60.82618,14.43234],[-60.82622,14.43243],[-60.82622,14.4327],[-60.82608,14.43282],[-60.82605,14.43293],[-60.8259,14.43273],[-60.8258,14.43274],[-60.82582,14.43262],[-60.82567,14.43241],[-60.82582,14.43232],[-60.8258,14.43206],[-60.82555,14.43155],[-60.8255,14.43149],[-60.82525,14.43146],[-60.82514,14.43143],[-60.82512,14.43131],[-60.82485,14.43118],[-60.82464,14.43116],[-60.82447,14.43103],[-60.82453,14.4309],[-60.82476,14.43088],[-60.82498,14.43094],[-60.82516,14.43087],[-60.82523,14.43078],[-60.82521,14.43055],[-60.82516,14.43021],[-60.82531,14.43009],[-60.82546,14.42986],[-60.8255,14.42976],[-60.82571,14.42976],[-60.82577,14.42961],[-60.82568,14.42954],[-60.8256,14.42929],[-60.82567,14.42911],[-60.82581,14.42895],[-60.82596,14.42895],[-60.82606,14.42884],[-60.82637,14.42868],[-60.82668,14.42853],[-60.82696,14.42845],[-60.82717,14.42827],[-60.82717,14.42816],[-60.82733,14.42822],[-60.82748,14.42839],[-60.82763,14.42846],[-60.82776,14.42843],[-60.82788,14.42832],[-60.828,14.42842],[-60.82827,14.42845],[-60.8286,14.42853],[-60.82869,14.4286],[-60.82881,14.42881],[-60.82883,14.42892],[-60.82895,14.42903],[-60.82896,14.42927],[-60.82924,14.42941],[-60.82964,14.42944],[-60.82982,14.42955],[-60.8301,14.42981],[-60.83014,14.43004],[-60.83003,14.43023],[-60.83003,14.43043],[-60.83013,14.43062],[-60.8302,14.43083],[-60.83019,14.43097],[-60.83007,14.43112],[-60.83005,14.43121]]],[[[-60.82862,14.43448],[-60.82844,14.43458],[-60.82834,14.43458],[-60.82825,14.43451],[-60.8281,14.43448],[-60.82789,14.43448],[-60.82781,14.43438],[-60.82772,14.43439],[-60.82765,14.43428],[-60.82774,14.43413],[-60.82781,14.43391],[-60.82794,14.43378],[-60.82808,14.43374],[-60.82802,14.43365],[-60.82809,14.43358],[-60.82829,14.43367],[-60.82843,14.43364],[-60.82873,14.43389],[-60.8288,14.43406],[-60.82875,14.43423],[-60.82862,14.43448]]],[[[-60.81668,14.44411],[-60.81638,14.44411],[-60.81644,14.44398],[-60.81674,14.44378],[-60.81694,14.44384],[-60.81694,14.44402],[-60.81678,14.44411],[-60.81668,14.44411]]],[[[-60.81657,14.44433],[-60.81658,14.44426],[-60.81675,14.4442],[-60.81695,14.44404],[-60.81706,14.44409],[-60.81697,14.44426],[-60.81665,14.44434],[-60.81657,14.44433]]],[[[-60.81691,14.44461],[-60.81683,14.44463],[-60.81673,14.44456],[-60.81699,14.44431],[-60.81699,14.44455],[-60.81691,14.44461]]],[[[-60.81626,14.44551],[-60.81614,14.44557],[-60.81607,14.44551],[-60.8161,14.44526],[-60.81628,14.44505],[-60.81633,14.44504],[-60.81639,14.44523],[-60.81641,14.44551],[-60.81626,14.44551]]]]}},{"type":"Feature","properties":{"nom":"Sainte-Luce","code":"97227"},"geometry":{"type":"Polygon","coordinates":[[[-60.9835,14.48614],[-60.98291,14.48626],[-60.98218,14.48645],[-60.98042,14.48681],[-60.98024,14.48773],[-60.98013,14.48844],[-60.98007,14.48866],[-60.97996,14.48931],[-60.97993,14.48957],[-60.97987,14.48985],[-60.97955,14.49138],[-60.9801,14.49283],[-60.98081,14.49473],[-60.98092,14.49505],[-60.98182,14.49523],[-60.98287,14.49562],[-60.98347,14.49574],[-60.98309,14.5013],[-60.98107,14.50115],[-60.98095,14.50115],[-60.98029,14.50112],[-60.97922,14.50105],[-60.97845,14.50106],[-60.97736,14.50102],[-60.97435,14.50076],[-60.97248,14.50057],[-60.97075,14.50044],[-60.96982,14.5004],[-60.96977,14.50059],[-60.96976,14.50094],[-60.9697,14.50118],[-60.96963,14.50171],[-60.96954,14.50221],[-60.96955,14.50225],[-60.96918,14.5022],[-60.96785,14.50216],[-60.96659,14.50197],[-60.96404,14.50174],[-60.96309,14.50165],[-60.96182,14.50153],[-60.96025,14.49994],[-60.9603,14.49874],[-60.96046,14.49735],[-60.96048,14.49711],[-60.95992,14.49704],[-60.95846,14.49694],[-60.95774,14.49692],[-60.9568,14.49685],[-60.95626,14.4968],[-60.95554,14.49672],[-60.95555,14.49676],[-60.95524,14.49673],[-60.95507,14.49667],[-60.95459,14.49663],[-60.95389,14.49656],[-60.95356,14.49658],[-60.953,14.49651],[-60.95226,14.49647],[-60.95204,14.49644],[-60.95178,14.49903],[-60.95095,14.49899],[-60.95087,14.49939],[-60.94875,14.49918],[-60.94868,14.50011],[-60.94852,14.49991],[-60.94834,14.49985],[-60.94815,14.49988],[-60.94796,14.50005],[-60.94772,14.50019],[-60.94751,14.50059],[-60.94743,14.50066],[-60.94702,14.50072],[-60.94675,14.50087],[-60.94638,14.50102],[-60.94627,14.50102],[-60.9461,14.50097],[-60.94612,14.50081],[-60.94607,14.50073],[-60.94577,14.50064],[-60.94568,14.50068],[-60.94544,14.50089],[-60.94534,14.50102],[-60.94521,14.50129],[-60.94502,14.50155],[-60.9448,14.50171],[-60.94459,14.50181],[-60.94446,14.50181],[-60.94425,14.50164],[-60.94396,14.50159],[-60.94372,14.50173],[-60.94359,14.50195],[-60.94335,14.50221],[-60.94322,14.50231],[-60.94303,14.50236],[-60.94283,14.50236],[-60.94263,14.50242],[-60.94221,14.5025],[-60.94199,14.50264],[-60.94181,14.50281],[-60.94164,14.5029],[-60.94111,14.50297],[-60.94086,14.50314],[-60.94064,14.50319],[-60.94041,14.50312],[-60.94023,14.50314],[-60.93986,14.50329],[-60.93903,14.50343],[-60.93882,14.50352],[-60.93836,14.50338],[-60.93812,14.50439],[-60.93703,14.50457],[-60.93625,14.50464],[-60.93626,14.50525],[-60.93607,14.50524],[-60.93582,14.50528],[-60.93549,14.50555],[-60.9337,14.50575],[-60.93346,14.50686],[-60.93338,14.50691],[-60.93299,14.50696],[-60.93277,14.50708],[-60.93259,14.50726],[-60.93216,14.50781],[-60.93209,14.5086],[-60.93208,14.50868],[-60.93197,14.50966],[-60.93192,14.51044],[-60.93192,14.51087],[-60.93187,14.51201],[-60.93161,14.51193],[-60.93144,14.5118],[-60.9313,14.51172],[-60.93096,14.51161],[-60.93079,14.51147],[-60.9307,14.51155],[-60.93058,14.51159],[-60.9305,14.51153],[-60.93013,14.51242],[-60.93026,14.51251],[-60.92992,14.51492],[-60.9299,14.51533],[-60.92981,14.5158],[-60.92956,14.51735],[-60.92945,14.51829],[-60.92896,14.51822],[-60.92768,14.51797],[-60.92632,14.51754],[-60.92596,14.51744],[-60.92573,14.51739],[-60.92536,14.51726],[-60.92409,14.51685],[-60.92442,14.51556],[-60.92495,14.50662],[-60.9247,14.5067],[-60.92448,14.50674],[-60.92318,14.5072],[-60.92357,14.50628],[-60.92221,14.50593],[-60.92108,14.50535],[-60.92117,14.50431],[-60.92036,14.50417],[-60.92013,14.50407],[-60.91995,14.50364],[-60.91958,14.50295],[-60.91952,14.50288],[-60.91928,14.50269],[-60.91922,14.50259],[-60.91918,14.50235],[-60.9192,14.50202],[-60.91913,14.50165],[-60.91906,14.50139],[-60.91897,14.5012],[-60.91895,14.50098],[-60.91896,14.50085],[-60.91888,14.50053],[-60.9187,14.50015],[-60.91851,14.49999],[-60.91837,14.49996],[-60.91813,14.49959],[-60.91771,14.49974],[-60.91757,14.49965],[-60.91752,14.4995],[-60.91744,14.49939],[-60.91683,14.49892],[-60.9167,14.49872],[-60.9167,14.49855],[-60.91656,14.49794],[-60.91649,14.49775],[-60.91645,14.49717],[-60.91608,14.49654],[-60.91597,14.49622],[-60.91585,14.49604],[-60.91561,14.49582],[-60.91549,14.49565],[-60.91538,14.49525],[-60.91519,14.49509],[-60.91488,14.49501],[-60.91465,14.49488],[-60.91453,14.49447],[-60.91474,14.4943],[-60.91474,14.49392],[-60.91478,14.49356],[-60.91469,14.4932],[-60.91452,14.49288],[-60.91446,14.49269],[-60.9144,14.49258],[-60.91441,14.49236],[-60.91435,14.49216],[-60.91413,14.49195],[-60.91405,14.49174],[-60.914,14.4915],[-60.91391,14.49129],[-60.91384,14.4912],[-60.9138,14.49101],[-60.91387,14.49061],[-60.9137,14.49032],[-60.9137,14.49006],[-60.91365,14.48981],[-60.91369,14.48957],[-60.91362,14.48932],[-60.91349,14.48916],[-60.91344,14.48897],[-60.91348,14.48878],[-60.9134,14.48856],[-60.91341,14.48831],[-60.91331,14.4881],[-60.91325,14.48789],[-60.9132,14.48757],[-60.91317,14.48719],[-60.91308,14.48689],[-60.91299,14.48657],[-60.91287,14.48622],[-60.91266,14.48586],[-60.91242,14.48561],[-60.9123,14.48543],[-60.91214,14.48517],[-60.91205,14.48505],[-60.91172,14.48487],[-60.91164,14.48471],[-60.91161,14.4844],[-60.91179,14.48399],[-60.912,14.48374],[-60.91219,14.48359],[-60.91228,14.48339],[-60.91228,14.48325],[-60.91234,14.48298],[-60.91223,14.48263],[-60.91212,14.48243],[-60.9121,14.4822],[-60.91199,14.48192],[-60.91186,14.48176],[-60.91186,14.48162],[-60.91207,14.48131],[-60.91214,14.48102],[-60.91213,14.48047],[-60.91209,14.48015],[-60.91219,14.47958],[-60.91217,14.47929],[-60.91203,14.4787],[-60.91192,14.47842],[-60.9119,14.47816],[-60.91192,14.478],[-60.91201,14.47778],[-60.91194,14.47764],[-60.91201,14.47742],[-60.91198,14.47717],[-60.91188,14.47694],[-60.91175,14.47671],[-60.9117,14.47652],[-60.91172,14.47619],[-60.91144,14.47575],[-60.91132,14.47541],[-60.91131,14.47504],[-60.91125,14.47485],[-60.91109,14.47462],[-60.91087,14.47443],[-60.91049,14.47397],[-60.91018,14.47371],[-60.90997,14.47358],[-60.91011,14.47325],[-60.91027,14.47294],[-60.91055,14.47229],[-60.91083,14.4713],[-60.91101,14.47021],[-60.91085,14.46891],[-60.91105,14.46887],[-60.91101,14.46837],[-60.91099,14.46783],[-60.91112,14.46727],[-60.91128,14.46677],[-60.91138,14.46639],[-60.91152,14.46596],[-60.91168,14.46541],[-60.9118,14.4649],[-60.9121,14.46386],[-60.91221,14.46385],[-60.9121,14.46412],[-60.91208,14.46425],[-60.9121,14.46443],[-60.91203,14.46453],[-60.91182,14.46525],[-60.91184,14.46542],[-60.91174,14.46545],[-60.91165,14.46579],[-60.91148,14.46631],[-60.91137,14.4667],[-60.91136,14.4669],[-60.91145,14.46752],[-60.91136,14.46779],[-60.91135,14.46824],[-60.9114,14.46841],[-60.91135,14.46859],[-60.91134,14.46878],[-60.91145,14.46904],[-60.91166,14.4693],[-60.91181,14.46939],[-60.91196,14.46932],[-60.9122,14.46924],[-60.91237,14.46913],[-60.91267,14.46905],[-60.91307,14.46887],[-60.9134,14.46881],[-60.91362,14.4688],[-60.91384,14.46868],[-60.914,14.46863],[-60.91429,14.46866],[-60.91442,14.46876],[-60.91477,14.46893],[-60.91514,14.46898],[-60.91545,14.46899],[-60.91576,14.46886],[-60.91599,14.46879],[-60.91606,14.46868],[-60.91623,14.46852],[-60.91648,14.46834],[-60.91669,14.4683],[-60.91675,14.46838],[-60.91667,14.46855],[-60.91668,14.46862],[-60.91653,14.46889],[-60.91653,14.46913],[-60.9165,14.46939],[-60.91648,14.47003],[-60.91653,14.47042],[-60.91665,14.471],[-60.91667,14.47116],[-60.9169,14.47147],[-60.91707,14.4716],[-60.91704,14.47174],[-60.91715,14.47191],[-60.91722,14.47217],[-60.91731,14.47232],[-60.91744,14.47241],[-60.91765,14.47246],[-60.91774,14.47251],[-60.91782,14.47272],[-60.91795,14.47291],[-60.91795,14.47316],[-60.91821,14.47309],[-60.91828,14.47311],[-60.91841,14.47323],[-60.91853,14.47328],[-60.91856,14.47317],[-60.91854,14.47294],[-60.91842,14.47221],[-60.91823,14.47165],[-60.91795,14.4712],[-60.91781,14.47102],[-60.91768,14.47082],[-60.91766,14.46943],[-60.91769,14.46931],[-60.91794,14.46905],[-60.9182,14.46896],[-60.91842,14.46876],[-60.91874,14.46824],[-60.91883,14.4679],[-60.91881,14.46754],[-60.91888,14.46738],[-60.91904,14.46733],[-60.91967,14.46761],[-60.92003,14.46768],[-60.92018,14.46774],[-60.92033,14.46787],[-60.92052,14.46787],[-60.92078,14.46791],[-60.92093,14.4679],[-60.92124,14.46782],[-60.92148,14.46764],[-60.92161,14.46758],[-60.92182,14.46758],[-60.92219,14.4675],[-60.92249,14.46737],[-60.9233,14.46718],[-60.92355,14.46698],[-60.92358,14.46689],[-60.92348,14.46684],[-60.92349,14.46674],[-60.92369,14.46642],[-60.9239,14.46633],[-60.92411,14.46616],[-60.92448,14.46606],[-60.92459,14.46609],[-60.9248,14.46606],[-60.92514,14.46611],[-60.92547,14.46614],[-60.92606,14.46614],[-60.92645,14.46606],[-60.9266,14.46599],[-60.92683,14.46577],[-60.92701,14.46539],[-60.92701,14.46524],[-60.92713,14.46507],[-60.92728,14.46504],[-60.92744,14.46479],[-60.92769,14.46464],[-60.92775,14.46455],[-60.92813,14.46444],[-60.92829,14.46454],[-60.9285,14.46459],[-60.92886,14.46458],[-60.92906,14.46455],[-60.92912,14.4645],[-60.92933,14.46451],[-60.92979,14.46439],[-60.93011,14.46426],[-60.93025,14.46416],[-60.93063,14.46376],[-60.93078,14.46365],[-60.93091,14.46338],[-60.93122,14.46313],[-60.93159,14.46298],[-60.93178,14.46299],[-60.93191,14.46284],[-60.93199,14.4628],[-60.93221,14.46284],[-60.93258,14.46293],[-60.93279,14.46303],[-60.93303,14.46311],[-60.93333,14.46313],[-60.93343,14.46307],[-60.93352,14.46296],[-60.93374,14.46275],[-60.9339,14.46266],[-60.93416,14.46256],[-60.93429,14.46254],[-60.93445,14.46259],[-60.93456,14.46257],[-60.93471,14.46261],[-60.93475,14.46269],[-60.93491,14.46277],[-60.93501,14.46273],[-60.93521,14.4628],[-60.93549,14.46299],[-60.93562,14.46315],[-60.93558,14.4634],[-60.93576,14.46377],[-60.93563,14.46412],[-60.93565,14.46437],[-60.93575,14.4645],[-60.93612,14.46459],[-60.93633,14.46469],[-60.93681,14.46471],[-60.93698,14.46459],[-60.93731,14.4646],[-60.93747,14.46464],[-60.93795,14.46481],[-60.93804,14.46489],[-60.93815,14.4649],[-60.93841,14.46486],[-60.93868,14.46479],[-60.93946,14.46469],[-60.93998,14.46458],[-60.94032,14.46449],[-60.94054,14.4644],[-60.94078,14.46419],[-60.94089,14.46413],[-60.94133,14.46404],[-60.94154,14.4641],[-60.94163,14.46426],[-60.94168,14.4645],[-60.94159,14.46457],[-60.94133,14.46462],[-60.94125,14.46469],[-60.94124,14.4648],[-60.94127,14.46501],[-60.94136,14.46524],[-60.94152,14.46547],[-60.9417,14.46562],[-60.94199,14.46583],[-60.94221,14.46594],[-60.94309,14.46637],[-60.9433,14.46645],[-60.94356,14.46645],[-60.94372,14.4663],[-60.94398,14.46618],[-60.94429,14.46616],[-60.94441,14.46611],[-60.94451,14.46615],[-60.94496,14.46617],[-60.94512,14.46625],[-60.9453,14.46641],[-60.94552,14.46672],[-60.94574,14.46696],[-60.94592,14.467],[-60.94629,14.46705],[-60.94649,14.46703],[-60.94681,14.46705],[-60.94691,14.46709],[-60.94707,14.46709],[-60.94745,14.46704],[-60.94761,14.46699],[-60.94772,14.46683],[-60.94785,14.46681],[-60.94797,14.46685],[-60.94803,14.46692],[-60.94794,14.46707],[-60.94801,14.46722],[-60.94815,14.4673],[-60.94835,14.46732],[-60.94862,14.46727],[-60.94874,14.46728],[-60.94904,14.46718],[-60.94926,14.46704],[-60.94975,14.46677],[-60.95003,14.46671],[-60.95018,14.4667],[-60.95059,14.46672],[-60.95099,14.46677],[-60.95134,14.4669],[-60.95151,14.46694],[-60.95183,14.4669],[-60.95208,14.4668],[-60.95223,14.46677],[-60.95267,14.46655],[-60.95308,14.46627],[-60.95318,14.46624],[-60.9534,14.46609],[-60.95409,14.46591],[-60.95442,14.46579],[-60.95471,14.46564],[-60.95475,14.46554],[-60.95491,14.46546],[-60.95514,14.4654],[-60.95546,14.46529],[-60.95569,14.46529],[-60.95598,14.46539],[-60.9563,14.46538],[-60.95654,14.46565],[-60.95661,14.4658],[-60.95649,14.46607],[-60.95672,14.46644],[-60.95671,14.46662],[-60.9568,14.46699],[-60.95678,14.46708],[-60.95665,14.46727],[-60.95669,14.46739],[-60.95688,14.46762],[-60.95713,14.46782],[-60.9574,14.46798],[-60.95784,14.46816],[-60.95797,14.4682],[-60.9585,14.46828],[-60.95868,14.46826],[-60.95892,14.46818],[-60.95922,14.468],[-60.95944,14.46798],[-60.95979,14.46801],[-60.96012,14.46811],[-60.96059,14.46841],[-60.96089,14.46864],[-60.96134,14.46881],[-60.96148,14.46891],[-60.96156,14.46914],[-60.9618,14.46956],[-60.96199,14.47002],[-60.96204,14.47028],[-60.96197,14.47055],[-60.962,14.47067],[-60.96211,14.47074],[-60.96206,14.47086],[-60.96204,14.47109],[-60.96208,14.47124],[-60.96238,14.47144],[-60.96243,14.47153],[-60.96277,14.47161],[-60.96285,14.47146],[-60.96294,14.4712],[-60.9631,14.47111],[-60.96315,14.47123],[-60.96304,14.47192],[-60.96296,14.47199],[-60.96294,14.47208],[-60.96301,14.4722],[-60.96312,14.47224],[-60.96323,14.47247],[-60.96324,14.47257],[-60.96338,14.47285],[-60.96363,14.47351],[-60.96363,14.47374],[-60.9637,14.47411],[-60.9636,14.47417],[-60.96357,14.47425],[-60.96337,14.47448],[-60.96333,14.4746],[-60.96352,14.47478],[-60.96353,14.47492],[-60.96334,14.47498],[-60.9633,14.47516],[-60.96333,14.47535],[-60.96365,14.47611],[-60.96381,14.47639],[-60.96394,14.47651],[-60.9642,14.47663],[-60.96434,14.47675],[-60.96436,14.47683],[-60.96428,14.47698],[-60.96429,14.47716],[-60.96433,14.47733],[-60.96447,14.47755],[-60.96464,14.47765],[-60.96474,14.47765],[-60.96479,14.47754],[-60.96478,14.47743],[-60.96487,14.47732],[-60.96508,14.4773],[-60.96525,14.47734],[-60.96558,14.47731],[-60.96572,14.4774],[-60.96592,14.47766],[-60.96598,14.47781],[-60.96602,14.47813],[-60.96609,14.47832],[-60.96623,14.4782],[-60.96643,14.47829],[-60.96655,14.47831],[-60.96674,14.4784],[-60.9669,14.47834],[-60.96722,14.47808],[-60.96749,14.47763],[-60.96767,14.47752],[-60.96795,14.47743],[-60.96804,14.47759],[-60.96818,14.478],[-60.96833,14.4782],[-60.96849,14.47822],[-60.9688,14.47804],[-60.96891,14.47768],[-60.96897,14.47758],[-60.96919,14.47736],[-60.96949,14.477],[-60.96963,14.4768],[-60.96968,14.47649],[-60.96944,14.47588],[-60.96917,14.47561],[-60.96898,14.47558],[-60.96864,14.47536],[-60.96841,14.47517],[-60.96823,14.47511],[-60.96802,14.47491],[-60.96773,14.47478],[-60.96736,14.47472],[-60.96719,14.47463],[-60.96681,14.47431],[-60.96666,14.47416],[-60.96653,14.47399],[-60.96643,14.47379],[-60.96641,14.4736],[-60.96646,14.47341],[-60.96655,14.47329],[-60.96681,14.4732],[-60.96711,14.47305],[-60.96744,14.47295],[-60.96838,14.47285],[-60.96865,14.47281],[-60.96883,14.47275],[-60.96922,14.47254],[-60.96934,14.47245],[-60.96947,14.4724],[-60.96966,14.4724],[-60.96975,14.47256],[-60.96968,14.47284],[-60.96967,14.47296],[-60.96955,14.47299],[-60.96941,14.47293],[-60.9691,14.47294],[-60.96871,14.47301],[-60.96847,14.47317],[-60.96845,14.47323],[-60.96864,14.47338],[-60.96869,14.47353],[-60.96866,14.47371],[-60.96876,14.47386],[-60.96893,14.47402],[-60.96917,14.47415],[-60.96934,14.47412],[-60.96945,14.47429],[-60.96945,14.47448],[-60.9694,14.47479],[-60.96941,14.47497],[-60.9694,14.47524],[-60.96947,14.47529],[-60.96959,14.47515],[-60.9697,14.47484],[-60.96982,14.47467],[-60.96993,14.47433],[-60.97008,14.47422],[-60.9702,14.47394],[-60.97037,14.4738],[-60.97066,14.47372],[-60.97083,14.47375],[-60.97108,14.47368],[-60.97124,14.47374],[-60.97138,14.47374],[-60.97169,14.4736],[-60.9717,14.4735],[-60.97164,14.4734],[-60.97126,14.47326],[-60.97099,14.47307],[-60.97089,14.47293],[-60.97066,14.47254],[-60.97053,14.47239],[-60.97042,14.47234],[-60.97033,14.47222],[-60.9701,14.47201],[-60.96993,14.47197],[-60.96972,14.47175],[-60.96955,14.47146],[-60.96931,14.47074],[-60.96929,14.47057],[-60.96944,14.47038],[-60.96971,14.47023],[-60.97031,14.47002],[-60.97042,14.47001],[-60.97082,14.46974],[-60.97116,14.46965],[-60.97153,14.46948],[-60.97185,14.46939],[-60.97201,14.46923],[-60.97213,14.46916],[-60.97273,14.4689],[-60.97295,14.46884],[-60.97312,14.46862],[-60.97326,14.46853],[-60.97355,14.46816],[-60.97369,14.46809],[-60.97402,14.46811],[-60.97426,14.4682],[-60.97449,14.46832],[-60.97475,14.46857],[-60.97487,14.46872],[-60.97504,14.46888],[-60.97536,14.46908],[-60.97553,14.46915],[-60.97593,14.46907],[-60.97627,14.46908],[-60.97644,14.46915],[-60.97662,14.46927],[-60.97673,14.46941],[-60.9768,14.46963],[-60.97687,14.46976],[-60.97716,14.47002],[-60.97741,14.47034],[-60.97755,14.47049],[-60.97794,14.47066],[-60.97826,14.4709],[-60.97833,14.47112],[-60.97844,14.47161],[-60.97826,14.47175],[-60.97807,14.47201],[-60.97789,14.47224],[-60.97748,14.4726],[-60.97731,14.47283],[-60.97717,14.47291],[-60.97674,14.47302],[-60.97661,14.47306],[-60.97645,14.4732],[-60.97631,14.47344],[-60.97623,14.47383],[-60.97609,14.47419],[-60.97606,14.47451],[-60.97603,14.47466],[-60.97595,14.47484],[-60.97576,14.47511],[-60.97566,14.47535],[-60.97563,14.47548],[-60.97565,14.47569],[-60.9758,14.47615],[-60.97582,14.47643],[-60.97588,14.47665],[-60.97597,14.47677],[-60.97601,14.47692],[-60.97599,14.47705],[-60.97605,14.47729],[-60.97618,14.47735],[-60.97616,14.47746],[-60.97651,14.47735],[-60.97677,14.47737],[-60.97709,14.47751],[-60.9772,14.47748],[-60.97731,14.47751],[-60.97735,14.4776],[-60.97728,14.47775],[-60.9774,14.47803],[-60.97737,14.4781],[-60.97748,14.47826],[-60.97767,14.47833],[-60.97776,14.47846],[-60.97782,14.47863],[-60.97787,14.47895],[-60.97809,14.47945],[-60.9781,14.47953],[-60.97807,14.48004],[-60.97814,14.48017],[-60.97826,14.48025],[-60.97827,14.48035],[-60.97835,14.48051],[-60.97843,14.48055],[-60.97878,14.48062],[-60.97898,14.4808],[-60.9792,14.48114],[-60.97914,14.48131],[-60.97916,14.48143],[-60.97931,14.48189],[-60.97934,14.48216],[-60.97931,14.48232],[-60.97944,14.48244],[-60.97953,14.48259],[-60.97926,14.48279],[-60.97906,14.48299],[-60.97903,14.48306],[-60.9791,14.48333],[-60.97886,14.48379],[-60.97882,14.48393],[-60.9788,14.48452],[-60.97894,14.4849],[-60.97897,14.48503],[-60.97909,14.485],[-60.97906,14.48444],[-60.97911,14.4842],[-60.97925,14.48405],[-60.9795,14.48401],[-60.97958,14.48394],[-60.97958,14.48383],[-60.97966,14.48369],[-60.97975,14.48333],[-60.97982,14.48329],[-60.98004,14.48327],[-60.9802,14.48316],[-60.98043,14.48303],[-60.98055,14.48288],[-60.98063,14.48301],[-60.98104,14.4832],[-60.98125,14.48332],[-60.98152,14.48352],[-60.98161,14.4835],[-60.98169,14.48335],[-60.98181,14.48332],[-60.98208,14.48341],[-60.98213,14.48345],[-60.98222,14.48375],[-60.98222,14.4839],[-60.98226,14.48401],[-60.9824,14.48407],[-60.98261,14.48407],[-60.98277,14.4841],[-60.98288,14.48427],[-60.98289,14.48446],[-60.98314,14.48481],[-60.98322,14.48483],[-60.9833,14.48507],[-60.98331,14.48531],[-60.98347,14.48542],[-60.98348,14.48556],[-60.98342,14.48564],[-60.9835,14.48587],[-60.98346,14.48597],[-60.9835,14.48614]]]}},{"type":"Feature","properties":{"nom":"Sainte-Marie","code":"97228"},"geometry":{"type":"MultiPolygon","coordinates":[[[[-61.01858,14.80971],[-61.01845,14.80961],[-61.0183,14.80934],[-61.01801,14.8091],[-61.0179,14.80903],[-61.01771,14.80884],[-61.01728,14.80852],[-61.01718,14.80834],[-61.01692,14.80813],[-61.01647,14.80796],[-61.01623,14.80778],[-61.01595,14.80764],[-61.01572,14.80741],[-61.01543,14.8073],[-61.01534,14.80724],[-61.01512,14.80715],[-61.01478,14.80708],[-61.01449,14.80706],[-61.0143,14.80699],[-61.01419,14.80702],[-61.01407,14.80698],[-61.01384,14.807],[-61.01357,14.80694],[-61.01335,14.80695],[-61.01288,14.80681],[-61.01257,14.80675],[-61.01224,14.80675],[-61.01202,14.80673],[-61.01192,14.80676],[-61.0118,14.80674],[-61.01154,14.80677],[-61.01132,14.80687],[-61.0112,14.80691],[-61.01097,14.80703],[-61.01078,14.8072],[-61.0107,14.8073],[-61.01045,14.80742],[-61.01029,14.80754],[-61.01011,14.8076],[-61.00999,14.80769],[-61.00976,14.80777],[-61.00962,14.80789],[-61.00942,14.80814],[-61.00928,14.80801],[-61.00909,14.80817],[-61.00883,14.80853],[-61.00876,14.8086],[-61.00872,14.80876],[-61.00851,14.80913],[-61.00849,14.80944],[-61.00836,14.80957],[-61.00844,14.80965],[-61.00854,14.80962],[-61.00855,14.80978],[-61.0085,14.80988],[-61.00828,14.81003],[-61.00819,14.81017],[-61.00812,14.81022],[-61.00792,14.81053],[-61.00762,14.81086],[-61.00744,14.81103],[-61.00736,14.81099],[-61.00724,14.81108],[-61.00711,14.81112],[-61.00705,14.81121],[-61.00691,14.81123],[-61.00675,14.81132],[-61.00661,14.81133],[-61.00669,14.81114],[-61.0062,14.8116],[-61.006,14.81159],[-61.00595,14.81155],[-61.00599,14.81138],[-61.00628,14.81112],[-61.00654,14.81095],[-61.00656,14.81087],[-61.00686,14.8106],[-61.0072,14.81041],[-61.00728,14.81033],[-61.00731,14.81016],[-61.00738,14.81008],[-61.00785,14.80968],[-61.00806,14.80954],[-61.00803,14.8093],[-61.00792,14.80913],[-61.00758,14.80882],[-61.00735,14.80859],[-61.00729,14.80857],[-61.00711,14.80837],[-61.00679,14.80821],[-61.00616,14.80804],[-61.00597,14.80794],[-61.00559,14.80784],[-61.00536,14.80779],[-61.00518,14.80781],[-61.00491,14.80797],[-61.00451,14.8081],[-61.00437,14.80818],[-61.00416,14.80809],[-61.00396,14.80811],[-61.00388,14.8083],[-61.00383,14.80849],[-61.00377,14.80858],[-61.00371,14.8088],[-61.00369,14.80902],[-61.00362,14.8091],[-61.00339,14.80911],[-61.00333,14.80898],[-61.00334,14.8087],[-61.00322,14.80866],[-61.00308,14.80873],[-61.00302,14.8087],[-61.0029,14.80881],[-61.00264,14.80896],[-61.00256,14.80886],[-61.0024,14.80883],[-61.00235,14.80865],[-61.00237,14.80853],[-61.00231,14.80841],[-61.00218,14.80844],[-61.00205,14.80839],[-61.00181,14.80817],[-61.00169,14.80813],[-61.00164,14.808],[-61.0017,14.80794],[-61.00172,14.80778],[-61.00163,14.80772],[-61.00157,14.80747],[-61.00133,14.80744],[-61.00127,14.80733],[-61.00155,14.80741],[-61.00179,14.80734],[-61.00203,14.80714],[-61.00213,14.80688],[-61.00223,14.80682],[-61.00237,14.80685],[-61.00252,14.80682],[-61.00273,14.80655],[-61.00277,14.8064],[-61.00288,14.80629],[-61.00283,14.80617],[-61.00286,14.80598],[-61.00301,14.80585],[-61.00297,14.80568],[-61.00302,14.80563],[-61.00314,14.8057],[-61.00324,14.80557],[-61.00335,14.80552],[-61.00351,14.80551],[-61.00351,14.80524],[-61.00363,14.80521],[-61.00363,14.80509],[-61.00374,14.805],[-61.00368,14.8049],[-61.00369,14.80478],[-61.00356,14.80472],[-61.00346,14.80462],[-61.00366,14.80431],[-61.00366,14.80421],[-61.00377,14.80395],[-61.00376,14.80356],[-61.00389,14.80341],[-61.00379,14.80331],[-61.00348,14.80322],[-61.00319,14.80329],[-61.0029,14.80342],[-61.0028,14.80339],[-61.00277,14.80329],[-61.00309,14.80299],[-61.00321,14.803],[-61.00322,14.80285],[-61.00332,14.80264],[-61.00317,14.80257],[-61.00328,14.80247],[-61.00337,14.80254],[-61.00372,14.80234],[-61.00411,14.80252],[-61.00435,14.80249],[-61.00477,14.80239],[-61.00487,14.80231],[-61.005,14.8021],[-61.00514,14.80191],[-61.00527,14.8017],[-61.00531,14.8015],[-61.00532,14.80091],[-61.00529,14.80072],[-61.00535,14.80044],[-61.00516,14.79982],[-61.00514,14.79963],[-61.00494,14.79926],[-61.00481,14.79905],[-61.00455,14.79875],[-61.00446,14.79858],[-61.00435,14.7985],[-61.00432,14.79829],[-61.00432,14.79804],[-61.00425,14.79788],[-61.00399,14.7975],[-61.00386,14.79732],[-61.00371,14.79717],[-61.00338,14.79679],[-61.00328,14.79671],[-61.00296,14.79631],[-61.00252,14.79594],[-61.00232,14.79584],[-61.00206,14.79566],[-61.00187,14.79554],[-61.0017,14.79555],[-61.00142,14.79542],[-61.00115,14.79527],[-61.00097,14.79514],[-61.0007,14.79498],[-61.00039,14.79484],[-61.00007,14.79466],[-60.99949,14.79425],[-60.99928,14.79414],[-60.99918,14.79412],[-60.99892,14.79387],[-60.99872,14.79373],[-60.99859,14.79337],[-60.99867,14.79318],[-60.99866,14.79299],[-60.99855,14.79242],[-60.99858,14.79228],[-60.99849,14.79203],[-60.99856,14.79178],[-60.99862,14.79166],[-60.99868,14.79133],[-60.99877,14.79108],[-60.9988,14.79071],[-60.99877,14.79054],[-60.99879,14.79037],[-60.99875,14.79019],[-60.99864,14.78993],[-60.99846,14.78971],[-60.99819,14.78933],[-60.99801,14.78884],[-60.9978,14.78839],[-60.99769,14.78819],[-60.99741,14.78788],[-60.99729,14.78754],[-60.99722,14.78746],[-60.99707,14.7874],[-60.99693,14.7872],[-60.99687,14.78693],[-60.99671,14.78679],[-60.99661,14.78664],[-60.99639,14.78644],[-60.99623,14.78616],[-60.9962,14.78605],[-60.99602,14.78577],[-60.9959,14.78585],[-60.99587,14.78601],[-60.9959,14.78612],[-60.99603,14.78621],[-60.996,14.78633],[-60.99614,14.78642],[-60.99609,14.78653],[-60.99597,14.78643],[-60.99581,14.78638],[-60.99557,14.78624],[-60.9953,14.786],[-60.99509,14.78596],[-60.99486,14.786],[-60.99449,14.78579],[-60.99426,14.78562],[-60.99408,14.78557],[-60.99388,14.78546],[-60.99356,14.78538],[-60.99336,14.78536],[-60.99288,14.78528],[-60.99225,14.78533],[-60.99204,14.78533],[-60.99181,14.78544],[-60.99165,14.78548],[-60.99153,14.78555],[-60.99128,14.78563],[-60.9912,14.78577],[-60.99105,14.78584],[-60.99101,14.78577],[-60.99117,14.78539],[-60.99129,14.78517],[-60.99131,14.78504],[-60.99123,14.78495],[-60.99119,14.78474],[-60.99121,14.78461],[-60.99128,14.7844],[-60.99128,14.78418],[-60.99126,14.78382],[-60.99119,14.78339],[-60.99114,14.7832],[-60.99101,14.78283],[-60.9909,14.78243],[-60.99075,14.78205],[-60.99061,14.78177],[-60.99037,14.78138],[-60.99025,14.78114],[-60.99013,14.78084],[-60.98984,14.78033],[-60.98961,14.77998],[-60.98908,14.77964],[-60.98881,14.77945],[-60.9886,14.77947],[-60.98845,14.77942],[-60.98841,14.7792],[-60.98846,14.77892],[-60.98837,14.77871],[-60.98822,14.77871],[-60.98803,14.77877],[-60.98796,14.77861],[-60.98788,14.77854],[-60.98785,14.77844],[-60.98769,14.77824],[-60.98747,14.77802],[-60.98735,14.77786],[-60.98725,14.77776],[-60.98706,14.77765],[-60.98694,14.77772],[-60.98677,14.77772],[-60.98678,14.77761],[-60.98653,14.77752],[-60.98628,14.77766],[-60.98615,14.77768],[-60.98606,14.77777],[-60.98585,14.77812],[-60.9857,14.77823],[-60.98539,14.77839],[-60.98528,14.77847],[-60.9852,14.77839],[-60.98495,14.77846],[-60.98477,14.77825],[-60.98464,14.7782],[-60.98453,14.77825],[-60.98438,14.77825],[-60.98439,14.77839],[-60.98428,14.77847],[-60.98417,14.77824],[-60.98401,14.77808],[-60.98375,14.77798],[-60.98355,14.77799],[-60.98352,14.77804],[-60.98349,14.77839],[-60.98334,14.77833],[-60.98305,14.77839],[-60.98289,14.77835],[-60.98274,14.77835],[-60.98248,14.77831],[-60.98235,14.77838],[-60.98238,14.77848],[-60.98233,14.77858],[-60.98203,14.77872],[-60.98188,14.77873],[-60.98146,14.77889],[-60.98134,14.77903],[-60.98132,14.77912],[-60.9812,14.77909],[-60.98107,14.77893],[-60.98116,14.77874],[-60.98115,14.77858],[-60.98124,14.77848],[-60.98106,14.77832],[-60.9809,14.77833],[-60.98074,14.7782],[-60.98081,14.77799],[-60.98094,14.77786],[-60.98084,14.7777],[-60.98093,14.77745],[-60.9806,14.77732],[-60.98021,14.77752],[-60.98001,14.77758],[-60.97979,14.77754],[-60.97964,14.77745],[-60.9797,14.77724],[-60.9799,14.77706],[-60.97997,14.77684],[-60.97982,14.7767],[-60.98003,14.77651],[-60.97999,14.77626],[-60.97989,14.77623],[-60.97984,14.77615],[-60.97982,14.77595],[-60.97962,14.77566],[-60.9796,14.77558],[-60.97989,14.77551],[-60.98039,14.77545],[-60.98076,14.77546],[-60.9809,14.77556],[-60.98112,14.77561],[-60.98129,14.77557],[-60.98156,14.77568],[-60.98174,14.77572],[-60.98192,14.77582],[-60.98218,14.77581],[-60.98247,14.77568],[-60.98263,14.77557],[-60.98281,14.77537],[-60.98294,14.77518],[-60.98302,14.775],[-60.9831,14.77468],[-60.98306,14.77446],[-60.98284,14.77414],[-60.98275,14.77414],[-60.98258,14.77393],[-60.98247,14.77388],[-60.98239,14.77374],[-60.98226,14.77366],[-60.98228,14.77356],[-60.98214,14.77319],[-60.98198,14.77289],[-60.9819,14.77285],[-60.98173,14.77265],[-60.98145,14.7724],[-60.98134,14.77243],[-60.98124,14.77252],[-60.9811,14.77246],[-60.981,14.77234],[-60.98092,14.77204],[-60.98083,14.77193],[-60.9803,14.77167],[-60.98024,14.77163],[-60.98027,14.77131],[-60.98024,14.77104],[-60.98019,14.77086],[-60.97992,14.77032],[-60.97958,14.76988],[-60.97933,14.76965],[-60.97906,14.76942],[-60.97881,14.76918],[-60.97861,14.76903],[-60.97843,14.76887],[-60.97824,14.76878],[-60.9781,14.76893],[-60.97793,14.7689],[-60.97777,14.76869],[-60.97765,14.76859],[-60.97742,14.76847],[-60.97723,14.76844],[-60.97714,14.76848],[-60.97689,14.76848],[-60.97658,14.76873],[-60.97649,14.76885],[-60.97637,14.76874],[-60.97626,14.76884],[-60.97603,14.76885],[-60.97594,14.7687],[-60.97579,14.76869],[-60.97563,14.76852],[-60.97541,14.76847],[-60.97499,14.76853],[-60.97483,14.76842],[-60.97475,14.76829],[-60.97458,14.76827],[-60.9745,14.7682],[-60.97435,14.76795],[-60.97436,14.76775],[-60.97434,14.76744],[-60.97438,14.76735],[-60.97436,14.76722],[-60.97428,14.76706],[-60.97433,14.76693],[-60.97424,14.76672],[-60.97415,14.76665],[-60.97421,14.76648],[-60.97431,14.76639],[-60.97459,14.76625],[-60.97469,14.76616],[-60.97489,14.7661],[-60.97501,14.766],[-60.97501,14.76579],[-60.97494,14.76567],[-60.97491,14.76548],[-60.97482,14.7651],[-60.97478,14.765],[-60.97416,14.76404],[-60.97373,14.76364],[-60.97359,14.76353],[-60.97283,14.76301],[-60.97289,14.76289],[-60.97294,14.76256],[-60.9733,14.76229],[-60.97366,14.76206],[-60.97405,14.76186],[-60.97424,14.76173],[-60.97484,14.76138],[-60.97523,14.76116],[-60.97555,14.76108],[-60.97569,14.76113],[-60.97581,14.76112],[-60.97613,14.76089],[-60.97628,14.76092],[-60.97635,14.76101],[-60.97644,14.76123],[-60.97654,14.76135],[-60.97671,14.76142],[-60.97691,14.76168],[-60.97735,14.76159],[-60.97787,14.76144],[-60.97811,14.76135],[-60.97827,14.76117],[-60.97857,14.76091],[-60.97899,14.76062],[-60.97909,14.76048],[-60.97917,14.76045],[-60.97922,14.76027],[-60.97924,14.75997],[-60.97937,14.75965],[-60.97958,14.75921],[-60.97969,14.75911],[-60.97997,14.75903],[-60.98014,14.75882],[-60.98017,14.75863],[-60.98038,14.75847],[-60.98042,14.75774],[-60.98052,14.75753],[-60.98077,14.75739],[-60.98083,14.75733],[-60.981,14.75726],[-60.98129,14.75708],[-60.98163,14.7571],[-60.98182,14.75718],[-60.98199,14.7572],[-60.98229,14.75706],[-60.98265,14.75677],[-60.98287,14.7567],[-60.98292,14.75644],[-60.9829,14.75601],[-60.98285,14.75578],[-60.98279,14.75564],[-60.98275,14.75541],[-60.98281,14.75506],[-60.98291,14.75477],[-60.98301,14.75455],[-60.98287,14.7545],[-60.98393,14.75321],[-60.98419,14.75298],[-60.98469,14.75248],[-60.98479,14.75239],[-60.98506,14.75224],[-60.98573,14.75187],[-60.98625,14.7516],[-60.98635,14.75133],[-60.9864,14.75105],[-60.98651,14.75075],[-60.98684,14.75031],[-60.98694,14.75026],[-60.98726,14.75106],[-60.98741,14.7513],[-60.98765,14.75148],[-60.98785,14.75154],[-60.98806,14.75156],[-60.98868,14.75156],[-60.98918,14.75159],[-60.98967,14.75159],[-60.98989,14.75162],[-60.99017,14.75172],[-60.9906,14.75198],[-60.99097,14.75225],[-60.9912,14.7524],[-60.99149,14.75247],[-60.99163,14.75245],[-60.99197,14.75231],[-60.99299,14.75181],[-60.99314,14.75177],[-60.99356,14.7517],[-60.9938,14.75158],[-60.99398,14.75156],[-60.99446,14.75158],[-60.9948,14.75154],[-60.9951,14.75146],[-60.99564,14.75136],[-60.99599,14.75124],[-60.99636,14.75108],[-60.9968,14.75096],[-60.9973,14.75086],[-60.99719,14.75074],[-60.99718,14.75046],[-60.99724,14.75005],[-60.99729,14.74996],[-60.99768,14.74958],[-60.99782,14.74947],[-60.99768,14.74935],[-60.99733,14.7491],[-60.998,14.7483],[-60.9969,14.74738],[-60.99661,14.74718],[-60.99715,14.74662],[-60.99729,14.74643],[-60.99754,14.74621],[-60.99787,14.74586],[-60.99969,14.74413],[-60.99981,14.74418],[-61.00014,14.74408],[-61.00044,14.74385],[-61.00081,14.7436],[-61.00102,14.74341],[-61.00124,14.74329],[-61.00142,14.74327],[-61.00152,14.74317],[-61.00225,14.74268],[-61.00241,14.74272],[-61.0025,14.74269],[-61.00276,14.74249],[-61.00286,14.74239],[-61.00294,14.74211],[-61.00297,14.74184],[-61.00301,14.74177],[-61.00326,14.74156],[-61.00337,14.74151],[-61.00355,14.74155],[-61.00372,14.74175],[-61.00383,14.74199],[-61.00392,14.74209],[-61.00418,14.74224],[-61.00447,14.74237],[-61.00474,14.74234],[-61.00517,14.74235],[-61.00534,14.74237],[-61.00557,14.74245],[-61.00571,14.7426],[-61.0058,14.74277],[-61.00584,14.74317],[-61.00589,14.74338],[-61.00589,14.74365],[-61.0058,14.74396],[-61.00585,14.74408],[-61.00601,14.74408],[-61.00612,14.74404],[-61.00647,14.7438],[-61.00663,14.74372],[-61.00744,14.74334],[-61.00789,14.74307],[-61.00807,14.74293],[-61.00821,14.74271],[-61.00818,14.7424],[-61.00829,14.74218],[-61.00838,14.74207],[-61.00852,14.74199],[-61.00874,14.7419],[-61.00886,14.74191],[-61.00914,14.74185],[-61.00942,14.74191],[-61.00955,14.74185],[-61.0098,14.74183],[-61.00995,14.74172],[-61.00995,14.74161],[-61.00977,14.74135],[-61.00959,14.74118],[-61.00936,14.74104],[-61.00929,14.74097],[-61.0092,14.74041],[-61.0092,14.74012],[-61.00923,14.73993],[-61.00909,14.73976],[-61.00878,14.73962],[-61.00847,14.73943],[-61.00828,14.7394],[-61.00804,14.73931],[-61.00802,14.73922],[-61.00813,14.73915],[-61.00842,14.73919],[-61.00909,14.7392],[-61.00926,14.73924],[-61.00941,14.73934],[-61.00979,14.73961],[-61.00992,14.73967],[-61.01001,14.73964],[-61.01013,14.73954],[-61.01026,14.73925],[-61.01012,14.73886],[-61.00997,14.73869],[-61.0097,14.73853],[-61.00969,14.73844],[-61.00983,14.73822],[-61.01004,14.73821],[-61.01042,14.73833],[-61.01055,14.73835],[-61.01083,14.73821],[-61.01092,14.73811],[-61.01098,14.73792],[-61.01096,14.73775],[-61.01088,14.73769],[-61.01026,14.73762],[-61.01001,14.73751],[-61.00993,14.73734],[-61.01,14.73721],[-61.0101,14.73714],[-61.01018,14.73714],[-61.01042,14.73722],[-61.01062,14.73723],[-61.01091,14.7372],[-61.01124,14.73721],[-61.01162,14.73728],[-61.01173,14.73744],[-61.01174,14.73756],[-61.01183,14.7376],[-61.01227,14.73753],[-61.01259,14.73736],[-61.01284,14.73725],[-61.01316,14.73705],[-61.01357,14.73674],[-61.01367,14.7367],[-61.01406,14.73663],[-61.01412,14.73658],[-61.01416,14.73645],[-61.01401,14.73626],[-61.01372,14.73614],[-61.01359,14.73617],[-61.01343,14.73627],[-61.01324,14.73632],[-61.01313,14.73625],[-61.01312,14.73607],[-61.01321,14.73591],[-61.01342,14.73568],[-61.01371,14.73549],[-61.01456,14.73461],[-61.01483,14.73451],[-61.01537,14.7346],[-61.01565,14.7346],[-61.01573,14.7347],[-61.01559,14.73489],[-61.01531,14.73513],[-61.01519,14.73529],[-61.01522,14.73538],[-61.01544,14.73551],[-61.01562,14.73549],[-61.01589,14.73526],[-61.0161,14.73497],[-61.01618,14.73465],[-61.01627,14.73455],[-61.01651,14.73463],[-61.01671,14.73479],[-61.01678,14.73487],[-61.01681,14.73507],[-61.0166,14.73534],[-61.01648,14.73556],[-61.01645,14.73577],[-61.0166,14.73597],[-61.01688,14.73613],[-61.01716,14.73616],[-61.01735,14.73613],[-61.01754,14.73621],[-61.01765,14.73619],[-61.01794,14.73606],[-61.01836,14.73616],[-61.01851,14.73612],[-61.01895,14.73583],[-61.01913,14.73576],[-61.0193,14.73574],[-61.01954,14.73581],[-61.01967,14.73592],[-61.02006,14.73615],[-61.02022,14.73618],[-61.02038,14.73615],[-61.02048,14.73607],[-61.02059,14.73587],[-61.0206,14.73573],[-61.02056,14.73552],[-61.0205,14.73536],[-61.02023,14.73497],[-61.02014,14.73473],[-61.02022,14.73464],[-61.02037,14.73465],[-61.02066,14.73473],[-61.0208,14.73481],[-61.02091,14.73495],[-61.02096,14.73512],[-61.02117,14.7353],[-61.02158,14.73538],[-61.02176,14.73535],[-61.02188,14.73528],[-61.02195,14.73542],[-61.02208,14.73538],[-61.02235,14.73538],[-61.02249,14.73532],[-61.02267,14.73517],[-61.02277,14.73504],[-61.02297,14.73472],[-61.02313,14.7347],[-61.02344,14.73478],[-61.02371,14.73488],[-61.0239,14.73488],[-61.02403,14.73482],[-61.02418,14.7347],[-61.02428,14.73468],[-61.02457,14.73475],[-61.02473,14.7347],[-61.02475,14.7345],[-61.02489,14.73443],[-61.02509,14.73457],[-61.02521,14.73473],[-61.02527,14.73488],[-61.02548,14.73482],[-61.02597,14.73486],[-61.02636,14.73483],[-61.0269,14.73485],[-61.027,14.73494],[-61.02706,14.73508],[-61.02717,14.73514],[-61.02739,14.73514],[-61.02749,14.73526],[-61.02758,14.73542],[-61.02767,14.73545],[-61.02772,14.73529],[-61.0278,14.73518],[-61.02792,14.73512],[-61.028,14.73499],[-61.02806,14.73476],[-61.02813,14.73472],[-61.02822,14.73478],[-61.02829,14.73502],[-61.02836,14.73512],[-61.02854,14.73528],[-61.02857,14.73543],[-61.02865,14.73554],[-61.02917,14.73574],[-61.02934,14.73574],[-61.02967,14.73565],[-61.02994,14.7356],[-61.03013,14.73537],[-61.03026,14.73507],[-61.03054,14.73544],[-61.03068,14.73554],[-61.03075,14.73576],[-61.03084,14.73585],[-61.03102,14.73593],[-61.03128,14.73621],[-61.03145,14.73632],[-61.03166,14.73668],[-61.03197,14.7369],[-61.03222,14.73715],[-61.03277,14.7376],[-61.03298,14.7378],[-61.03324,14.73803],[-61.03354,14.73831],[-61.03371,14.73843],[-61.03451,14.73918],[-61.03475,14.73934],[-61.03495,14.73955],[-61.03508,14.73965],[-61.03538,14.73996],[-61.03593,14.73986],[-61.03654,14.73973],[-61.03678,14.73973],[-61.03703,14.73969],[-61.03694,14.73989],[-61.0369,14.74022],[-61.03897,14.74035],[-61.0393,14.74035],[-61.0394,14.74032],[-61.03977,14.74041],[-61.04175,14.74053],[-61.04244,14.74071],[-61.0428,14.74085],[-61.04297,14.74085],[-61.04306,14.74094],[-61.04348,14.74099],[-61.04382,14.74099],[-61.04507,14.74129],[-61.04527,14.74133],[-61.04565,14.74147],[-61.04864,14.74217],[-61.04814,14.74258],[-61.04823,14.74259],[-61.0487,14.74279],[-61.0488,14.7428],[-61.04972,14.74316],[-61.05002,14.74326],[-61.05011,14.74332],[-61.05024,14.74346],[-61.05044,14.74356],[-61.05088,14.74366],[-61.05099,14.74365],[-61.05143,14.74356],[-61.05196,14.74352],[-61.05219,14.74359],[-61.05229,14.74368],[-61.05239,14.74383],[-61.05262,14.74429],[-61.05283,14.74457],[-61.05307,14.74483],[-61.05315,14.74496],[-61.05315,14.74519],[-61.05312,14.74531],[-61.05304,14.74617],[-61.05298,14.74659],[-61.05297,14.74683],[-61.05299,14.7471],[-61.05318,14.74747],[-61.05313,14.74762],[-61.05321,14.74773],[-61.05338,14.74806],[-61.05343,14.74824],[-61.05339,14.74843],[-61.05367,14.74889],[-61.05381,14.74915],[-61.05388,14.74948],[-61.05398,14.74975],[-61.05407,14.74988],[-61.05409,14.74999],[-61.05429,14.75036],[-61.0543,14.7505],[-61.05423,14.75073],[-61.0542,14.75141],[-61.05416,14.75186],[-61.05416,14.75206],[-61.05422,14.75249],[-61.05414,14.75276],[-61.05407,14.75289],[-61.05372,14.75335],[-61.05342,14.75366],[-61.05324,14.75378],[-61.05323,14.75383],[-61.05292,14.75406],[-61.05284,14.75413],[-61.05284,14.75425],[-61.05304,14.75453],[-61.0531,14.75476],[-61.05324,14.75489],[-61.05353,14.755],[-61.05362,14.75509],[-61.05397,14.75566],[-61.05411,14.75593],[-61.0543,14.7562],[-61.05433,14.75634],[-61.05424,14.75671],[-61.05425,14.75682],[-61.05419,14.75695],[-61.05362,14.75769],[-61.05338,14.75794],[-61.05321,14.75825],[-61.05313,14.75862],[-61.05293,14.75873],[-61.05287,14.75883],[-61.05227,14.7595],[-61.05195,14.75982],[-61.05184,14.75996],[-61.05162,14.7603],[-61.05153,14.76052],[-61.0514,14.76068],[-61.05118,14.76084],[-61.05092,14.761],[-61.05081,14.76103],[-61.05065,14.76116],[-61.05034,14.76157],[-61.05016,14.76183],[-61.04995,14.76204],[-61.04991,14.76217],[-61.04977,14.76222],[-61.04919,14.76235],[-61.04905,14.76248],[-61.04893,14.76276],[-61.04861,14.76273],[-61.0485,14.76276],[-61.04837,14.76285],[-61.04834,14.76293],[-61.04788,14.76313],[-61.04798,14.76336],[-61.04818,14.76354],[-61.04829,14.76371],[-61.04829,14.76391],[-61.04833,14.76411],[-61.04847,14.76445],[-61.04856,14.76507],[-61.04852,14.76561],[-61.04842,14.76596],[-61.04845,14.76611],[-61.04846,14.76643],[-61.04862,14.76654],[-61.04991,14.76566],[-61.05101,14.76751],[-61.05051,14.7679],[-61.04997,14.76849],[-61.04937,14.76896],[-61.04895,14.76939],[-61.04878,14.76954],[-61.04853,14.76987],[-61.04834,14.77007],[-61.0481,14.77025],[-61.04793,14.77078],[-61.04721,14.77218],[-61.04664,14.77275],[-61.04639,14.77311],[-61.04619,14.77335],[-61.0461,14.77369],[-61.04605,14.77378],[-61.04583,14.77386],[-61.04551,14.7737],[-61.04535,14.77366],[-61.04517,14.77365],[-61.04489,14.77368],[-61.04476,14.77373],[-61.04459,14.77388],[-61.04437,14.77432],[-61.0441,14.77466],[-61.04402,14.77481],[-61.0437,14.77492],[-61.04365,14.77523],[-61.04366,14.77558],[-61.04369,14.77571],[-61.04384,14.77594],[-61.04419,14.77628],[-61.04421,14.77642],[-61.0439,14.77709],[-61.04383,14.77729],[-61.04402,14.77756],[-61.04422,14.77777],[-61.04458,14.77801],[-61.04467,14.7781],[-61.04473,14.77828],[-61.04475,14.77863],[-61.0453,14.779],[-61.04559,14.77916],[-61.04646,14.77975],[-61.04685,14.78008],[-61.04715,14.78028],[-61.04725,14.78031],[-61.04764,14.78037],[-61.04782,14.78057],[-61.04784,14.78081],[-61.04784,14.78107],[-61.04709,14.78239],[-61.04747,14.78301],[-61.04742,14.78358],[-61.04713,14.78519],[-61.04663,14.78568],[-61.04651,14.78585],[-61.04627,14.78603],[-61.04618,14.78616],[-61.04595,14.78637],[-61.04569,14.78655],[-61.04542,14.7867],[-61.04523,14.78676],[-61.04481,14.78706],[-61.04462,14.78725],[-61.0444,14.78742],[-61.04407,14.78759],[-61.044,14.78764],[-61.04384,14.78791],[-61.04369,14.7881],[-61.04337,14.78857],[-61.04322,14.78874],[-61.04307,14.78882],[-61.04284,14.78897],[-61.04275,14.78907],[-61.0424,14.78908],[-61.04223,14.78911],[-61.04211,14.78918],[-61.04123,14.79048],[-61.04123,14.79074],[-61.04121,14.7908],[-61.04117,14.79121],[-61.04095,14.7912],[-61.0409,14.79167],[-61.04093,14.79251],[-61.04086,14.79285],[-61.04052,14.79326],[-61.04011,14.79338],[-61.04004,14.7935],[-61.03989,14.79354],[-61.0398,14.79366],[-61.03965,14.79376],[-61.03958,14.79391],[-61.0395,14.79396],[-61.03927,14.794],[-61.03911,14.79413],[-61.0389,14.79436],[-61.03864,14.79452],[-61.03846,14.79456],[-61.0381,14.79456],[-61.03793,14.79468],[-61.03769,14.79471],[-61.03755,14.79476],[-61.03749,14.79506],[-61.03742,14.79528],[-61.0374,14.79547],[-61.03731,14.79566],[-61.03725,14.79572],[-61.0372,14.79591],[-61.03712,14.79606],[-61.03696,14.79611],[-61.03658,14.79635],[-61.03639,14.79643],[-61.03632,14.79649],[-61.03619,14.79686],[-61.03607,14.79692],[-61.03575,14.79687],[-61.03544,14.79694],[-61.03534,14.79711],[-61.03509,14.79717],[-61.03496,14.79709],[-61.03483,14.79711],[-61.03462,14.79736],[-61.03447,14.79737],[-61.0342,14.7972],[-61.03395,14.79724],[-61.03383,14.79736],[-61.03372,14.79768],[-61.0336,14.79786],[-61.03345,14.79788],[-61.03316,14.79776],[-61.03291,14.79749],[-61.03273,14.79745],[-61.03264,14.79746],[-61.03249,14.79757],[-61.03236,14.79775],[-61.03215,14.79786],[-61.03186,14.79785],[-61.03172,14.79791],[-61.0317,14.79798],[-61.03171,14.79826],[-61.03159,14.79855],[-61.03143,14.79867],[-61.0312,14.79873],[-61.03094,14.79885],[-61.03082,14.79911],[-61.03065,14.79917],[-61.03043,14.79916],[-61.03027,14.79926],[-61.03021,14.79948],[-61.03011,14.79966],[-61.02989,14.79965],[-61.02947,14.79953],[-61.0291,14.79948],[-61.02901,14.79952],[-61.0289,14.79967],[-61.02878,14.79995],[-61.02876,14.80019],[-61.02888,14.80033],[-61.02884,14.80051],[-61.02866,14.80072],[-61.02879,14.80082],[-61.02903,14.80084],[-61.02923,14.80088],[-61.02943,14.80101],[-61.02954,14.80119],[-61.02954,14.80137],[-61.02948,14.80147],[-61.02928,14.80168],[-61.02919,14.80181],[-61.02911,14.80203],[-61.02906,14.80228],[-61.02898,14.80241],[-61.02889,14.8024],[-61.02869,14.80231],[-61.02859,14.80233],[-61.02846,14.80243],[-61.02816,14.80287],[-61.02806,14.80315],[-61.02786,14.80338],[-61.0276,14.80343],[-61.02709,14.80335],[-61.0268,14.80329],[-61.02673,14.80334],[-61.02649,14.80379],[-61.02637,14.80395],[-61.02622,14.80407],[-61.02603,14.80415],[-61.02582,14.8043],[-61.02575,14.80439],[-61.02564,14.80463],[-61.02562,14.80478],[-61.02565,14.80503],[-61.02555,14.80527],[-61.02537,14.80536],[-61.02524,14.80531],[-61.02475,14.80533],[-61.02463,14.80537],[-61.02458,14.8055],[-61.02457,14.80578],[-61.02439,14.80593],[-61.02385,14.8061],[-61.02358,14.80639],[-61.02364,14.80657],[-61.02361,14.80667],[-61.02367,14.80696],[-61.0236,14.80706],[-61.02347,14.80709],[-61.0232,14.80706],[-61.02296,14.8071],[-61.02276,14.80721],[-61.02254,14.80752],[-61.02252,14.80773],[-61.02247,14.80782],[-61.02244,14.80804],[-61.02208,14.80818],[-61.02181,14.80822],[-61.02155,14.80829],[-61.0213,14.80852],[-61.02113,14.80858],[-61.0208,14.80851],[-61.02059,14.80836],[-61.02036,14.80836],[-61.02006,14.80846],[-61.01953,14.80851],[-61.0193,14.80858],[-61.01914,14.80869],[-61.01907,14.8088],[-61.01897,14.80903],[-61.01892,14.80944],[-61.01881,14.80948],[-61.01858,14.80971]]],[[[-60.96453,14.77418],[-60.9644,14.77433],[-60.96429,14.77431],[-60.96402,14.77418],[-60.96377,14.77397],[-60.96374,14.77372],[-60.96367,14.77361],[-60.9635,14.77343],[-60.96325,14.77329],[-60.96297,14.77307],[-60.9629,14.77296],[-60.96253,14.77264],[-60.96263,14.77249],[-60.96264,14.7723],[-60.96253,14.77211],[-60.96265,14.77197],[-60.96261,14.77181],[-60.9625,14.7717],[-60.96249,14.77162],[-60.96275,14.7715],[-60.96286,14.77146],[-60.96302,14.77149],[-60.96338,14.77132],[-60.96355,14.77135],[-60.96379,14.7715],[-60.96411,14.77183],[-60.96417,14.77202],[-60.96436,14.77234],[-60.96457,14.77251],[-60.96469,14.77297],[-60.96446,14.77313],[-60.96441,14.77321],[-60.96444,14.77351],[-60.96455,14.77378],[-60.96469,14.77404],[-60.96453,14.77418]]],[[[-60.97936,14.77562],[-60.9791,14.77553],[-60.97886,14.77561],[-60.97877,14.77553],[-60.97865,14.77553],[-60.97863,14.77538],[-60.97884,14.7753],[-60.97901,14.77517],[-60.97907,14.77507],[-60.97915,14.77512],[-60.97918,14.77525],[-60.97936,14.77537],[-60.97939,14.77546],[-60.97951,14.77554],[-60.97936,14.77562]]],[[[-60.98018,14.77783],[-60.98012,14.77795],[-60.98005,14.77789],[-60.98007,14.7778],[-60.97991,14.77772],[-60.9798,14.77786],[-60.97966,14.77784],[-60.97961,14.77774],[-60.97966,14.77767],[-60.97977,14.77764],[-60.97982,14.77775],[-60.97996,14.77767],[-60.98024,14.77774],[-60.98018,14.77783]]],[[[-60.99075,14.78779],[-60.99069,14.78791],[-60.99052,14.7881],[-60.99036,14.78822],[-60.99024,14.7882],[-60.99014,14.78828],[-60.98994,14.7883],[-60.98987,14.78824],[-60.98968,14.78845],[-60.98953,14.78842],[-60.98963,14.78829],[-60.98949,14.7882],[-60.98935,14.78819],[-60.98917,14.78825],[-60.9891,14.78833],[-60.98925,14.78847],[-60.98914,14.78855],[-60.98899,14.78849],[-60.98894,14.78826],[-60.98888,14.7882],[-60.98883,14.78794],[-60.98872,14.78814],[-60.98861,14.78811],[-60.98848,14.78819],[-60.98821,14.78826],[-60.98791,14.78836],[-60.98766,14.78847],[-60.98751,14.78862],[-60.98741,14.78845],[-60.98755,14.78833],[-60.98762,14.7882],[-60.98767,14.78775],[-60.98783,14.78744],[-60.98795,14.78726],[-60.98796,14.78712],[-60.98789,14.78705],[-60.98801,14.78694],[-60.98822,14.78667],[-60.9884,14.78656],[-60.98848,14.78656],[-60.98863,14.78669],[-60.98872,14.78688],[-60.98873,14.78701],[-60.98895,14.78726],[-60.98898,14.78735],[-60.98908,14.7874],[-60.98925,14.78742],[-60.98959,14.78734],[-60.98972,14.78726],[-60.98986,14.78726],[-60.99021,14.78707],[-60.99053,14.78705],[-60.99062,14.78708],[-60.99073,14.78722],[-60.99076,14.78737],[-60.9907,14.78743],[-60.9908,14.78766],[-60.99075,14.78779]]]]}},{"type":"Feature","properties":{"nom":"Schœlcher","code":"97229"},"geometry":{"type":"Polygon","coordinates":[[[-61.10064,14.6957],[-61.10079,14.69539],[-61.1011,14.695],[-61.10129,14.69482],[-61.10159,14.69463],[-61.10188,14.69447],[-61.10264,14.69436],[-61.10288,14.6942],[-61.10286,14.69408],[-61.10266,14.69365],[-61.10249,14.69323],[-61.10244,14.69229],[-61.10231,14.69117],[-61.10228,14.69068],[-61.10268,14.6896],[-61.10288,14.68891],[-61.10293,14.68849],[-61.1029,14.68827],[-61.10273,14.6881],[-61.10273,14.688],[-61.10263,14.68784],[-61.1027,14.68775],[-61.10269,14.68759],[-61.10247,14.68738],[-61.10233,14.68741],[-61.10227,14.68731],[-61.10225,14.68712],[-61.10216,14.68683],[-61.10197,14.68673],[-61.10182,14.68676],[-61.10167,14.68672],[-61.10163,14.68667],[-61.10163,14.68607],[-61.10148,14.68592],[-61.10139,14.68575],[-61.10115,14.68564],[-61.10097,14.68566],[-61.10081,14.6856],[-61.10067,14.6855],[-61.10049,14.68526],[-61.10023,14.68439],[-61.09974,14.68352],[-61.09964,14.68297],[-61.09965,14.68232],[-61.09958,14.68195],[-61.09938,14.68145],[-61.09923,14.68097],[-61.09931,14.68045],[-61.09913,14.67992],[-61.09901,14.67972],[-61.09896,14.6793],[-61.09881,14.67913],[-61.09867,14.67901],[-61.09819,14.67824],[-61.09831,14.67735],[-61.09838,14.67705],[-61.09847,14.67688],[-61.09859,14.67648],[-61.09859,14.67618],[-61.09848,14.67579],[-61.09847,14.67566],[-61.0985,14.67507],[-61.09857,14.67469],[-61.09876,14.67436],[-61.09887,14.67422],[-61.09907,14.67414],[-61.09915,14.67406],[-61.09912,14.67388],[-61.09915,14.67347],[-61.09902,14.67294],[-61.09879,14.67256],[-61.09875,14.67238],[-61.09876,14.67192],[-61.0988,14.67144],[-61.09876,14.67081],[-61.09874,14.67071],[-61.09864,14.6705],[-61.09832,14.66994],[-61.09822,14.66966],[-61.09862,14.6674],[-61.09848,14.66697],[-61.09824,14.66635],[-61.09737,14.66428],[-61.09731,14.66335],[-61.09728,14.66309],[-61.09716,14.66273],[-61.09498,14.66267],[-61.09494,14.66232],[-61.09471,14.66181],[-61.09455,14.66128],[-61.09453,14.6611],[-61.09445,14.66076],[-61.09442,14.66008],[-61.0943,14.65973],[-61.09427,14.65949],[-61.09433,14.65934],[-61.09445,14.65925],[-61.09459,14.65927],[-61.09463,14.65915],[-61.09467,14.6576],[-61.09469,14.65739],[-61.09459,14.65709],[-61.09449,14.65688],[-61.09443,14.65662],[-61.09425,14.65616],[-61.09345,14.65533],[-61.09319,14.65506],[-61.09286,14.65478],[-61.09168,14.6549],[-61.09148,14.6549],[-61.09131,14.65495],[-61.09126,14.65464],[-61.09125,14.65448],[-61.09128,14.65422],[-61.09122,14.6541],[-61.09113,14.65408],[-61.09097,14.65421],[-61.09093,14.65438],[-61.09084,14.65449],[-61.09039,14.65493],[-61.09023,14.65505],[-61.08964,14.65527],[-61.08921,14.65549],[-61.08902,14.65572],[-61.08888,14.65594],[-61.0888,14.656],[-61.08868,14.65598],[-61.08863,14.65586],[-61.08872,14.65564],[-61.08875,14.65542],[-61.08887,14.65521],[-61.08889,14.65492],[-61.08893,14.65486],[-61.08941,14.6548],[-61.08953,14.65476],[-61.08966,14.65464],[-61.08966,14.65446],[-61.08957,14.65434],[-61.08928,14.65425],[-61.08905,14.65424],[-61.08896,14.6541],[-61.08908,14.65389],[-61.08907,14.65374],[-61.08895,14.65355],[-61.08908,14.65333],[-61.08909,14.65307],[-61.08929,14.65273],[-61.08934,14.65256],[-61.0894,14.65227],[-61.08937,14.65211],[-61.08914,14.65179],[-61.08908,14.65165],[-61.08904,14.65134],[-61.08899,14.65118],[-61.08889,14.65112],[-61.08871,14.65113],[-61.08857,14.65101],[-61.08834,14.65048],[-61.08828,14.65023],[-61.08831,14.64981],[-61.0883,14.64949],[-61.08835,14.64915],[-61.08823,14.64887],[-61.08811,14.64865],[-61.08792,14.64853],[-61.08736,14.64852],[-61.0872,14.64842],[-61.08726,14.6483],[-61.08747,14.64809],[-61.08754,14.64799],[-61.0875,14.6478],[-61.08735,14.64771],[-61.087,14.64762],[-61.08687,14.64754],[-61.08674,14.64738],[-61.08669,14.64727],[-61.08672,14.64711],[-61.08686,14.6468],[-61.08685,14.64664],[-61.08661,14.64619],[-61.08659,14.64585],[-61.08663,14.64568],[-61.08672,14.64552],[-61.08694,14.64521],[-61.08714,14.64499],[-61.08719,14.64486],[-61.08704,14.64434],[-61.08688,14.64382],[-61.0868,14.64378],[-61.08565,14.6433],[-61.08553,14.64323],[-61.0854,14.64323],[-61.0853,14.6431],[-61.08529,14.64293],[-61.08519,14.64276],[-61.08504,14.64258],[-61.08498,14.64236],[-61.08468,14.64174],[-61.08455,14.64157],[-61.08441,14.64143],[-61.08399,14.64119],[-61.08391,14.64111],[-61.0842,14.64094],[-61.08405,14.64087],[-61.08371,14.64063],[-61.08363,14.64048],[-61.08356,14.64025],[-61.08348,14.64011],[-61.08338,14.6398],[-61.08333,14.63953],[-61.08324,14.63923],[-61.08313,14.63911],[-61.08297,14.63904],[-61.08289,14.63897],[-61.08281,14.6388],[-61.08269,14.63864],[-61.08265,14.63848],[-61.08251,14.63828],[-61.08237,14.63788],[-61.08235,14.6377],[-61.08221,14.63755],[-61.08235,14.6371],[-61.08224,14.63699],[-61.08221,14.63665],[-61.08246,14.63632],[-61.08244,14.63619],[-61.08236,14.63616],[-61.08232,14.63589],[-61.08239,14.63558],[-61.08238,14.63537],[-61.08232,14.63529],[-61.08206,14.63512],[-61.082,14.63501],[-61.08207,14.63481],[-61.082,14.63474],[-61.08207,14.63452],[-61.08205,14.63445],[-61.08194,14.6344],[-61.08183,14.63419],[-61.08167,14.63419],[-61.08159,14.63409],[-61.08168,14.63396],[-61.08159,14.63383],[-61.08145,14.63387],[-61.0814,14.63382],[-61.08155,14.63361],[-61.08158,14.63324],[-61.08153,14.63294],[-61.08159,14.63266],[-61.08195,14.63211],[-61.08207,14.63197],[-61.0823,14.63181],[-61.08253,14.6317],[-61.0831,14.63164],[-61.08319,14.6316],[-61.08323,14.63144],[-61.08321,14.63133],[-61.08304,14.63095],[-61.083,14.63079],[-61.083,14.63045],[-61.08295,14.62996],[-61.08298,14.62964],[-61.08315,14.62918],[-61.08296,14.62891],[-61.08292,14.62875],[-61.08297,14.62856],[-61.08298,14.62825],[-61.08288,14.62768],[-61.08293,14.62742],[-61.08239,14.62386],[-61.08239,14.62377],[-61.08225,14.6229],[-61.0822,14.62267],[-61.08204,14.62232],[-61.08191,14.62208],[-61.08184,14.62165],[-61.08183,14.62152],[-61.08178,14.62144],[-61.08146,14.6212],[-61.08125,14.62097],[-61.0812,14.62065],[-61.08125,14.62007],[-61.08132,14.61981],[-61.08132,14.61959],[-61.08136,14.61948],[-61.08154,14.61919],[-61.08163,14.6189],[-61.08172,14.61842],[-61.08198,14.61824],[-61.08204,14.61803],[-61.08209,14.61794],[-61.08232,14.61788],[-61.08239,14.61772],[-61.0825,14.61764],[-61.08264,14.61749],[-61.08275,14.61751],[-61.08285,14.61759],[-61.08308,14.61752],[-61.08324,14.61758],[-61.08349,14.61757],[-61.08373,14.61728],[-61.08393,14.6171],[-61.08415,14.61669],[-61.08416,14.61657],[-61.0841,14.61637],[-61.08407,14.61597],[-61.08409,14.61578],[-61.08419,14.61554],[-61.08429,14.61519],[-61.08438,14.61495],[-61.08467,14.61454],[-61.08481,14.61444],[-61.08487,14.61428],[-61.08503,14.6142],[-61.08514,14.6141],[-61.08535,14.61381],[-61.08546,14.61362],[-61.08579,14.6133],[-61.08595,14.61329],[-61.08605,14.61322],[-61.08614,14.613],[-61.0864,14.61274],[-61.08648,14.61257],[-61.08661,14.61239],[-61.0866,14.61221],[-61.08662,14.61196],[-61.08668,14.61188],[-61.08722,14.6115],[-61.08734,14.61129],[-61.08749,14.6111],[-61.08757,14.61088],[-61.08778,14.6105],[-61.08796,14.61024],[-61.088,14.61014],[-61.08797,14.60992],[-61.08783,14.60956],[-61.0877,14.60941],[-61.08767,14.60929],[-61.08769,14.60914],[-61.08778,14.60892],[-61.08783,14.6085],[-61.08793,14.60832],[-61.08812,14.6079],[-61.08812,14.60775],[-61.08808,14.60743],[-61.08794,14.60713],[-61.08795,14.60688],[-61.08804,14.60661],[-61.08815,14.60654],[-61.08843,14.60639],[-61.08849,14.6062],[-61.08861,14.60604],[-61.08889,14.60584],[-61.0892,14.60553],[-61.08972,14.60496],[-61.08973,14.60488],[-61.08961,14.60481],[-61.08951,14.60459],[-61.08952,14.60435],[-61.08955,14.60429],[-61.08983,14.60408],[-61.08988,14.6039],[-61.09002,14.60376],[-61.0904,14.60324],[-61.09068,14.60299],[-61.09073,14.60285],[-61.09039,14.60254],[-61.09028,14.60239],[-61.09018,14.60211],[-61.09017,14.60187],[-61.09027,14.60155],[-61.09026,14.60141],[-61.0903,14.60119],[-61.09031,14.60097],[-61.09043,14.60074],[-61.09043,14.60045],[-61.0906,14.60026],[-61.09065,14.60029],[-61.09088,14.60027],[-61.09103,14.60038],[-61.09096,14.60054],[-61.09116,14.60074],[-61.09135,14.60077],[-61.09158,14.60069],[-61.0919,14.6004],[-61.09203,14.60019],[-61.09216,14.60023],[-61.09212,14.6005],[-61.09224,14.60075],[-61.09239,14.60115],[-61.09266,14.60161],[-61.09284,14.60183],[-61.09311,14.60226],[-61.09326,14.60246],[-61.09352,14.60286],[-61.09367,14.60305],[-61.09381,14.6033],[-61.09398,14.60341],[-61.0941,14.6036],[-61.09417,14.60383],[-61.0945,14.60424],[-61.09467,14.60438],[-61.09475,14.60441],[-61.0949,14.60435],[-61.0951,14.60437],[-61.0952,14.60451],[-61.0954,14.60465],[-61.09562,14.60486],[-61.09582,14.60496],[-61.09577,14.60506],[-61.09585,14.60522],[-61.09587,14.60533],[-61.09599,14.60543],[-61.09618,14.60544],[-61.09621,14.6053],[-61.09611,14.60505],[-61.09623,14.60499],[-61.09631,14.60527],[-61.09627,14.60553],[-61.09613,14.6058],[-61.09601,14.60596],[-61.09591,14.60616],[-61.0959,14.60635],[-61.09601,14.60673],[-61.09598,14.60692],[-61.09601,14.60702],[-61.09613,14.60715],[-61.09626,14.60708],[-61.09642,14.60713],[-61.09652,14.6071],[-61.09693,14.60707],[-61.09703,14.60708],[-61.09715,14.60717],[-61.09727,14.6073],[-61.09733,14.60762],[-61.09744,14.60781],[-61.09752,14.60808],[-61.09762,14.60829],[-61.09764,14.60851],[-61.09768,14.60859],[-61.09784,14.60871],[-61.09788,14.60879],[-61.09781,14.60909],[-61.09788,14.60932],[-61.09801,14.60952],[-61.09812,14.60975],[-61.0982,14.60998],[-61.09838,14.61028],[-61.09839,14.61048],[-61.09837,14.61063],[-61.0984,14.61083],[-61.09825,14.6109],[-61.09823,14.61105],[-61.09828,14.6112],[-61.09849,14.61158],[-61.09879,14.61191],[-61.09898,14.61215],[-61.09925,14.61243],[-61.09939,14.61243],[-61.09963,14.61256],[-61.09994,14.61264],[-61.10003,14.61269],[-61.10013,14.61294],[-61.10013,14.61317],[-61.1001,14.61363],[-61.10017,14.61388],[-61.10038,14.61406],[-61.10047,14.61425],[-61.10048,14.61441],[-61.10057,14.61452],[-61.10118,14.61499],[-61.10148,14.6152],[-61.10168,14.61531],[-61.10176,14.61528],[-61.10182,14.61514],[-61.10194,14.61513],[-61.10219,14.61472],[-61.10223,14.61475],[-61.102,14.61511],[-61.10225,14.61514],[-61.10236,14.61523],[-61.10251,14.61523],[-61.10292,14.61515],[-61.10315,14.6152],[-61.10329,14.61532],[-61.10338,14.61554],[-61.10337,14.61573],[-61.10342,14.61579],[-61.10374,14.61602],[-61.10392,14.61605],[-61.10404,14.61613],[-61.10439,14.61651],[-61.10437,14.61673],[-61.10425,14.61693],[-61.10404,14.61702],[-61.10376,14.61696],[-61.10364,14.61702],[-61.10356,14.61731],[-61.10362,14.61768],[-61.10379,14.61808],[-61.10395,14.61832],[-61.10407,14.61856],[-61.10414,14.61861],[-61.1045,14.61905],[-61.10471,14.61917],[-61.10475,14.61924],[-61.10495,14.61938],[-61.10539,14.61999],[-61.10563,14.62026],[-61.10623,14.62085],[-61.1066,14.62129],[-61.10669,14.62134],[-61.10718,14.62168],[-61.10776,14.62203],[-61.10827,14.62232],[-61.1086,14.62246],[-61.10889,14.62254],[-61.10901,14.62255],[-61.10934,14.62279],[-61.10945,14.6228],[-61.1097,14.62294],[-61.1099,14.62315],[-61.11015,14.62332],[-61.11021,14.62351],[-61.11034,14.6237],[-61.11041,14.62385],[-61.1107,14.62394],[-61.11083,14.62394],[-61.11088,14.62386],[-61.11107,14.624],[-61.11108,14.62419],[-61.11113,14.62425],[-61.11124,14.62453],[-61.11118,14.62473],[-61.11104,14.62494],[-61.11088,14.62526],[-61.11098,14.62548],[-61.11117,14.62556],[-61.11154,14.62577],[-61.11166,14.62556],[-61.11135,14.6254],[-61.11129,14.6253],[-61.11141,14.62524],[-61.11163,14.62535],[-61.11179,14.62547],[-61.11187,14.62563],[-61.11189,14.62575],[-61.11207,14.62585],[-61.11206,14.62597],[-61.11211,14.62609],[-61.11223,14.62623],[-61.11274,14.62659],[-61.1136,14.62697],[-61.11381,14.62697],[-61.11423,14.62703],[-61.11457,14.62718],[-61.11478,14.62731],[-61.11504,14.62738],[-61.11526,14.62738],[-61.11534,14.62721],[-61.1156,14.62716],[-61.11591,14.62725],[-61.11598,14.62744],[-61.11624,14.62752],[-61.1164,14.62753],[-61.11685,14.62758],[-61.11735,14.62771],[-61.11767,14.62787],[-61.11788,14.62802],[-61.11776,14.62823],[-61.11749,14.62879],[-61.11768,14.62877],[-61.11826,14.62899],[-61.11847,14.62927],[-61.11868,14.62988],[-61.11898,14.63031],[-61.11845,14.63101],[-61.11813,14.63394],[-61.11629,14.63691],[-61.11639,14.63709],[-61.11649,14.6374],[-61.1165,14.63762],[-61.1166,14.63781],[-61.11697,14.63828],[-61.11715,14.63851],[-61.11721,14.63868],[-61.11725,14.63911],[-61.11739,14.63927],[-61.11778,14.6396],[-61.11783,14.63967],[-61.11781,14.64001],[-61.11774,14.64016],[-61.11742,14.64045],[-61.11723,14.6405],[-61.11699,14.64051],[-61.11666,14.64048],[-61.11653,14.6405],[-61.11641,14.64058],[-61.11621,14.64075],[-61.11619,14.64082],[-61.11619,14.64106],[-61.11623,14.64141],[-61.11607,14.64184],[-61.11576,14.64242],[-61.11561,14.64263],[-61.11557,14.6428],[-61.11561,14.64313],[-61.11565,14.64328],[-61.11555,14.64329],[-61.11528,14.64336],[-61.11505,14.64352],[-61.1148,14.64381],[-61.11465,14.64402],[-61.1146,14.64414],[-61.11433,14.64437],[-61.1138,14.64474],[-61.11343,14.64469],[-61.1133,14.64477],[-61.11315,14.64547],[-61.1131,14.64554],[-61.11294,14.64565],[-61.11252,14.64603],[-61.11241,14.64609],[-61.11233,14.6462],[-61.11225,14.64664],[-61.11213,14.64711],[-61.11204,14.64726],[-61.11177,14.64777],[-61.11153,14.64819],[-61.1113,14.64865],[-61.11138,14.64873],[-61.11091,14.64991],[-61.10951,14.65027],[-61.10923,14.6506],[-61.10885,14.65128],[-61.10869,14.65151],[-61.10849,14.65175],[-61.10837,14.65192],[-61.10806,14.65245],[-61.10792,14.65279],[-61.10786,14.65352],[-61.1079,14.65405],[-61.10802,14.65438],[-61.10806,14.65467],[-61.10813,14.65491],[-61.10828,14.65518],[-61.10859,14.6559],[-61.10875,14.65637],[-61.10878,14.65677],[-61.10885,14.65715],[-61.10887,14.65743],[-61.10896,14.65798],[-61.10905,14.65825],[-61.10915,14.6584],[-61.10931,14.65855],[-61.10952,14.65866],[-61.1097,14.65887],[-61.10984,14.65908],[-61.10975,14.65939],[-61.10972,14.65969],[-61.1096,14.66008],[-61.1095,14.66022],[-61.1093,14.66039],[-61.10912,14.66062],[-61.10905,14.66077],[-61.10883,14.66092],[-61.10874,14.66106],[-61.10867,14.6615],[-61.10875,14.66171],[-61.10892,14.66237],[-61.10881,14.66259],[-61.10866,14.66282],[-61.10846,14.66304],[-61.10826,14.66319],[-61.10815,14.6636],[-61.10807,14.66369],[-61.10801,14.66411],[-61.10792,14.66428],[-61.10786,14.66499],[-61.10772,14.66522],[-61.10768,14.66535],[-61.10755,14.66592],[-61.10755,14.66623],[-61.10761,14.66666],[-61.10757,14.6669],[-61.1076,14.66708],[-61.10754,14.66743],[-61.1075,14.66746],[-61.10721,14.66756],[-61.10703,14.6678],[-61.10696,14.66784],[-61.10701,14.66809],[-61.10709,14.66833],[-61.10711,14.66871],[-61.10718,14.66887],[-61.10711,14.66914],[-61.10685,14.6695],[-61.10666,14.66982],[-61.10658,14.66992],[-61.10636,14.67005],[-61.10633,14.67021],[-61.10624,14.67035],[-61.10589,14.67061],[-61.10583,14.67087],[-61.10583,14.67124],[-61.10581,14.67139],[-61.10571,14.67156],[-61.10543,14.67173],[-61.10538,14.6719],[-61.10535,14.67224],[-61.10535,14.67238],[-61.10547,14.67274],[-61.10579,14.67318],[-61.1058,14.67338],[-61.10577,14.67354],[-61.10591,14.67373],[-61.10583,14.67383],[-61.10581,14.67396],[-61.1059,14.67405],[-61.10609,14.67416],[-61.10603,14.67427],[-61.10585,14.67447],[-61.106,14.67451],[-61.10662,14.67445],[-61.10708,14.67449],[-61.10718,14.67454],[-61.10752,14.67477],[-61.10801,14.67482],[-61.10801,14.67494],[-61.10782,14.6754],[-61.1078,14.67571],[-61.10772,14.67595],[-61.1075,14.67645],[-61.1074,14.67661],[-61.10739,14.67668],[-61.10706,14.67719],[-61.10706,14.67757],[-61.1069,14.67787],[-61.10702,14.67811],[-61.10698,14.67833],[-61.10695,14.67877],[-61.10722,14.67919],[-61.10727,14.67957],[-61.10739,14.67971],[-61.10746,14.68007],[-61.10778,14.68051],[-61.10834,14.68088],[-61.10845,14.68103],[-61.10856,14.6811],[-61.10877,14.68117],[-61.10915,14.68149],[-61.10936,14.68151],[-61.1095,14.68158],[-61.10974,14.68183],[-61.1107,14.68263],[-61.11138,14.68316],[-61.11315,14.68363],[-61.11316,14.68385],[-61.11324,14.68414],[-61.11338,14.68461],[-61.11349,14.6848],[-61.1135,14.68498],[-61.11349,14.68569],[-61.11344,14.68596],[-61.11328,14.68649],[-61.11324,14.68671],[-61.11333,14.68694],[-61.11344,14.68725],[-61.11344,14.68756],[-61.11349,14.68779],[-61.11362,14.68805],[-61.11384,14.68827],[-61.11413,14.68853],[-61.1147,14.68896],[-61.11501,14.68913],[-61.11532,14.68928],[-61.11546,14.68948],[-61.11575,14.68984],[-61.1159,14.69021],[-61.1159,14.6903],[-61.11582,14.69042],[-61.11586,14.69063],[-61.11599,14.69086],[-61.11621,14.6912],[-61.11623,14.69138],[-61.11619,14.69157],[-61.11619,14.69172],[-61.11628,14.69196],[-61.11622,14.69227],[-61.11623,14.69259],[-61.1162,14.69279],[-61.11623,14.69302],[-61.11642,14.69327],[-61.11651,14.69353],[-61.11638,14.69367],[-61.11626,14.69373],[-61.11613,14.69391],[-61.1158,14.69461],[-61.11573,14.69481],[-61.11574,14.69538],[-61.1157,14.69558],[-61.11547,14.69612],[-61.11536,14.69661],[-61.11527,14.69682],[-61.11484,14.69728],[-61.11424,14.69746],[-61.11409,14.69768],[-61.114,14.69792],[-61.11358,14.69855],[-61.11342,14.69872],[-61.11355,14.69893],[-61.11349,14.699],[-61.11347,14.69919],[-61.11341,14.69928],[-61.11345,14.69947],[-61.11336,14.69966],[-61.11321,14.69984],[-61.11316,14.70014],[-61.1132,14.70024],[-61.11318,14.70049],[-61.11327,14.70089],[-61.1133,14.70116],[-61.11322,14.7013],[-61.11317,14.70171],[-61.11321,14.7019],[-61.11326,14.70204],[-61.11324,14.70243],[-61.11327,14.70255],[-61.11325,14.70269],[-61.11237,14.70232],[-61.11214,14.70235],[-61.11196,14.70245],[-61.11188,14.70246],[-61.11171,14.70262],[-61.11151,14.70275],[-61.11145,14.70302],[-61.11089,14.70342],[-61.11072,14.70341],[-61.11042,14.70321],[-61.11035,14.70308],[-61.11019,14.70293],[-61.10997,14.70287],[-61.10975,14.70272],[-61.10961,14.70273],[-61.10938,14.70261],[-61.10899,14.70252],[-61.1088,14.70249],[-61.10859,14.7024],[-61.10852,14.7023],[-61.10844,14.70229],[-61.10827,14.70237],[-61.10814,14.70222],[-61.10804,14.70218],[-61.10764,14.70221],[-61.10739,14.70229],[-61.10682,14.7022],[-61.10662,14.70223],[-61.10682,14.7019],[-61.10694,14.70156],[-61.10703,14.70146],[-61.10695,14.70105],[-61.10701,14.70063],[-61.10701,14.70042],[-61.10403,14.70087],[-61.10402,14.70086],[-61.10236,14.69981],[-61.1021,14.6995],[-61.10222,14.69891],[-61.10204,14.69884],[-61.10174,14.69764],[-61.10179,14.69757],[-61.10174,14.69719],[-61.10177,14.6969],[-61.10162,14.6965],[-61.10136,14.6961],[-61.10113,14.69591],[-61.1008,14.69575],[-61.10064,14.6957]]]}},{"type":"Feature","properties":{"nom":"La Trinité","code":"97230"},"geometry":{"type":"MultiPolygon","coordinates":[[[[-60.93395,14.73124],[-60.93373,14.73132],[-60.93348,14.73137],[-60.93324,14.73145],[-60.93307,14.73147],[-60.93295,14.73142],[-60.93285,14.73131],[-60.9326,14.73121],[-60.93262,14.73113],[-60.9325,14.73095],[-60.93245,14.73083],[-60.93248,14.73052],[-60.93245,14.73037],[-60.93261,14.73017],[-60.93281,14.73014],[-60.93299,14.73015],[-60.93341,14.73033],[-60.93366,14.73049],[-60.93379,14.73073],[-60.93399,14.73075],[-60.93414,14.7309],[-60.93417,14.73107],[-60.93395,14.73124]]],[[[-61.02188,14.73528],[-61.02176,14.73535],[-61.02158,14.73538],[-61.02117,14.7353],[-61.02096,14.73512],[-61.02091,14.73495],[-61.0208,14.73481],[-61.02066,14.73473],[-61.02037,14.73465],[-61.02022,14.73464],[-61.02014,14.73473],[-61.02023,14.73497],[-61.0205,14.73536],[-61.02056,14.73552],[-61.0206,14.73573],[-61.02059,14.73587],[-61.02048,14.73607],[-61.02038,14.73615],[-61.02022,14.73618],[-61.02006,14.73615],[-61.01967,14.73592],[-61.01954,14.73581],[-61.0193,14.73574],[-61.01913,14.73576],[-61.01895,14.73583],[-61.01851,14.73612],[-61.01836,14.73616],[-61.01794,14.73606],[-61.01765,14.73619],[-61.01754,14.73621],[-61.01735,14.73613],[-61.01716,14.73616],[-61.01688,14.73613],[-61.0166,14.73597],[-61.01645,14.73577],[-61.01648,14.73556],[-61.0166,14.73534],[-61.01681,14.73507],[-61.01678,14.73487],[-61.01671,14.73479],[-61.01651,14.73463],[-61.01627,14.73455],[-61.01618,14.73465],[-61.0161,14.73497],[-61.01589,14.73526],[-61.01562,14.73549],[-61.01544,14.73551],[-61.01522,14.73538],[-61.01519,14.73529],[-61.01531,14.73513],[-61.01559,14.73489],[-61.01573,14.7347],[-61.01565,14.7346],[-61.01537,14.7346],[-61.01483,14.73451],[-61.01456,14.73461],[-61.01371,14.73549],[-61.01342,14.73568],[-61.01321,14.73591],[-61.01312,14.73607],[-61.01313,14.73625],[-61.01324,14.73632],[-61.01343,14.73627],[-61.01359,14.73617],[-61.01372,14.73614],[-61.01401,14.73626],[-61.01416,14.73645],[-61.01412,14.73658],[-61.01406,14.73663],[-61.01367,14.7367],[-61.01357,14.73674],[-61.01316,14.73705],[-61.01284,14.73725],[-61.01259,14.73736],[-61.01227,14.73753],[-61.01183,14.7376],[-61.01174,14.73756],[-61.01173,14.73744],[-61.01162,14.73728],[-61.01124,14.73721],[-61.01091,14.7372],[-61.01062,14.73723],[-61.01042,14.73722],[-61.01018,14.73714],[-61.0101,14.73714],[-61.01,14.73721],[-61.00993,14.73734],[-61.01001,14.73751],[-61.01026,14.73762],[-61.01088,14.73769],[-61.01096,14.73775],[-61.01098,14.73792],[-61.01092,14.73811],[-61.01083,14.73821],[-61.01055,14.73835],[-61.01042,14.73833],[-61.01004,14.73821],[-61.00983,14.73822],[-61.00969,14.73844],[-61.0097,14.73853],[-61.00997,14.73869],[-61.01012,14.73886],[-61.01026,14.73925],[-61.01013,14.73954],[-61.01001,14.73964],[-61.00992,14.73967],[-61.00979,14.73961],[-61.00941,14.73934],[-61.00926,14.73924],[-61.00909,14.7392],[-61.00842,14.73919],[-61.00813,14.73915],[-61.00802,14.73922],[-61.00804,14.73931],[-61.00828,14.7394],[-61.00847,14.73943],[-61.00878,14.73962],[-61.00909,14.73976],[-61.00923,14.73993],[-61.0092,14.74012],[-61.0092,14.74041],[-61.00929,14.74097],[-61.00936,14.74104],[-61.00959,14.74118],[-61.00977,14.74135],[-61.00995,14.74161],[-61.00995,14.74172],[-61.0098,14.74183],[-61.00955,14.74185],[-61.00942,14.74191],[-61.00914,14.74185],[-61.00886,14.74191],[-61.00874,14.7419],[-61.00852,14.74199],[-61.00838,14.74207],[-61.00829,14.74218],[-61.00818,14.7424],[-61.00821,14.74271],[-61.00807,14.74293],[-61.00789,14.74307],[-61.00744,14.74334],[-61.00663,14.74372],[-61.00647,14.7438],[-61.00612,14.74404],[-61.00601,14.74408],[-61.00585,14.74408],[-61.0058,14.74396],[-61.00589,14.74365],[-61.00589,14.74338],[-61.00584,14.74317],[-61.0058,14.74277],[-61.00571,14.7426],[-61.00557,14.74245],[-61.00534,14.74237],[-61.00517,14.74235],[-61.00474,14.74234],[-61.00447,14.74237],[-61.00418,14.74224],[-61.00392,14.74209],[-61.00383,14.74199],[-61.00372,14.74175],[-61.00355,14.74155],[-61.00337,14.74151],[-61.00326,14.74156],[-61.00301,14.74177],[-61.00297,14.74184],[-61.00294,14.74211],[-61.00286,14.74239],[-61.00276,14.74249],[-61.0025,14.74269],[-61.00241,14.74272],[-61.00225,14.74268],[-61.00152,14.74317],[-61.00142,14.74327],[-61.00124,14.74329],[-61.00102,14.74341],[-61.00081,14.7436],[-61.00044,14.74385],[-61.00014,14.74408],[-60.99981,14.74418],[-60.99969,14.74413],[-60.99787,14.74586],[-60.99754,14.74621],[-60.99729,14.74643],[-60.99715,14.74662],[-60.99661,14.74718],[-60.9969,14.74738],[-60.998,14.7483],[-60.99733,14.7491],[-60.99768,14.74935],[-60.99782,14.74947],[-60.99768,14.74958],[-60.99729,14.74996],[-60.99724,14.75005],[-60.99718,14.75046],[-60.99719,14.75074],[-60.9973,14.75086],[-60.9968,14.75096],[-60.99636,14.75108],[-60.99599,14.75124],[-60.99564,14.75136],[-60.9951,14.75146],[-60.9948,14.75154],[-60.99446,14.75158],[-60.99398,14.75156],[-60.9938,14.75158],[-60.99356,14.7517],[-60.99314,14.75177],[-60.99299,14.75181],[-60.99197,14.75231],[-60.99163,14.75245],[-60.99149,14.75247],[-60.9912,14.7524],[-60.99097,14.75225],[-60.9906,14.75198],[-60.99017,14.75172],[-60.98989,14.75162],[-60.98967,14.75159],[-60.98918,14.75159],[-60.98868,14.75156],[-60.98806,14.75156],[-60.98785,14.75154],[-60.98765,14.75148],[-60.98741,14.7513],[-60.98726,14.75106],[-60.98694,14.75026],[-60.98684,14.75031],[-60.98651,14.75075],[-60.9864,14.75105],[-60.98635,14.75133],[-60.98625,14.7516],[-60.98573,14.75187],[-60.98506,14.75224],[-60.98479,14.75239],[-60.98469,14.75248],[-60.98419,14.75298],[-60.98393,14.75321],[-60.98287,14.7545],[-60.98301,14.75455],[-60.98291,14.75477],[-60.98281,14.75506],[-60.98275,14.75541],[-60.98279,14.75564],[-60.98285,14.75578],[-60.9829,14.75601],[-60.98292,14.75644],[-60.98287,14.7567],[-60.98265,14.75677],[-60.98229,14.75706],[-60.98199,14.7572],[-60.98182,14.75718],[-60.98163,14.7571],[-60.98129,14.75708],[-60.981,14.75726],[-60.98083,14.75733],[-60.98077,14.75739],[-60.98052,14.75753],[-60.98042,14.75774],[-60.98038,14.75847],[-60.98017,14.75863],[-60.98014,14.75882],[-60.97997,14.75903],[-60.97969,14.75911],[-60.97958,14.75921],[-60.97937,14.75965],[-60.97924,14.75997],[-60.97922,14.76027],[-60.97917,14.76045],[-60.97909,14.76048],[-60.97899,14.76062],[-60.97857,14.76091],[-60.97827,14.76117],[-60.97811,14.76135],[-60.97787,14.76144],[-60.97735,14.76159],[-60.97691,14.76168],[-60.97671,14.76142],[-60.97654,14.76135],[-60.97644,14.76123],[-60.97635,14.76101],[-60.97628,14.76092],[-60.97613,14.76089],[-60.97581,14.76112],[-60.97569,14.76113],[-60.97555,14.76108],[-60.97523,14.76116],[-60.97484,14.76138],[-60.97424,14.76173],[-60.97405,14.76186],[-60.97366,14.76206],[-60.9733,14.76229],[-60.97294,14.76256],[-60.97289,14.76289],[-60.97283,14.76301],[-60.97239,14.76274],[-60.97202,14.76248],[-60.97186,14.76239],[-60.97159,14.76227],[-60.97115,14.76212],[-60.97079,14.76185],[-60.97038,14.76163],[-60.97006,14.76153],[-60.96995,14.76144],[-60.9697,14.76109],[-60.96959,14.76089],[-60.96931,14.76058],[-60.96922,14.76057],[-60.96882,14.76069],[-60.96837,14.76076],[-60.96805,14.76069],[-60.96794,14.7606],[-60.96782,14.76028],[-60.96782,14.7601],[-60.96789,14.75978],[-60.96787,14.75959],[-60.96775,14.7592],[-60.96751,14.75876],[-60.96746,14.75863],[-60.96732,14.75838],[-60.96702,14.75806],[-60.96694,14.75782],[-60.96676,14.7575],[-60.96669,14.75726],[-60.96646,14.75686],[-60.96629,14.75634],[-60.96618,14.7561],[-60.96621,14.75594],[-60.96628,14.75577],[-60.96619,14.75546],[-60.96583,14.75502],[-60.96591,14.7549],[-60.96599,14.75488],[-60.9663,14.75526],[-60.96639,14.7556],[-60.96656,14.75564],[-60.96678,14.75553],[-60.96698,14.75538],[-60.96722,14.75511],[-60.96739,14.75486],[-60.96743,14.75473],[-60.96719,14.75459],[-60.96727,14.75425],[-60.96738,14.75399],[-60.96754,14.75395],[-60.96764,14.75401],[-60.96774,14.75391],[-60.96777,14.75363],[-60.96776,14.75328],[-60.96772,14.75309],[-60.96754,14.75268],[-60.96734,14.75212],[-60.96719,14.7519],[-60.96712,14.75184],[-60.96662,14.75161],[-60.9665,14.75158],[-60.96629,14.75136],[-60.96621,14.75088],[-60.96624,14.75066],[-60.9663,14.75044],[-60.96628,14.75025],[-60.96623,14.7502],[-60.96601,14.75014],[-60.96579,14.74987],[-60.96579,14.7498],[-60.96569,14.74959],[-60.96578,14.74955],[-60.9657,14.74941],[-60.96544,14.74909],[-60.96567,14.7489],[-60.96555,14.7488],[-60.96541,14.74884],[-60.96535,14.74881],[-60.96514,14.74853],[-60.96484,14.74821],[-60.96449,14.74795],[-60.96424,14.74779],[-60.96388,14.74751],[-60.9637,14.7475],[-60.96341,14.74744],[-60.96332,14.74745],[-60.96296,14.74739],[-60.96292,14.74736],[-60.96273,14.74735],[-60.96243,14.74744],[-60.96225,14.74753],[-60.96188,14.74783],[-60.96184,14.74808],[-60.96183,14.74827],[-60.96173,14.74836],[-60.9616,14.74823],[-60.96153,14.74807],[-60.96156,14.74798],[-60.96174,14.74779],[-60.96179,14.74759],[-60.96176,14.74746],[-60.96179,14.74718],[-60.96174,14.74702],[-60.96209,14.74681],[-60.96226,14.74662],[-60.9625,14.74643],[-60.96275,14.74638],[-60.96301,14.74637],[-60.96315,14.74629],[-60.96334,14.746],[-60.96341,14.7458],[-60.96351,14.74564],[-60.96359,14.74538],[-60.96357,14.74518],[-60.96358,14.74481],[-60.96366,14.74455],[-60.96361,14.74446],[-60.96366,14.7444],[-60.96356,14.7442],[-60.9634,14.744],[-60.96338,14.74388],[-60.96315,14.74366],[-60.96301,14.7433],[-60.96287,14.74309],[-60.96266,14.74301],[-60.96256,14.74306],[-60.96233,14.74329],[-60.96224,14.74325],[-60.96247,14.74304],[-60.96281,14.74266],[-60.96283,14.74257],[-60.96282,14.74229],[-60.96274,14.74213],[-60.96272,14.74198],[-60.96263,14.742],[-60.96257,14.74174],[-60.96259,14.7414],[-60.96261,14.74089],[-60.96263,14.74071],[-60.96271,14.74059],[-60.96276,14.74029],[-60.96286,14.74013],[-60.96284,14.73984],[-60.96279,14.73972],[-60.96261,14.73958],[-60.96254,14.73938],[-60.96267,14.73912],[-60.96259,14.73899],[-60.9624,14.73879],[-60.9623,14.73879],[-60.96224,14.73871],[-60.96224,14.73858],[-60.96189,14.73814],[-60.96176,14.738],[-60.96174,14.73792],[-60.96195,14.73791],[-60.96242,14.73783],[-60.96305,14.73778],[-60.96303,14.73771],[-60.96193,14.73781],[-60.96166,14.73785],[-60.96156,14.73781],[-60.9614,14.73769],[-60.96131,14.73773],[-60.96111,14.73767],[-60.96103,14.73759],[-60.96084,14.73754],[-60.96067,14.73753],[-60.96006,14.73762],[-60.95983,14.73763],[-60.9597,14.73769],[-60.95953,14.7377],[-60.95937,14.73758],[-60.95926,14.73738],[-60.95909,14.7373],[-60.95868,14.73696],[-60.95851,14.73691],[-60.95844,14.73673],[-60.95826,14.73658],[-60.95772,14.7362],[-60.95731,14.73612],[-60.9572,14.73617],[-60.95704,14.73615],[-60.95699,14.73618],[-60.95675,14.73618],[-60.95663,14.73626],[-60.95649,14.73626],[-60.95629,14.73638],[-60.95623,14.73637],[-60.95606,14.73646],[-60.95594,14.73649],[-60.95579,14.73661],[-60.95536,14.73692],[-60.95513,14.73705],[-60.95475,14.73739],[-60.95455,14.73761],[-60.95441,14.73785],[-60.95433,14.73794],[-60.95426,14.73809],[-60.9542,14.73836],[-60.95422,14.7385],[-60.95418,14.73863],[-60.95391,14.73903],[-60.95378,14.73925],[-60.95368,14.73958],[-60.95355,14.73989],[-60.95334,14.74034],[-60.95325,14.74069],[-60.9532,14.74154],[-60.95316,14.74163],[-60.95312,14.74203],[-60.95291,14.74242],[-60.95278,14.74297],[-60.95272,14.74364],[-60.95273,14.74376],[-60.9528,14.74414],[-60.95278,14.74511],[-60.95277,14.74535],[-60.95269,14.74571],[-60.95256,14.74594],[-60.95248,14.74616],[-60.95243,14.74637],[-60.9524,14.74663],[-60.95243,14.74698],[-60.95254,14.74736],[-60.95255,14.7476],[-60.95261,14.74765],[-60.95257,14.74781],[-60.95249,14.74783],[-60.95232,14.74798],[-60.95217,14.74819],[-60.95215,14.74828],[-60.95197,14.74852],[-60.95196,14.74868],[-60.95188,14.74879],[-60.95165,14.74898],[-60.9515,14.74908],[-60.95122,14.7493],[-60.95107,14.74947],[-60.95094,14.74975],[-60.95081,14.75013],[-60.95072,14.75023],[-60.95047,14.75034],[-60.94992,14.75069],[-60.94972,14.75085],[-60.94949,14.75115],[-60.94895,14.75149],[-60.94882,14.75161],[-60.94853,14.75168],[-60.94819,14.75182],[-60.94791,14.75199],[-60.94788,14.75218],[-60.9478,14.75233],[-60.94784,14.7525],[-60.94776,14.75258],[-60.94765,14.7529],[-60.94757,14.7531],[-60.94754,14.7533],[-60.94759,14.75353],[-60.94751,14.75356],[-60.94736,14.75349],[-60.94727,14.75351],[-60.94691,14.75367],[-60.94654,14.75382],[-60.94585,14.7542],[-60.94565,14.75435],[-60.94523,14.75472],[-60.94497,14.75502],[-60.94499,14.75517],[-60.94489,14.75537],[-60.94489,14.75545],[-60.94494,14.75566],[-60.94499,14.75572],[-60.9449,14.75589],[-60.94492,14.75608],[-60.94496,14.75617],[-60.94494,14.75637],[-60.94501,14.75701],[-60.94524,14.75734],[-60.94508,14.75743],[-60.945,14.7574],[-60.94488,14.75727],[-60.94469,14.7572],[-60.94456,14.75723],[-60.94448,14.75735],[-60.94431,14.75732],[-60.94409,14.75723],[-60.94395,14.75709],[-60.94371,14.75698],[-60.94293,14.7567],[-60.94239,14.75667],[-60.94212,14.75667],[-60.94147,14.75675],[-60.94116,14.75683],[-60.94107,14.7569],[-60.94093,14.75707],[-60.9407,14.75758],[-60.94062,14.75764],[-60.93997,14.75776],[-60.93986,14.75776],[-60.93942,14.75784],[-60.93933,14.75788],[-60.9392,14.75805],[-60.93904,14.75818],[-60.93883,14.75824],[-60.93862,14.75825],[-60.93823,14.75833],[-60.93765,14.75857],[-60.93744,14.75867],[-60.93711,14.75875],[-60.93648,14.75893],[-60.93561,14.75923],[-60.93544,14.75934],[-60.93524,14.75954],[-60.93499,14.75995],[-60.93495,14.76008],[-60.93492,14.76033],[-60.935,14.76053],[-60.93527,14.76074],[-60.93527,14.76086],[-60.9354,14.76098],[-60.93537,14.7611],[-60.93519,14.7613],[-60.9352,14.76151],[-60.93503,14.7616],[-60.93496,14.76155],[-60.93485,14.76169],[-60.93466,14.76176],[-60.93459,14.7616],[-60.93451,14.76107],[-60.9344,14.76094],[-60.93412,14.76084],[-60.93383,14.76086],[-60.93319,14.76087],[-60.93299,14.76092],[-60.93271,14.7611],[-60.93268,14.76124],[-60.9327,14.7614],[-60.93253,14.76145],[-60.93249,14.76161],[-60.93236,14.76186],[-60.93239,14.76208],[-60.93252,14.76213],[-60.9325,14.7623],[-60.93243,14.76232],[-60.93236,14.76244],[-60.93207,14.76268],[-60.93198,14.76265],[-60.93196,14.76255],[-60.93202,14.76244],[-60.9317,14.76221],[-60.93154,14.76219],[-60.93129,14.76221],[-60.93106,14.76214],[-60.9305,14.76211],[-60.93032,14.76215],[-60.93013,14.76225],[-60.93007,14.76245],[-60.93008,14.76252],[-60.92989,14.76266],[-60.9297,14.76269],[-60.92952,14.76262],[-60.92912,14.76234],[-60.929,14.76223],[-60.92844,14.7622],[-60.92793,14.76216],[-60.92745,14.76216],[-60.92726,14.76211],[-60.92698,14.76198],[-60.92686,14.76197],[-60.92661,14.76201],[-60.92641,14.76209],[-60.92621,14.76229],[-60.92616,14.76244],[-60.92622,14.76281],[-60.92604,14.76288],[-60.92596,14.76298],[-60.92581,14.76302],[-60.92554,14.76314],[-60.92535,14.76329],[-60.9252,14.76337],[-60.92511,14.76337],[-60.92504,14.76329],[-60.92494,14.76277],[-60.92482,14.76264],[-60.92489,14.76254],[-60.92495,14.76236],[-60.92491,14.76213],[-60.92496,14.76196],[-60.92504,14.7618],[-60.92471,14.76122],[-60.9245,14.76089],[-60.92444,14.76076],[-60.9243,14.76059],[-60.92419,14.76034],[-60.92409,14.76022],[-60.92416,14.76008],[-60.92409,14.75989],[-60.92397,14.75973],[-60.92382,14.75959],[-60.92345,14.75935],[-60.92314,14.75895],[-60.92288,14.75871],[-60.92267,14.75859],[-60.92233,14.75846],[-60.92225,14.75845],[-60.92173,14.75855],[-60.92162,14.75855],[-60.92142,14.75851],[-60.9214,14.75868],[-60.92166,14.75916],[-60.92163,14.75917],[-60.92137,14.75869],[-60.92138,14.75849],[-60.92078,14.75837],[-60.92047,14.75839],[-60.92001,14.7585],[-60.91965,14.75864],[-60.91942,14.75876],[-60.91907,14.75906],[-60.91886,14.75934],[-60.91866,14.75957],[-60.91878,14.75975],[-60.91854,14.75989],[-60.91822,14.76012],[-60.9178,14.76031],[-60.91763,14.76046],[-60.91733,14.76067],[-60.91674,14.76096],[-60.91637,14.76111],[-60.91563,14.76131],[-60.91522,14.76138],[-60.91406,14.76164],[-60.91375,14.76169],[-60.91328,14.7618],[-60.913,14.76185],[-60.91278,14.76197],[-60.91262,14.76209],[-60.91244,14.76216],[-60.9123,14.76217],[-60.91194,14.76246],[-60.91164,14.7628],[-60.91132,14.76332],[-60.91119,14.76375],[-60.91116,14.76396],[-60.91115,14.7644],[-60.91118,14.76473],[-60.91133,14.76525],[-60.91142,14.76534],[-60.91181,14.76549],[-60.91223,14.7655],[-60.9125,14.76555],[-60.91258,14.76561],[-60.9126,14.76574],[-60.91277,14.76601],[-60.9127,14.76617],[-60.9126,14.76604],[-60.91244,14.76617],[-60.91187,14.76605],[-60.91149,14.76586],[-60.91126,14.76568],[-60.91085,14.76559],[-60.91062,14.76562],[-60.9105,14.76569],[-60.91017,14.76573],[-60.9098,14.76594],[-60.90966,14.76608],[-60.90954,14.76628],[-60.90948,14.76656],[-60.90963,14.76669],[-60.90978,14.76706],[-60.90979,14.76721],[-60.90973,14.76737],[-60.90977,14.76746],[-60.90968,14.76767],[-60.90968,14.76783],[-60.90962,14.76791],[-60.90956,14.76819],[-60.90961,14.76836],[-60.90961,14.76854],[-60.90952,14.76868],[-60.90962,14.76887],[-60.90954,14.76899],[-60.90957,14.7691],[-60.9094,14.7691],[-60.90926,14.76893],[-60.90916,14.76873],[-60.90919,14.76849],[-60.90912,14.76828],[-60.90913,14.76816],[-60.90907,14.76797],[-60.90898,14.76787],[-60.90886,14.76766],[-60.90883,14.7675],[-60.90886,14.76742],[-60.9088,14.76713],[-60.90888,14.767],[-60.90884,14.76685],[-60.90876,14.76679],[-60.90844,14.76663],[-60.90835,14.76656],[-60.90825,14.7664],[-60.9081,14.7661],[-60.90815,14.76578],[-60.90804,14.76567],[-60.90782,14.76559],[-60.90755,14.76555],[-60.90733,14.76554],[-60.90688,14.76556],[-60.90612,14.76572],[-60.90569,14.76588],[-60.90518,14.76603],[-60.90503,14.7661],[-60.90481,14.76616],[-60.90454,14.76612],[-60.90432,14.76612],[-60.90411,14.76616],[-60.90366,14.76627],[-60.90344,14.76642],[-60.90324,14.7665],[-60.90315,14.76665],[-60.90295,14.76673],[-60.90283,14.76688],[-60.90267,14.76685],[-60.90243,14.76691],[-60.90225,14.76699],[-60.90217,14.76699],[-60.9019,14.76714],[-60.90175,14.76728],[-60.90165,14.76742],[-60.90157,14.76761],[-60.90156,14.76779],[-60.90169,14.76778],[-60.90176,14.7679],[-60.90178,14.76817],[-60.90168,14.7683],[-60.90156,14.76837],[-60.90152,14.76845],[-60.90163,14.76869],[-60.90153,14.7691],[-60.90153,14.76925],[-60.90149,14.76937],[-60.90152,14.76953],[-60.90164,14.76967],[-60.9015,14.76975],[-60.90143,14.76959],[-60.90137,14.76958],[-60.90125,14.76979],[-60.90117,14.76982],[-60.90082,14.76985],[-60.9006,14.7699],[-60.90027,14.76985],[-60.90015,14.76988],[-60.89965,14.76989],[-60.89954,14.76986],[-60.89918,14.76984],[-60.89899,14.7698],[-60.89879,14.76985],[-60.89856,14.76987],[-60.89833,14.76985],[-60.89798,14.76991],[-60.89775,14.76999],[-60.89758,14.77001],[-60.89738,14.7701],[-60.89725,14.77026],[-60.89734,14.77045],[-60.8973,14.77059],[-60.89721,14.77063],[-60.89723,14.77099],[-60.89691,14.77107],[-60.89688,14.77113],[-60.89664,14.77119],[-60.89654,14.77116],[-60.89617,14.77129],[-60.89611,14.77134],[-60.89612,14.77156],[-60.89588,14.77174],[-60.89584,14.7719],[-60.89573,14.77189],[-60.89543,14.77204],[-60.89535,14.77211],[-60.89512,14.7722],[-60.89477,14.77228],[-60.89455,14.77242],[-60.89404,14.77253],[-60.89366,14.77284],[-60.89366,14.77301],[-60.89348,14.77327],[-60.89321,14.77346],[-60.89304,14.77344],[-60.89288,14.77354],[-60.89265,14.77357],[-60.89227,14.77354],[-60.89214,14.77359],[-60.89205,14.77379],[-60.89204,14.77392],[-60.89211,14.77409],[-60.89222,14.77419],[-60.89212,14.77434],[-60.89213,14.77452],[-60.89208,14.77472],[-60.89198,14.77468],[-60.89185,14.77472],[-60.89175,14.77482],[-60.89175,14.77507],[-60.89179,14.77517],[-60.892,14.77527],[-60.89222,14.77531],[-60.89243,14.77545],[-60.89244,14.77553],[-60.89219,14.77564],[-60.89211,14.77575],[-60.89195,14.77574],[-60.89184,14.77568],[-60.89173,14.77551],[-60.8916,14.77561],[-60.89142,14.77566],[-60.89136,14.77563],[-60.89126,14.77571],[-60.89119,14.77583],[-60.89069,14.77609],[-60.89056,14.77627],[-60.89064,14.77643],[-60.89066,14.77656],[-60.89046,14.77654],[-60.89043,14.77674],[-60.89033,14.77679],[-60.89009,14.7768],[-60.88982,14.77696],[-60.88974,14.77718],[-60.88981,14.77736],[-60.8898,14.77754],[-60.88963,14.77794],[-60.88937,14.77836],[-60.88925,14.77847],[-60.88909,14.77856],[-60.88902,14.77879],[-60.88902,14.77896],[-60.88893,14.77929],[-60.88883,14.77946],[-60.8888,14.77959],[-60.88867,14.77984],[-60.88853,14.77997],[-60.88841,14.78003],[-60.88811,14.78006],[-60.88792,14.78013],[-60.88768,14.78008],[-60.88743,14.78007],[-60.88721,14.77998],[-60.88711,14.78008],[-60.88697,14.78009],[-60.88689,14.78016],[-60.88668,14.78017],[-60.8865,14.78014],[-60.88634,14.78018],[-60.88611,14.78014],[-60.88593,14.78015],[-60.88578,14.78003],[-60.88568,14.77963],[-60.88565,14.77926],[-60.88568,14.77897],[-60.88588,14.77885],[-60.88594,14.77876],[-60.88591,14.77864],[-60.88572,14.77862],[-60.88563,14.77854],[-60.88553,14.77837],[-60.88545,14.77841],[-60.88553,14.77857],[-60.88538,14.77875],[-60.88528,14.7787],[-60.88533,14.7786],[-60.88524,14.7783],[-60.88513,14.77818],[-60.88516,14.77808],[-60.88533,14.778],[-60.88521,14.77792],[-60.88518,14.77774],[-60.88525,14.77769],[-60.88532,14.77749],[-60.88541,14.77749],[-60.88558,14.77727],[-60.88569,14.77728],[-60.88587,14.77725],[-60.88589,14.77719],[-60.88606,14.77716],[-60.88616,14.7771],[-60.88607,14.77682],[-60.88598,14.77669],[-60.88586,14.77661],[-60.88551,14.7766],[-60.88516,14.77635],[-60.88492,14.77637],[-60.8845,14.77655],[-60.88435,14.77664],[-60.88428,14.77674],[-60.88413,14.77677],[-60.88399,14.77685],[-60.88375,14.7768],[-60.88354,14.77689],[-60.88333,14.77686],[-60.8831,14.77697],[-60.883,14.77694],[-60.88285,14.77698],[-60.88279,14.77707],[-60.88282,14.7773],[-60.88287,14.7774],[-60.8829,14.77758],[-60.88286,14.77765],[-60.88262,14.77775],[-60.88233,14.77771],[-60.88229,14.7776],[-60.88206,14.77738],[-60.88189,14.77728],[-60.88184,14.777],[-60.88168,14.77684],[-60.88153,14.77678],[-60.88147,14.7767],[-60.88092,14.77641],[-60.88072,14.77633],[-60.8804,14.7763],[-60.88012,14.77635],[-60.87992,14.77655],[-60.87965,14.77667],[-60.87955,14.77667],[-60.87926,14.77675],[-60.87911,14.7769],[-60.87888,14.77697],[-60.87885,14.77685],[-60.87895,14.77673],[-60.87907,14.77666],[-60.87914,14.77645],[-60.87911,14.776],[-60.87903,14.77582],[-60.87891,14.77564],[-60.87884,14.77558],[-60.87863,14.7753],[-60.87843,14.77532],[-60.87805,14.77511],[-60.87765,14.77505],[-60.87754,14.77509],[-60.87729,14.77512],[-60.87711,14.77505],[-60.87697,14.77507],[-60.87692,14.77513],[-60.87669,14.77522],[-60.87635,14.77527],[-60.87604,14.77524],[-60.87597,14.77512],[-60.87576,14.77506],[-60.87552,14.77506],[-60.87524,14.77497],[-60.87515,14.77489],[-60.87494,14.77486],[-60.87482,14.77477],[-60.87482,14.77468],[-60.8746,14.77458],[-60.87454,14.77436],[-60.87469,14.77418],[-60.8748,14.77409],[-60.87497,14.77416],[-60.87527,14.7741],[-60.87533,14.77404],[-60.87515,14.77384],[-60.87517,14.77364],[-60.87523,14.7736],[-60.87549,14.7738],[-60.87557,14.77373],[-60.87564,14.77378],[-60.87582,14.77402],[-60.87601,14.77414],[-60.87624,14.7742],[-60.87631,14.77411],[-60.87645,14.77406],[-60.87654,14.77412],[-60.87665,14.77409],[-60.87673,14.77396],[-60.87684,14.77398],[-60.87691,14.77386],[-60.877,14.77382],[-60.87705,14.77366],[-60.87693,14.77348],[-60.87673,14.7735],[-60.87657,14.77338],[-60.87657,14.77323],[-60.87647,14.77307],[-60.87645,14.77296],[-60.87617,14.77279],[-60.876,14.7728],[-60.8758,14.77275],[-60.87588,14.77254],[-60.87579,14.77247],[-60.87564,14.77248],[-60.87546,14.77232],[-60.8753,14.77241],[-60.87506,14.77236],[-60.87489,14.77238],[-60.87484,14.77242],[-60.87474,14.77232],[-60.87453,14.77247],[-60.8743,14.77245],[-60.87413,14.77237],[-60.87397,14.77222],[-60.87387,14.77227],[-60.87354,14.77214],[-60.87349,14.77224],[-60.87326,14.7723],[-60.87315,14.77224],[-60.87302,14.77223],[-60.87283,14.77212],[-60.87278,14.77203],[-60.87288,14.77188],[-60.8727,14.77182],[-60.87266,14.77171],[-60.87276,14.77162],[-60.87273,14.77155],[-60.8726,14.77152],[-60.87265,14.77138],[-60.87276,14.77144],[-60.87282,14.77138],[-60.87295,14.77142],[-60.87304,14.7715],[-60.87309,14.77171],[-60.87322,14.77167],[-60.87331,14.77176],[-60.87353,14.77187],[-60.87357,14.77184],[-60.87348,14.77168],[-60.87335,14.77159],[-60.8733,14.77142],[-60.87347,14.77137],[-60.87342,14.77121],[-60.87346,14.77107],[-60.87358,14.77111],[-60.87353,14.77122],[-60.87361,14.77139],[-60.87379,14.77134],[-60.8739,14.77124],[-60.87391,14.77113],[-60.87367,14.77096],[-60.87359,14.77096],[-60.87345,14.77083],[-60.87357,14.77059],[-60.87367,14.77044],[-60.87423,14.77025],[-60.87431,14.77016],[-60.87443,14.77022],[-60.87455,14.77009],[-60.87472,14.76999],[-60.87478,14.76985],[-60.87485,14.76958],[-60.87468,14.76939],[-60.87454,14.76941],[-60.87448,14.76933],[-60.8747,14.76918],[-60.87468,14.76908],[-60.87447,14.769],[-60.87418,14.76911],[-60.87405,14.76899],[-60.87378,14.76883],[-60.8736,14.76887],[-60.87348,14.76884],[-60.87335,14.76895],[-60.87314,14.76903],[-60.87294,14.76905],[-60.87282,14.769],[-60.87301,14.76871],[-60.87311,14.76863],[-60.87323,14.76836],[-60.87344,14.76812],[-60.87363,14.7682],[-60.87371,14.76808],[-60.87389,14.76798],[-60.87406,14.76801],[-60.87426,14.76789],[-60.87432,14.76777],[-60.87441,14.76769],[-60.87441,14.76754],[-60.87463,14.76753],[-60.8749,14.76747],[-60.87499,14.76741],[-60.87517,14.76741],[-60.87529,14.76725],[-60.87528,14.76709],[-60.87518,14.76699],[-60.87507,14.76697],[-60.87495,14.76668],[-60.87487,14.7666],[-60.87467,14.76653],[-60.87462,14.76647],[-60.8747,14.76628],[-60.87459,14.76626],[-60.87456,14.76607],[-60.87472,14.76599],[-60.87486,14.76608],[-60.87503,14.76606],[-60.87523,14.76633],[-60.87532,14.76636],[-60.87541,14.76646],[-60.87555,14.76654],[-60.87577,14.76662],[-60.87594,14.76652],[-60.87615,14.7665],[-60.8763,14.76638],[-60.87631,14.7663],[-60.87626,14.76613],[-60.87616,14.76605],[-60.87623,14.76563],[-60.87613,14.76552],[-60.8761,14.76541],[-60.8759,14.76536],[-60.87576,14.76525],[-60.87569,14.76514],[-60.87554,14.76506],[-60.87556,14.76487],[-60.87577,14.76485],[-60.87581,14.76478],[-60.8758,14.76451],[-60.87554,14.76435],[-60.87535,14.76431],[-60.87548,14.76411],[-60.87569,14.76401],[-60.8758,14.76399],[-60.87585,14.76391],[-60.87576,14.76361],[-60.87567,14.76354],[-60.87555,14.76336],[-60.87547,14.76333],[-60.87518,14.76337],[-60.87509,14.76327],[-60.87528,14.76316],[-60.87522,14.76302],[-60.87507,14.76295],[-60.87505,14.76278],[-60.87495,14.76272],[-60.87466,14.76244],[-60.87462,14.76232],[-60.87445,14.76223],[-60.87447,14.762],[-60.87436,14.76177],[-60.87425,14.76162],[-60.87406,14.76158],[-60.87385,14.76148],[-60.87369,14.76146],[-60.87356,14.76139],[-60.87359,14.76129],[-60.87369,14.7612],[-60.87363,14.76102],[-60.87352,14.76092],[-60.87346,14.76077],[-60.8733,14.7606],[-60.87302,14.76038],[-60.87272,14.76022],[-60.87268,14.76014],[-60.87267,14.75985],[-60.87269,14.75963],[-60.8728,14.7593],[-60.87282,14.75909],[-60.87289,14.75899],[-60.87305,14.75856],[-60.8732,14.75836],[-60.87331,14.75828],[-60.87349,14.75822],[-60.87363,14.75823],[-60.87404,14.75813],[-60.87429,14.75814],[-60.87465,14.75831],[-60.87498,14.75852],[-60.87511,14.75859],[-60.87535,14.7586],[-60.87551,14.75869],[-60.87563,14.75887],[-60.87575,14.75895],[-60.876,14.75902],[-60.87632,14.75901],[-60.87635,14.75881],[-60.87643,14.75876],[-60.87653,14.75881],[-60.87657,14.75894],[-60.87679,14.75897],[-60.87689,14.75891],[-60.877,14.75898],[-60.87696,14.75906],[-60.87706,14.7592],[-60.87731,14.7593],[-60.87757,14.75929],[-60.87785,14.75921],[-60.878,14.7591],[-60.87823,14.75887],[-60.87803,14.75871],[-60.87803,14.75859],[-60.8778,14.75826],[-60.87772,14.75797],[-60.8778,14.75786],[-60.87806,14.7578],[-60.87828,14.75783],[-60.87841,14.75788],[-60.87878,14.75811],[-60.87889,14.75829],[-60.87895,14.75862],[-60.87901,14.7587],[-60.87924,14.75883],[-60.87931,14.75896],[-60.87948,14.75908],[-60.87953,14.7593],[-60.87982,14.75972],[-60.88003,14.75993],[-60.88041,14.76019],[-60.88073,14.76037],[-60.88094,14.76056],[-60.88115,14.76082],[-60.8813,14.76105],[-60.88138,14.76144],[-60.88163,14.76186],[-60.88175,14.76215],[-60.88174,14.7623],[-60.88166,14.76253],[-60.88168,14.76266],[-60.88194,14.76281],[-60.88207,14.76299],[-60.88212,14.76323],[-60.88213,14.76348],[-60.88217,14.76376],[-60.88217,14.7639],[-60.88207,14.76404],[-60.88146,14.76438],[-60.88121,14.76443],[-60.88107,14.76479],[-60.88099,14.76488],[-60.88084,14.76524],[-60.88077,14.76544],[-60.88094,14.76555],[-60.88123,14.76556],[-60.88144,14.76546],[-60.88155,14.76534],[-60.88165,14.76534],[-60.88199,14.76547],[-60.88204,14.76554],[-60.88204,14.7658],[-60.88193,14.76604],[-60.88173,14.76617],[-60.88155,14.76637],[-60.88137,14.76646],[-60.88099,14.76654],[-60.88092,14.76665],[-60.88062,14.76667],[-60.88052,14.76674],[-60.88052,14.76682],[-60.88041,14.76686],[-60.88041,14.76698],[-60.88054,14.76707],[-60.88079,14.76717],[-60.88095,14.76719],[-60.88106,14.76725],[-60.88122,14.76726],[-60.88136,14.7672],[-60.88163,14.76725],[-60.88183,14.76734],[-60.88211,14.76736],[-60.88229,14.76745],[-60.88271,14.76739],[-60.88281,14.76739],[-60.88314,14.76751],[-60.88332,14.76764],[-60.88329,14.76779],[-60.88335,14.76799],[-60.88351,14.76845],[-60.88375,14.76871],[-60.88394,14.76879],[-60.88421,14.76876],[-60.88442,14.7687],[-60.88478,14.76848],[-60.88499,14.76843],[-60.88498,14.76833],[-60.88502,14.76806],[-60.88497,14.76769],[-60.88497,14.76739],[-60.88493,14.76723],[-60.88502,14.76692],[-60.88497,14.76684],[-60.8851,14.76666],[-60.8852,14.76641],[-60.88528,14.76616],[-60.88541,14.76595],[-60.8856,14.76587],[-60.88597,14.76564],[-60.88605,14.7656],[-60.88626,14.76562],[-60.88629,14.76568],[-60.88669,14.76572],[-60.88679,14.76568],[-60.88683,14.76554],[-60.88696,14.76549],[-60.88732,14.76551],[-60.88737,14.76553],[-60.88749,14.76578],[-60.88759,14.76586],[-60.88764,14.76597],[-60.88743,14.766],[-60.88728,14.76606],[-60.88703,14.76602],[-60.88696,14.76597],[-60.88681,14.76599],[-60.88654,14.76612],[-60.88638,14.76628],[-60.88635,14.76655],[-60.88653,14.76672],[-60.88678,14.76663],[-60.88678,14.76654],[-60.88688,14.76651],[-60.88697,14.76665],[-60.88694,14.76674],[-60.88707,14.76676],[-60.88744,14.76687],[-60.88771,14.76677],[-60.88772,14.76666],[-60.88787,14.76662],[-60.88807,14.76661],[-60.8884,14.76674],[-60.88828,14.76707],[-60.88828,14.76718],[-60.88835,14.76725],[-60.88868,14.76722],[-60.88892,14.76733],[-60.88942,14.76739],[-60.88958,14.76733],[-60.89016,14.76693],[-60.89025,14.7668],[-60.89032,14.76659],[-60.89022,14.76631],[-60.89015,14.76621],[-60.88994,14.76606],[-60.88994,14.76592],[-60.89023,14.76597],[-60.89027,14.76621],[-60.89052,14.76652],[-60.8909,14.7667],[-60.89106,14.7667],[-60.89143,14.7666],[-60.89153,14.76656],[-60.89217,14.766],[-60.89339,14.76582],[-60.89348,14.76567],[-60.89367,14.76529],[-60.89382,14.76473],[-60.89383,14.76459],[-60.89378,14.76434],[-60.89369,14.76419],[-60.89348,14.76399],[-60.89342,14.76387],[-60.89336,14.76354],[-60.89341,14.76327],[-60.89347,14.76318],[-60.89356,14.76291],[-60.89361,14.76245],[-60.89355,14.76199],[-60.89348,14.76182],[-60.8934,14.76173],[-60.89339,14.76149],[-60.89351,14.76141],[-60.89364,14.76165],[-60.89371,14.76173],[-60.89406,14.76198],[-60.89432,14.76203],[-60.89462,14.76203],[-60.89484,14.76214],[-60.89531,14.76257],[-60.8954,14.76263],[-60.8956,14.76269],[-60.89594,14.76287],[-60.89605,14.76288],[-60.89626,14.76277],[-60.89632,14.76267],[-60.89637,14.76244],[-60.89648,14.76229],[-60.8965,14.76213],[-60.89646,14.76187],[-60.89636,14.76173],[-60.89646,14.76162],[-60.89659,14.76139],[-60.89677,14.76091],[-60.89688,14.76038],[-60.897,14.76002],[-60.89702,14.75975],[-60.89704,14.75921],[-60.89702,14.75903],[-60.89692,14.75862],[-60.89679,14.75843],[-60.89653,14.75826],[-60.89642,14.75809],[-60.89621,14.75788],[-60.89619,14.75774],[-60.89594,14.75753],[-60.89561,14.75748],[-60.89533,14.75732],[-60.89524,14.75713],[-60.8951,14.75703],[-60.89485,14.75702],[-60.89467,14.75697],[-60.89419,14.75673],[-60.89376,14.75668],[-60.89307,14.75672],[-60.89278,14.75669],[-60.89258,14.75663],[-60.89223,14.75647],[-60.89174,14.75635],[-60.89165,14.75628],[-60.89146,14.75633],[-60.89102,14.75637],[-60.89087,14.75632],[-60.89075,14.75634],[-60.89047,14.75627],[-60.89055,14.75612],[-60.89064,14.75558],[-60.89059,14.75552],[-60.89045,14.75548],[-60.89035,14.75529],[-60.89017,14.75522],[-60.89002,14.75505],[-60.89005,14.75484],[-60.89001,14.75469],[-60.88995,14.75419],[-60.88985,14.7539],[-60.88969,14.7538],[-60.88917,14.75381],[-60.88882,14.75363],[-60.8887,14.75353],[-60.88858,14.75356],[-60.88849,14.75333],[-60.88862,14.75306],[-60.88866,14.75282],[-60.88864,14.75265],[-60.88872,14.75237],[-60.88863,14.75215],[-60.88872,14.75199],[-60.8888,14.75194],[-60.8889,14.75171],[-60.889,14.75158],[-60.88932,14.7513],[-60.88949,14.75109],[-60.88959,14.7509],[-60.88958,14.75064],[-60.88938,14.74981],[-60.88942,14.7496],[-60.88952,14.74947],[-60.88973,14.74928],[-60.89007,14.74911],[-60.8902,14.74897],[-60.89028,14.74855],[-60.89027,14.74828],[-60.89033,14.74817],[-60.89055,14.74792],[-60.89062,14.74779],[-60.89082,14.74774],[-60.89093,14.74776],[-60.89116,14.74803],[-60.8919,14.74841],[-60.89211,14.74847],[-60.89254,14.74862],[-60.89301,14.74892],[-60.89316,14.74903],[-60.89342,14.74934],[-60.89362,14.74942],[-60.89408,14.74934],[-60.89421,14.7493],[-60.89457,14.74909],[-60.89473,14.74903],[-60.89497,14.74889],[-60.89512,14.74875],[-60.8953,14.74852],[-60.89548,14.74816],[-60.89559,14.74775],[-60.89561,14.74755],[-60.89569,14.74701],[-60.89559,14.74668],[-60.89538,14.74655],[-60.89525,14.74654],[-60.8947,14.74628],[-60.89455,14.74617],[-60.8944,14.74595],[-60.89472,14.74602],[-60.89501,14.74595],[-60.89519,14.74601],[-60.89526,14.74607],[-60.89556,14.74622],[-60.89571,14.74634],[-60.8961,14.74632],[-60.89655,14.74647],[-60.89672,14.7465],[-60.8969,14.74661],[-60.897,14.74659],[-60.89727,14.74671],[-60.89769,14.74652],[-60.89796,14.74629],[-60.89824,14.7459],[-60.89828,14.74572],[-60.89838,14.74565],[-60.89858,14.7454],[-60.8987,14.74506],[-60.89887,14.74478],[-60.89905,14.74438],[-60.89919,14.74399],[-60.89924,14.74348],[-60.89917,14.74337],[-60.89893,14.74312],[-60.89883,14.74288],[-60.89874,14.74277],[-60.89863,14.74254],[-60.89841,14.74234],[-60.89827,14.74215],[-60.89814,14.74213],[-60.8979,14.742],[-60.89777,14.74196],[-60.89748,14.74195],[-60.89741,14.74201],[-60.8972,14.74202],[-60.89692,14.74211],[-60.89666,14.74203],[-60.89655,14.74187],[-60.8963,14.74176],[-60.89603,14.74153],[-60.89576,14.74142],[-60.89565,14.7414],[-60.89547,14.74142],[-60.89526,14.74176],[-60.89508,14.7419],[-60.89476,14.74201],[-60.89464,14.74202],[-60.89444,14.74193],[-60.89425,14.7417],[-60.89411,14.74163],[-60.89371,14.7415],[-60.89362,14.7414],[-60.89325,14.74144],[-60.89307,14.7414],[-60.89275,14.74129],[-60.89264,14.74122],[-60.89249,14.74119],[-60.89234,14.7411],[-60.89216,14.74106],[-60.89202,14.7411],[-60.89197,14.74104],[-60.89158,14.74096],[-60.89142,14.74103],[-60.89144,14.74089],[-60.89135,14.74073],[-60.89129,14.74046],[-60.8911,14.74042],[-60.89102,14.74035],[-60.89105,14.74024],[-60.89097,14.74011],[-60.89086,14.74009],[-60.89078,14.74021],[-60.89062,14.74003],[-60.89057,14.7398],[-60.89059,14.73965],[-60.89069,14.73963],[-60.89081,14.73976],[-60.8909,14.73971],[-60.89104,14.73957],[-60.89107,14.73926],[-60.89134,14.73915],[-60.89158,14.73921],[-60.89175,14.73923],[-60.89187,14.73919],[-60.8921,14.73889],[-60.89211,14.73868],[-60.89222,14.73856],[-60.89232,14.73837],[-60.89232,14.73827],[-60.89225,14.73808],[-60.89208,14.73784],[-60.89194,14.73769],[-60.89179,14.7377],[-60.89169,14.73753],[-60.89193,14.73731],[-60.89192,14.73718],[-60.89179,14.73711],[-60.89148,14.73709],[-60.89132,14.73694],[-60.89148,14.73687],[-60.89145,14.73669],[-60.89126,14.73638],[-60.89114,14.73625],[-60.89107,14.73623],[-60.89094,14.73606],[-60.8907,14.73594],[-60.89055,14.7357],[-60.89063,14.73557],[-60.89076,14.73555],[-60.89096,14.73537],[-60.89106,14.73539],[-60.89108,14.73553],[-60.89119,14.73551],[-60.89126,14.73544],[-60.89149,14.73553],[-60.89156,14.73565],[-60.89175,14.73573],[-60.89201,14.73597],[-60.8921,14.73608],[-60.89217,14.73632],[-60.89235,14.73659],[-60.89268,14.73694],[-60.89292,14.73702],[-60.8931,14.737],[-60.89356,14.73682],[-60.89374,14.73681],[-60.89404,14.7369],[-60.89431,14.73706],[-60.89466,14.7371],[-60.89484,14.73718],[-60.89514,14.73725],[-60.89519,14.73718],[-60.89534,14.73716],[-60.89558,14.73716],[-60.89573,14.737],[-60.896,14.73689],[-60.89634,14.73653],[-60.89635,14.73644],[-60.89631,14.73625],[-60.89632,14.73593],[-60.8963,14.73581],[-60.89627,14.73523],[-60.89622,14.73505],[-60.89616,14.735],[-60.89553,14.73494],[-60.89537,14.73485],[-60.89525,14.73461],[-60.89525,14.73443],[-60.8953,14.73426],[-60.8954,14.73415],[-60.8954,14.73404],[-60.89551,14.73396],[-60.89549,14.73373],[-60.89542,14.73355],[-60.89548,14.73343],[-60.89575,14.73352],[-60.89595,14.7337],[-60.89604,14.73392],[-60.89628,14.73419],[-60.89648,14.73445],[-60.89654,14.73471],[-60.89675,14.73499],[-60.89686,14.73507],[-60.89718,14.73518],[-60.89749,14.73521],[-60.89789,14.73514],[-60.89819,14.73512],[-60.89844,14.73506],[-60.89889,14.73489],[-60.89903,14.73478],[-60.8997,14.73451],[-60.89992,14.73437],[-60.90014,14.73439],[-60.90033,14.73457],[-60.90048,14.73465],[-60.9006,14.73461],[-60.90073,14.73452],[-60.90087,14.73465],[-60.90097,14.73496],[-60.9012,14.73536],[-60.9013,14.73545],[-60.90137,14.73566],[-60.90139,14.736],[-60.90147,14.73624],[-60.90169,14.73645],[-60.90181,14.7366],[-60.90201,14.73691],[-60.9023,14.73705],[-60.90249,14.7371],[-60.90326,14.73716],[-60.90356,14.73714],[-60.90372,14.73706],[-60.904,14.73704],[-60.90423,14.73705],[-60.90498,14.73695],[-60.9051,14.73694],[-60.90571,14.73677],[-60.9059,14.7367],[-60.9061,14.73657],[-60.90637,14.73652],[-60.90676,14.73637],[-60.90705,14.73614],[-60.90717,14.73595],[-60.90738,14.73571],[-60.90794,14.73519],[-60.90805,14.73497],[-60.90809,14.73471],[-60.90825,14.73485],[-60.90854,14.73495],[-60.90881,14.735],[-60.90923,14.73503],[-60.9098,14.73519],[-60.9102,14.73533],[-60.91036,14.73545],[-60.91049,14.73561],[-60.91079,14.73592],[-60.9109,14.73631],[-60.91088,14.73657],[-60.9109,14.73677],[-60.91095,14.73703],[-60.91098,14.73736],[-60.91103,14.73755],[-60.91108,14.73786],[-60.91103,14.7382],[-60.91105,14.73843],[-60.91099,14.73861],[-60.91107,14.73899],[-60.91112,14.73944],[-60.91106,14.73987],[-60.91099,14.74002],[-60.91095,14.74032],[-60.91086,14.74046],[-60.91088,14.74075],[-60.91101,14.74101],[-60.91106,14.74128],[-60.91115,14.74157],[-60.91126,14.74175],[-60.91147,14.74198],[-60.91166,14.74223],[-60.91174,14.74237],[-60.91161,14.74262],[-60.91156,14.74284],[-60.91154,14.74306],[-60.91156,14.74327],[-60.91162,14.74346],[-60.91176,14.74367],[-60.91194,14.74385],[-60.91204,14.744],[-60.91223,14.74415],[-60.91249,14.74428],[-60.91267,14.74443],[-60.91278,14.74445],[-60.91305,14.74473],[-60.91303,14.74488],[-60.91341,14.74513],[-60.91388,14.7453],[-60.9143,14.74539],[-60.91475,14.74547],[-60.91488,14.74545],[-60.91563,14.74573],[-60.91593,14.74587],[-60.91599,14.74596],[-60.91609,14.74624],[-60.91615,14.74656],[-60.91631,14.74667],[-60.91678,14.74672],[-60.91699,14.74682],[-60.91726,14.74688],[-60.91746,14.74689],[-60.91766,14.74687],[-60.91846,14.74684],[-60.91939,14.74669],[-60.91986,14.74663],[-60.91998,14.74666],[-60.92009,14.74678],[-60.92009,14.74705],[-60.92025,14.74719],[-60.92044,14.74727],[-60.92079,14.74732],[-60.92095,14.74737],[-60.92108,14.74745],[-60.92138,14.74773],[-60.92134,14.74794],[-60.92112,14.74796],[-60.92096,14.7478],[-60.92092,14.74765],[-60.92079,14.74751],[-60.92043,14.74745],[-60.92013,14.74733],[-60.92006,14.74738],[-60.91977,14.74729],[-60.91964,14.74731],[-60.91952,14.74741],[-60.91946,14.74752],[-60.91946,14.74763],[-60.91959,14.74791],[-60.91949,14.74811],[-60.91949,14.74843],[-60.91954,14.7485],[-60.9197,14.74849],[-60.92015,14.74873],[-60.92027,14.7487],[-60.92036,14.74859],[-60.92069,14.7486],[-60.92084,14.74856],[-60.92158,14.74857],[-60.92179,14.74878],[-60.92199,14.74878],[-60.92223,14.7487],[-60.92245,14.74884],[-60.92288,14.74899],[-60.92305,14.74902],[-60.92356,14.74919],[-60.92387,14.74919],[-60.92401,14.74912],[-60.92405,14.74928],[-60.92427,14.74936],[-60.92431,14.74942],[-60.92428,14.74954],[-60.92437,14.74965],[-60.92456,14.74972],[-60.92472,14.74984],[-60.92492,14.7499],[-60.92498,14.74997],[-60.92504,14.75018],[-60.92522,14.75039],[-60.92523,14.75054],[-60.92533,14.75061],[-60.92599,14.7508],[-60.92645,14.75077],[-60.92666,14.75069],[-60.927,14.7507],[-60.92759,14.75062],[-60.928,14.75054],[-60.92817,14.75055],[-60.92861,14.75052],[-60.92886,14.75046],[-60.92914,14.75041],[-60.92929,14.75036],[-60.92961,14.75017],[-60.92986,14.75005],[-60.93018,14.74994],[-60.93031,14.74963],[-60.93076,14.74932],[-60.93122,14.74925],[-60.93136,14.74933],[-60.93149,14.74961],[-60.93189,14.7496],[-60.93219,14.74964],[-60.93249,14.74959],[-60.93302,14.74946],[-60.93319,14.74938],[-60.93337,14.74935],[-60.93354,14.74942],[-60.9337,14.74957],[-60.93381,14.74979],[-60.93403,14.74987],[-60.93411,14.75009],[-60.93428,14.7503],[-60.93437,14.75052],[-60.93452,14.75059],[-60.93483,14.75051],[-60.93498,14.75053],[-60.93517,14.75062],[-60.9353,14.75063],[-60.93547,14.75056],[-60.93559,14.75047],[-60.93577,14.75039],[-60.93592,14.75036],[-60.93637,14.75017],[-60.93646,14.75007],[-60.93646,14.74998],[-60.93629,14.74972],[-60.93638,14.7496],[-60.93647,14.74965],[-60.93663,14.74999],[-60.93669,14.75003],[-60.93688,14.75001],[-60.93704,14.74995],[-60.93727,14.74979],[-60.93767,14.74943],[-60.93786,14.7492],[-60.93787,14.74913],[-60.9381,14.74887],[-60.93824,14.74852],[-60.93819,14.74842],[-60.9382,14.74826],[-60.9383,14.74813],[-60.93828,14.748],[-60.93834,14.74754],[-60.93831,14.7474],[-60.93817,14.74725],[-60.93816,14.74712],[-60.93829,14.74665],[-60.93841,14.74625],[-60.93845,14.74594],[-60.93856,14.74572],[-60.93885,14.74543],[-60.93938,14.74501],[-60.93965,14.74462],[-60.9397,14.74449],[-60.93988,14.74441],[-60.94005,14.74423],[-60.9404,14.74372],[-60.94044,14.74362],[-60.94039,14.74337],[-60.94044,14.74298],[-60.94062,14.74292],[-60.94091,14.74305],[-60.94109,14.74317],[-60.94151,14.74346],[-60.9417,14.7435],[-60.94179,14.74366],[-60.94206,14.74383],[-60.94219,14.74381],[-60.94228,14.74386],[-60.94248,14.74379],[-60.94261,14.74379],[-60.94284,14.7437],[-60.94309,14.74345],[-60.94326,14.74332],[-60.94347,14.74303],[-60.94369,14.74253],[-60.94374,14.7423],[-60.94387,14.742],[-60.94418,14.74095],[-60.94433,14.74062],[-60.9444,14.74038],[-60.94448,14.74001],[-60.94448,14.7398],[-60.94456,14.7396],[-60.94461,14.7392],[-60.94458,14.73861],[-60.94463,14.7384],[-60.94462,14.73818],[-60.94453,14.73789],[-60.94442,14.73774],[-60.94426,14.73761],[-60.94407,14.73757],[-60.94395,14.73761],[-60.94369,14.73726],[-60.9434,14.7373],[-60.94331,14.73735],[-60.94324,14.7371],[-60.94326,14.73678],[-60.94315,14.73643],[-60.94295,14.73603],[-60.94276,14.7358],[-60.94235,14.73559],[-60.94198,14.73534],[-60.94159,14.73513],[-60.94149,14.73506],[-60.94116,14.73494],[-60.94069,14.73468],[-60.94044,14.73463],[-60.94034,14.73465],[-60.94004,14.73459],[-60.93985,14.7346],[-60.93967,14.73467],[-60.93932,14.73487],[-60.93907,14.73498],[-60.93888,14.73499],[-60.93872,14.73496],[-60.93858,14.73489],[-60.93849,14.73491],[-60.93838,14.73478],[-60.93819,14.73466],[-60.93784,14.73458],[-60.93746,14.73431],[-60.93752,14.73423],[-60.9374,14.73418],[-60.93736,14.73405],[-60.9375,14.73387],[-60.93748,14.73377],[-60.93776,14.73346],[-60.93775,14.73322],[-60.93757,14.73286],[-60.93745,14.73276],[-60.93722,14.73274],[-60.93707,14.73282],[-60.93675,14.73256],[-60.93661,14.73233],[-60.93658,14.73221],[-60.93648,14.73217],[-60.93642,14.73206],[-60.9365,14.73201],[-60.93653,14.73191],[-60.93665,14.73183],[-60.93688,14.73186],[-60.937,14.73198],[-60.93724,14.73207],[-60.93738,14.73219],[-60.93783,14.73272],[-60.93803,14.7329],[-60.93817,14.73305],[-60.93837,14.73318],[-60.93868,14.73328],[-60.93887,14.73329],[-60.93908,14.73344],[-60.93917,14.73346],[-60.93937,14.73344],[-60.94018,14.73328],[-60.94035,14.73319],[-60.94053,14.73314],[-60.94081,14.73297],[-60.94089,14.73281],[-60.94107,14.73277],[-60.94128,14.73267],[-60.94155,14.73267],[-60.94193,14.73277],[-60.94223,14.7329],[-60.94237,14.73301],[-60.94256,14.73311],[-60.94266,14.7333],[-60.94273,14.73363],[-60.94286,14.73374],[-60.94305,14.7338],[-60.94325,14.73404],[-60.94344,14.73398],[-60.94391,14.73367],[-60.94419,14.73339],[-60.94425,14.73326],[-60.94441,14.73302],[-60.94444,14.73292],[-60.94445,14.73269],[-60.94439,14.73254],[-60.94428,14.73244],[-60.94413,14.73238],[-60.94405,14.73228],[-60.94402,14.73215],[-60.94392,14.73203],[-60.94376,14.73195],[-60.9437,14.73183],[-60.94371,14.73158],[-60.9438,14.73141],[-60.94406,14.73141],[-60.94413,14.73138],[-60.94421,14.73123],[-60.94432,14.73113],[-60.94446,14.73113],[-60.94465,14.73122],[-60.94486,14.73115],[-60.94495,14.73108],[-60.94508,14.73084],[-60.94517,14.73059],[-60.94538,14.73016],[-60.94541,14.73],[-60.94555,14.72963],[-60.94567,14.72922],[-60.94579,14.72866],[-60.94582,14.72844],[-60.94588,14.72776],[-60.94588,14.72722],[-60.94586,14.72675],[-60.94577,14.72622],[-60.94574,14.72589],[-60.94562,14.72538],[-60.94551,14.72503],[-60.94559,14.7249],[-60.94542,14.72479],[-60.9453,14.72459],[-60.94503,14.72413],[-60.94486,14.72388],[-60.94443,14.72325],[-60.94417,14.72278],[-60.94378,14.72235],[-60.94356,14.72214],[-60.94346,14.72216],[-60.94326,14.72209],[-60.94319,14.72199],[-60.94298,14.72198],[-60.94283,14.72211],[-60.94273,14.72213],[-60.94266,14.722],[-60.94241,14.72183],[-60.94224,14.72175],[-60.9419,14.72168],[-60.94149,14.72133],[-60.9413,14.7212],[-60.94127,14.72108],[-60.94166,14.72078],[-60.94177,14.72064],[-60.94226,14.72035],[-60.94237,14.72025],[-60.94243,14.72011],[-60.94241,14.72001],[-60.94232,14.71986],[-60.94217,14.71983],[-60.94199,14.71986],[-60.94186,14.72003],[-60.94162,14.72052],[-60.94153,14.72065],[-60.94139,14.72065],[-60.94115,14.72072],[-60.94065,14.72083],[-60.94022,14.72083],[-60.93989,14.72076],[-60.94,14.72095],[-60.93986,14.721],[-60.93988,14.72123],[-60.93987,14.72139],[-60.9398,14.72155],[-60.93973,14.72154],[-60.93971,14.72133],[-60.93963,14.7211],[-60.93966,14.7209],[-60.93961,14.72063],[-60.93967,14.7205],[-60.9398,14.72046],[-60.94001,14.7205],[-60.94036,14.72049],[-60.9406,14.72046],[-60.94077,14.72052],[-60.9411,14.72045],[-60.9412,14.72034],[-60.94125,14.72022],[-60.94147,14.7201],[-60.94162,14.72008],[-60.94169,14.72002],[-60.94186,14.71966],[-60.94217,14.71911],[-60.94221,14.71868],[-60.94209,14.7177],[-60.94206,14.71758],[-60.94206,14.71741],[-60.94201,14.71735],[-60.94205,14.7172],[-60.94202,14.71685],[-60.94193,14.71683],[-60.94196,14.71652],[-60.94188,14.71629],[-60.94174,14.716],[-60.94164,14.71573],[-60.94154,14.71557],[-60.94151,14.71543],[-60.94161,14.71514],[-60.94164,14.715],[-60.9415,14.71479],[-60.94155,14.71455],[-60.9416,14.71445],[-60.94158,14.7142],[-60.94132,14.71392],[-60.94098,14.71379],[-60.94081,14.7138],[-60.9406,14.71375],[-60.94034,14.71416],[-60.94032,14.71423],[-60.94005,14.71467],[-60.93983,14.71488],[-60.93963,14.71496],[-60.93928,14.71503],[-60.93905,14.71488],[-60.93887,14.71484],[-60.93876,14.71472],[-60.93849,14.71438],[-60.93837,14.71431],[-60.9382,14.71433],[-60.93805,14.71439],[-60.93785,14.7144],[-60.93766,14.71428],[-60.93754,14.71425],[-60.93747,14.71431],[-60.93741,14.71452],[-60.93733,14.71501],[-60.93725,14.71517],[-60.93713,14.71528],[-60.93688,14.71538],[-60.93653,14.71538],[-60.9364,14.71535],[-60.93623,14.71538],[-60.93604,14.71546],[-60.93594,14.71543],[-60.93585,14.71528],[-60.93582,14.71505],[-60.93583,14.7147],[-60.93576,14.7146],[-60.93546,14.71444],[-60.93532,14.71429],[-60.93526,14.71381],[-60.93531,14.71354],[-60.93549,14.71323],[-60.93564,14.71307],[-60.93533,14.71293],[-60.93505,14.71295],[-60.93481,14.71324],[-60.93456,14.71345],[-60.93444,14.71364],[-60.93433,14.71377],[-60.9343,14.71386],[-60.93431,14.7141],[-60.93422,14.71419],[-60.934,14.71425],[-60.93354,14.71425],[-60.93338,14.71434],[-60.93325,14.71458],[-60.93327,14.71482],[-60.9338,14.71519],[-60.93395,14.7154],[-60.93415,14.71551],[-60.93388,14.71552],[-60.93359,14.71569],[-60.93309,14.71585],[-60.93277,14.71601],[-60.93243,14.71625],[-60.9323,14.71644],[-60.93196,14.71666],[-60.93174,14.71671],[-60.9316,14.71672],[-60.93135,14.71681],[-60.9311,14.71683],[-60.93088,14.71696],[-60.93083,14.71711],[-60.93089,14.7172],[-60.93117,14.7173],[-60.93182,14.7174],[-60.932,14.71749],[-60.93216,14.71769],[-60.9323,14.71804],[-60.9324,14.71832],[-60.93241,14.71858],[-60.93247,14.7189],[-60.93228,14.7193],[-60.93193,14.71973],[-60.93174,14.71994],[-60.93164,14.72001],[-60.93137,14.7201],[-60.93111,14.72014],[-60.93093,14.72024],[-60.93088,14.7203],[-60.93081,14.72057],[-60.93086,14.72093],[-60.93083,14.72104],[-60.93072,14.72119],[-60.93063,14.72154],[-60.93054,14.72168],[-60.93044,14.7217],[-60.93007,14.72162],[-60.92989,14.72161],[-60.92963,14.72156],[-60.9292,14.72144],[-60.92871,14.72146],[-60.9284,14.72137],[-60.92828,14.72135],[-60.92809,14.72126],[-60.92798,14.7213],[-60.9277,14.72158],[-60.9276,14.72192],[-60.92749,14.72212],[-60.9274,14.72223],[-60.92721,14.72238],[-60.92676,14.72237],[-60.9261,14.72225],[-60.9259,14.72213],[-60.92574,14.7219],[-60.92536,14.72171],[-60.92517,14.72166],[-60.92512,14.72133],[-60.92502,14.72116],[-60.92499,14.72104],[-60.9251,14.72072],[-60.92533,14.72046],[-60.92551,14.72041],[-60.92571,14.7204],[-60.92617,14.72001],[-60.9263,14.71999],[-60.9265,14.7201],[-60.92663,14.72011],[-60.92684,14.7202],[-60.92721,14.72053],[-60.92758,14.72058],[-60.92771,14.72053],[-60.92791,14.72038],[-60.92805,14.72023],[-60.92806,14.72011],[-60.92819,14.7199],[-60.92834,14.71952],[-60.92835,14.71937],[-60.92846,14.71909],[-60.92865,14.71905],[-60.92877,14.71889],[-60.92905,14.71845],[-60.92913,14.71818],[-60.92923,14.71794],[-60.92938,14.71782],[-60.92948,14.7176],[-60.92949,14.71752],[-60.92941,14.71732],[-60.92939,14.71718],[-60.92932,14.7171],[-60.9291,14.71703],[-60.9291,14.717],[-60.92943,14.71706],[-60.92975,14.71711],[-60.92992,14.7171],[-60.93021,14.71704],[-60.93035,14.71693],[-60.9305,14.71669],[-60.93064,14.7164],[-60.93074,14.71631],[-60.93104,14.71622],[-60.9312,14.71621],[-60.93153,14.71625],[-60.93181,14.71622],[-60.93205,14.71611],[-60.93227,14.71571],[-60.93243,14.7154],[-60.93243,14.7152],[-60.93234,14.71509],[-60.93196,14.71493],[-60.93189,14.71467],[-60.93198,14.71433],[-60.93206,14.7141],[-60.93212,14.714],[-60.9323,14.71381],[-60.93289,14.71333],[-60.93377,14.71255],[-60.93384,14.71246],[-60.93462,14.71183],[-60.93553,14.71045],[-60.9357,14.7104],[-60.93622,14.71016],[-60.93658,14.71001],[-60.93731,14.70976],[-60.93751,14.70961],[-60.93765,14.70943],[-60.93796,14.7092],[-60.93817,14.7091],[-60.93841,14.70903],[-60.9385,14.70909],[-60.93886,14.70921],[-60.93911,14.70926],[-60.93985,14.70929],[-60.94011,14.70916],[-60.94046,14.70875],[-60.94088,14.7083],[-60.94116,14.70799],[-60.9414,14.70783],[-60.94186,14.70775],[-60.94223,14.70771],[-60.94242,14.70767],[-60.94252,14.70782],[-60.94291,14.70791],[-60.94304,14.708],[-60.9432,14.70815],[-60.9445,14.70778],[-60.94482,14.70811],[-60.94496,14.70804],[-60.94531,14.70775],[-60.94573,14.70737],[-60.94605,14.70722],[-60.94614,14.70734],[-60.94685,14.70726],[-60.94706,14.70717],[-60.94773,14.7068],[-60.94788,14.7066],[-60.94799,14.70651],[-60.94817,14.70645],[-60.94839,14.70629],[-60.94862,14.70616],[-60.94878,14.70599],[-60.94918,14.70748],[-60.95141,14.7067],[-60.95188,14.70658],[-60.95251,14.70638],[-60.9531,14.70616],[-60.9533,14.70606],[-60.95371,14.70591],[-60.95821,14.70435],[-60.95924,14.704],[-60.95903,14.70361],[-60.95961,14.70365],[-60.95987,14.7037],[-60.9604,14.70375],[-60.96094,14.70391],[-60.96116,14.70394],[-60.96161,14.70395],[-60.96246,14.70377],[-60.96338,14.7032],[-60.96361,14.70257],[-60.9644,14.70288],[-60.96547,14.70273],[-60.96688,14.70249],[-60.96756,14.70214],[-60.9681,14.70193],[-60.96824,14.70191],[-60.96798,14.70335],[-60.96805,14.7034],[-60.96844,14.70353],[-60.96876,14.70369],[-60.96897,14.7037],[-60.96911,14.70359],[-60.96929,14.70333],[-60.96938,14.7031],[-60.96948,14.70292],[-60.96971,14.70271],[-60.96979,14.70259],[-60.96975,14.70239],[-60.96956,14.7022],[-60.96928,14.70205],[-60.96902,14.702],[-60.96873,14.70192],[-60.96837,14.70175],[-60.96821,14.7016],[-60.96805,14.70133],[-60.96795,14.70113],[-60.96791,14.70098],[-60.96797,14.70087],[-60.96821,14.70074],[-60.96831,14.70064],[-60.96838,14.70035],[-60.9684,14.70015],[-60.96866,14.69897],[-60.96879,14.69884],[-60.96897,14.69856],[-60.96918,14.69845],[-60.96949,14.69837],[-60.96957,14.69833],[-60.96969,14.69801],[-60.96984,14.69784],[-60.97028,14.69783],[-60.9704,14.69773],[-60.97056,14.69751],[-60.97073,14.69714],[-60.97083,14.69703],[-60.97069,14.69593],[-60.97185,14.69636],[-60.97312,14.69678],[-60.97364,14.69693],[-60.97487,14.69731],[-60.97723,14.69808],[-60.97655,14.70012],[-60.97628,14.70026],[-60.97597,14.70033],[-60.97599,14.70048],[-60.97598,14.70077],[-60.97599,14.70149],[-60.97592,14.70205],[-60.9759,14.70396],[-60.97585,14.70414],[-60.97577,14.70452],[-60.97605,14.70469],[-60.97637,14.70484],[-60.97705,14.70521],[-60.97816,14.70578],[-60.97899,14.70648],[-60.98027,14.70762],[-60.98078,14.70806],[-60.9808,14.70832],[-60.98085,14.7086],[-60.98092,14.70927],[-60.98082,14.70945],[-60.98041,14.70985],[-60.97988,14.71044],[-60.97985,14.7105],[-60.97962,14.71061],[-60.9795,14.7107],[-60.98002,14.71208],[-60.98013,14.71205],[-60.98031,14.71207],[-60.98065,14.71217],[-60.98087,14.71216],[-60.98093,14.7121],[-60.98125,14.71194],[-60.98133,14.71195],[-60.98158,14.71212],[-60.98175,14.71219],[-60.98212,14.71218],[-60.98228,14.71231],[-60.98242,14.7126],[-60.98246,14.71291],[-60.9826,14.71307],[-60.98278,14.71309],[-60.98304,14.71317],[-60.98321,14.71313],[-60.98369,14.7131],[-60.98384,14.71302],[-60.98387,14.71293],[-60.98382,14.71261],[-60.98386,14.71244],[-60.98394,14.71242],[-60.98412,14.71252],[-60.98441,14.71252],[-60.98457,14.71263],[-60.98464,14.71275],[-60.98473,14.71301],[-60.98474,14.71317],[-60.98483,14.71337],[-60.98473,14.71356],[-60.98458,14.7136],[-60.98435,14.71355],[-60.98421,14.71358],[-60.98419,14.71367],[-60.98433,14.71381],[-60.98441,14.71396],[-60.98448,14.71453],[-60.98453,14.71471],[-60.98466,14.71493],[-60.98472,14.71518],[-60.98478,14.71532],[-60.98488,14.71574],[-60.98491,14.71598],[-60.98503,14.71631],[-60.98506,14.71645],[-60.98503,14.71677],[-60.98518,14.71753],[-60.98529,14.71778],[-60.98545,14.71804],[-60.98556,14.71814],[-60.98585,14.71833],[-60.98596,14.71832],[-60.9863,14.71803],[-60.9864,14.71798],[-60.98652,14.718],[-60.98669,14.7182],[-60.98683,14.71813],[-60.98704,14.71791],[-60.9871,14.7179],[-60.98746,14.71795],[-60.98759,14.718],[-60.98794,14.71822],[-60.9881,14.71849],[-60.98813,14.71862],[-60.98808,14.71885],[-60.98821,14.71897],[-60.98828,14.71896],[-60.9884,14.71885],[-60.98847,14.71891],[-60.98854,14.71907],[-60.98843,14.71927],[-60.98793,14.7205],[-60.98787,14.72063],[-60.98843,14.72085],[-60.98859,14.72087],[-60.98889,14.72099],[-60.98924,14.72108],[-60.98987,14.72135],[-60.99049,14.72166],[-60.99188,14.72222],[-60.99202,14.72227],[-60.99369,14.72293],[-60.99376,14.72324],[-60.99378,14.72379],[-60.99387,14.72391],[-60.99417,14.72412],[-60.99434,14.72421],[-60.99451,14.72444],[-60.99468,14.72457],[-60.99496,14.72459],[-60.9951,14.72475],[-60.99518,14.72491],[-60.99543,14.72508],[-60.99551,14.72519],[-60.99628,14.72596],[-60.997,14.72671],[-60.99737,14.72712],[-60.99771,14.72744],[-60.99824,14.72774],[-60.9988,14.72796],[-61.00038,14.72841],[-61.00123,14.72875],[-61.00224,14.72882],[-61.00258,14.72886],[-61.00265,14.72903],[-61.00275,14.72898],[-61.00284,14.72901],[-61.00303,14.72933],[-61.00318,14.72932],[-61.00345,14.72904],[-61.00354,14.72904],[-61.00367,14.72932],[-61.00418,14.72932],[-61.00435,14.72926],[-61.00444,14.72916],[-61.00474,14.72892],[-61.00496,14.72889],[-61.00503,14.72885],[-61.00504,14.72862],[-61.00513,14.72855],[-61.00537,14.72868],[-61.00574,14.72891],[-61.00602,14.729],[-61.00629,14.72917],[-61.00642,14.7294],[-61.00664,14.72961],[-61.00679,14.72969],[-61.00697,14.72973],[-61.00715,14.72971],[-61.00771,14.72939],[-61.00774,14.72954],[-61.00777,14.72979],[-61.00785,14.73013],[-61.008,14.73],[-61.00818,14.72992],[-61.00842,14.72991],[-61.00924,14.72966],[-61.00945,14.7296],[-61.0095,14.72994],[-61.00955,14.73049],[-61.01024,14.73075],[-61.01062,14.73092],[-61.01105,14.73105],[-61.01159,14.73104],[-61.01187,14.73066],[-61.01224,14.73048],[-61.01239,14.73019],[-61.01246,14.7301],[-61.01282,14.72998],[-61.01308,14.72999],[-61.01315,14.72995],[-61.01323,14.72978],[-61.01333,14.72968],[-61.01356,14.7296],[-61.01387,14.72965],[-61.01413,14.72971],[-61.01425,14.72982],[-61.01516,14.73076],[-61.01547,14.73124],[-61.01576,14.73183],[-61.01628,14.73207],[-61.0162,14.733],[-61.01683,14.73354],[-61.01698,14.73346],[-61.01738,14.73335],[-61.01778,14.73326],[-61.0181,14.73328],[-61.01915,14.7334],[-61.01921,14.73349],[-61.01936,14.73383],[-61.01941,14.73386],[-61.01977,14.73382],[-61.02045,14.73383],[-61.02054,14.73392],[-61.02105,14.73455],[-61.02123,14.73471],[-61.0217,14.73506],[-61.02188,14.73528]]],[[[-60.88028,14.7577],[-60.88008,14.75749],[-60.87991,14.75745],[-60.87938,14.75723],[-60.8792,14.75719],[-60.87899,14.75708],[-60.87866,14.75698],[-60.87855,14.75691],[-60.87853,14.75682],[-60.8786,14.75652],[-60.87868,14.75644],[-60.87864,14.75626],[-60.87889,14.75612],[-60.87911,14.75607],[-60.87903,14.75588],[-60.87891,14.75573],[-60.87879,14.75568],[-60.87864,14.75569],[-60.87855,14.75557],[-60.87867,14.75548],[-60.87856,14.75522],[-60.87859,14.75502],[-60.87852,14.75483],[-60.87862,14.75473],[-60.8788,14.75465],[-60.87891,14.75491],[-60.87905,14.75512],[-60.87911,14.75528],[-60.87926,14.75547],[-60.87931,14.75571],[-60.87927,14.75583],[-60.87932,14.75593],[-60.87944,14.75603],[-60.87969,14.75611],[-60.87979,14.75617],[-60.87979,14.75635],[-60.87998,14.75678],[-60.88013,14.75699],[-60.88027,14.75712],[-60.88028,14.75731],[-60.88034,14.75751],[-60.88028,14.7577]]],[[[-60.87228,14.75813],[-60.87219,14.75819],[-60.87197,14.75811],[-60.87197,14.75794],[-60.87205,14.75784],[-60.87202,14.75777],[-60.87216,14.75768],[-60.87219,14.75784],[-60.87236,14.75789],[-60.87235,14.758],[-60.87242,14.75815],[-60.87228,14.75813]]],[[[-60.93581,14.76166],[-60.93569,14.76161],[-60.93561,14.76144],[-60.9355,14.76131],[-60.93556,14.76126],[-60.9357,14.76132],[-60.93573,14.7614],[-60.93585,14.7615],[-60.93581,14.76166]]],[[[-60.92307,14.76472],[-60.92284,14.76481],[-60.92273,14.76498],[-60.92254,14.76495],[-60.92244,14.76497],[-60.92226,14.7648],[-60.92224,14.76447],[-60.92233,14.76434],[-60.92242,14.76429],[-60.92256,14.76433],[-60.92267,14.7643],[-60.92287,14.76414],[-60.92298,14.76416],[-60.92299,14.76433],[-60.92306,14.76445],[-60.92321,14.76447],[-60.92321,14.76465],[-60.92307,14.76472]]],[[[-60.87272,14.77554],[-60.87249,14.77562],[-60.87239,14.77557],[-60.87215,14.77556],[-60.87208,14.77543],[-60.87193,14.77541],[-60.87191,14.77511],[-60.87196,14.77505],[-60.87231,14.77504],[-60.87242,14.77509],[-60.87276,14.77547],[-60.87272,14.77554]]],[[[-60.87564,14.7763],[-60.87552,14.77647],[-60.87531,14.77666],[-60.87512,14.77667],[-60.87494,14.77687],[-60.87468,14.77697],[-60.87442,14.77696],[-60.87429,14.77683],[-60.87424,14.77672],[-60.87427,14.77656],[-60.87441,14.77655],[-60.87447,14.77638],[-60.87446,14.77629],[-60.87435,14.77619],[-60.87438,14.77605],[-60.87452,14.7759],[-60.87461,14.77589],[-60.8747,14.77595],[-60.87495,14.7759],[-60.87525,14.77587],[-60.87542,14.77591],[-60.8757,14.77603],[-60.87564,14.7763]]],[[[-60.87938,14.80673],[-60.87973,14.80652],[-60.87987,14.80655],[-60.88001,14.80673],[-60.88019,14.80684],[-60.88023,14.80697],[-60.88019,14.80713],[-60.87996,14.8072],[-60.87988,14.80737],[-60.87977,14.80744],[-60.87959,14.80746],[-60.87939,14.80763],[-60.87931,14.80767],[-60.87913,14.80766],[-60.87909,14.80757],[-60.87911,14.80746],[-60.8793,14.80711],[-60.87932,14.80684],[-60.87938,14.80673]]]]}},{"type":"Feature","properties":{"nom":"Les Trois-Îlets","code":"97231"},"geometry":{"type":"MultiPolygon","coordinates":[[[[-61.00383,14.5089],[-61.00502,14.50904],[-61.00477,14.5104],[-61.00612,14.51076],[-61.00766,14.51165],[-61.00829,14.51138],[-61.00697,14.50554],[-61.00891,14.50483],[-61.01457,14.50348],[-61.01523,14.50716],[-61.0177,14.50661],[-61.01853,14.50632],[-61.01858,14.50637],[-61.01943,14.50774],[-61.01964,14.50824],[-61.01983,14.50892],[-61.02133,14.50827],[-61.02689,14.50893],[-61.02713,14.50711],[-61.02943,14.50709],[-61.03042,14.50736],[-61.03154,14.50665],[-61.032,14.50493],[-61.03919,14.50558],[-61.03906,14.50702],[-61.04169,14.50763],[-61.04207,14.50979],[-61.04196,14.51061],[-61.043,14.51092],[-61.04642,14.51156],[-61.04688,14.50833],[-61.04859,14.50841],[-61.04837,14.508],[-61.04841,14.50773],[-61.04957,14.50805],[-61.0541,14.5065],[-61.05643,14.50627],[-61.05815,14.5061],[-61.05894,14.50652],[-61.06073,14.51008],[-61.05993,14.51049],[-61.06295,14.51588],[-61.06343,14.51822],[-61.06578,14.52188],[-61.06683,14.52381],[-61.06807,14.5259],[-61.06829,14.52631],[-61.06843,14.52651],[-61.06859,14.52679],[-61.06894,14.52737],[-61.06982,14.52885],[-61.07141,14.53179],[-61.07155,14.53201],[-61.07121,14.53218],[-61.06971,14.53298],[-61.06973,14.53324],[-61.06981,14.53349],[-61.07036,14.53386],[-61.07075,14.53408],[-61.07086,14.5342],[-61.07099,14.53442],[-61.07115,14.53484],[-61.07124,14.53515],[-61.07129,14.53521],[-61.07178,14.53575],[-61.07198,14.53604],[-61.07213,14.53638],[-61.0724,14.53667],[-61.07266,14.53705],[-61.07285,14.53758],[-61.07315,14.53801],[-61.07337,14.53846],[-61.07347,14.53855],[-61.0736,14.53881],[-61.0737,14.53928],[-61.07366,14.53945],[-61.07377,14.53963],[-61.07373,14.54008],[-61.07396,14.54002],[-61.07389,14.54073],[-61.07378,14.54071],[-61.0732,14.54066],[-61.07292,14.54067],[-61.07279,14.54071],[-61.07256,14.54086],[-61.07243,14.54069],[-61.07231,14.54066],[-61.07193,14.54062],[-61.07181,14.54063],[-61.07148,14.54061],[-61.07124,14.54068],[-61.07115,14.54078],[-61.07096,14.54071],[-61.07079,14.54075],[-61.07063,14.54082],[-61.07053,14.5408],[-61.06998,14.54055],[-61.06968,14.54044],[-61.06938,14.54027],[-61.06911,14.54007],[-61.06875,14.53986],[-61.06843,14.53975],[-61.06804,14.53964],[-61.06772,14.53969],[-61.06733,14.53973],[-61.06699,14.53985],[-61.06672,14.53998],[-61.0664,14.54022],[-61.06602,14.54045],[-61.06588,14.54051],[-61.06545,14.54081],[-61.06523,14.54101],[-61.06507,14.54119],[-61.06498,14.54134],[-61.06453,14.54182],[-61.06421,14.54229],[-61.06397,14.54269],[-61.06422,14.543],[-61.06444,14.54315],[-61.06463,14.54333],[-61.06467,14.54341],[-61.06467,14.54383],[-61.06478,14.54397],[-61.06477,14.54414],[-61.06458,14.54431],[-61.06452,14.54449],[-61.06437,14.54458],[-61.06432,14.54471],[-61.06418,14.54479],[-61.06409,14.54492],[-61.06399,14.54498],[-61.06365,14.5454],[-61.0634,14.54582],[-61.0633,14.54595],[-61.06316,14.54628],[-61.06305,14.54639],[-61.06303,14.54648],[-61.06255,14.54699],[-61.06241,14.54722],[-61.06245,14.54736],[-61.06237,14.54745],[-61.06227,14.54746],[-61.06192,14.54771],[-61.06177,14.54798],[-61.06154,14.54825],[-61.06139,14.54848],[-61.06132,14.54862],[-61.06131,14.54879],[-61.06133,14.54911],[-61.06099,14.54917],[-61.06093,14.54922],[-61.06085,14.54945],[-61.06095,14.54956],[-61.06101,14.5498],[-61.06108,14.54994],[-61.06117,14.55002],[-61.06133,14.55009],[-61.06129,14.55024],[-61.06145,14.55037],[-61.06131,14.55056],[-61.06101,14.55056],[-61.0608,14.55063],[-61.06061,14.55078],[-61.06049,14.55102],[-61.0603,14.55124],[-61.06003,14.55134],[-61.05979,14.55133],[-61.05952,14.55126],[-61.05917,14.55137],[-61.05897,14.55147],[-61.05883,14.55147],[-61.05857,14.55156],[-61.05839,14.55158],[-61.05812,14.55146],[-61.05796,14.55132],[-61.05792,14.55113],[-61.05791,14.55094],[-61.05752,14.55048],[-61.05745,14.55042],[-61.05724,14.55033],[-61.05698,14.55029],[-61.05658,14.55033],[-61.05612,14.55042],[-61.05593,14.55051],[-61.05585,14.55046],[-61.05565,14.55052],[-61.05505,14.55081],[-61.05498,14.5508],[-61.05461,14.55104],[-61.05421,14.55139],[-61.05368,14.55205],[-61.05336,14.55251],[-61.05309,14.55303],[-61.05307,14.55312],[-61.05286,14.55366],[-61.05278,14.55415],[-61.05282,14.55442],[-61.05294,14.55461],[-61.05309,14.55465],[-61.05327,14.55475],[-61.05347,14.55489],[-61.0535,14.55504],[-61.0536,14.55523],[-61.05361,14.55572],[-61.05364,14.55604],[-61.0538,14.55633],[-61.05394,14.55644],[-61.0541,14.55647],[-61.05421,14.55645],[-61.05429,14.5565],[-61.05428,14.55672],[-61.05413,14.55715],[-61.05402,14.55742],[-61.05386,14.5579],[-61.05375,14.55794],[-61.05388,14.55766],[-61.05392,14.55743],[-61.0536,14.55734],[-61.05339,14.55736],[-61.05325,14.55741],[-61.05309,14.55758],[-61.05313,14.55772],[-61.053,14.5579],[-61.05293,14.55822],[-61.05297,14.55841],[-61.05308,14.55842],[-61.05324,14.5585],[-61.05332,14.55843],[-61.0534,14.55844],[-61.05331,14.55865],[-61.05328,14.55884],[-61.05318,14.55887],[-61.0532,14.55868],[-61.05307,14.55856],[-61.05295,14.55855],[-61.05279,14.55877],[-61.0527,14.55898],[-61.0528,14.55908],[-61.05295,14.5591],[-61.05289,14.55926],[-61.05273,14.55917],[-61.05264,14.55924],[-61.05271,14.55955],[-61.05282,14.55967],[-61.053,14.55966],[-61.05305,14.55948],[-61.05318,14.55945],[-61.05322,14.55954],[-61.0532,14.55967],[-61.0531,14.55994],[-61.05298,14.56018],[-61.05291,14.56025],[-61.05281,14.56018],[-61.05288,14.55993],[-61.05284,14.55987],[-61.05266,14.55988],[-61.05243,14.55986],[-61.05235,14.55993],[-61.05223,14.56019],[-61.05224,14.56031],[-61.05232,14.56038],[-61.05245,14.56034],[-61.05249,14.56043],[-61.0524,14.56062],[-61.05219,14.56052],[-61.0521,14.56066],[-61.05201,14.56117],[-61.0521,14.56137],[-61.05227,14.56153],[-61.05244,14.56166],[-61.05237,14.56188],[-61.0524,14.56199],[-61.05226,14.56207],[-61.05203,14.56226],[-61.0519,14.56226],[-61.0518,14.56213],[-61.05151,14.56199],[-61.05141,14.56182],[-61.05144,14.56172],[-61.05163,14.56156],[-61.05172,14.56142],[-61.05177,14.56078],[-61.05165,14.56017],[-61.05157,14.55993],[-61.05158,14.55969],[-61.05152,14.55935],[-61.0515,14.55891],[-61.05142,14.55878],[-61.05118,14.55859],[-61.05112,14.55847],[-61.05117,14.55829],[-61.0513,14.55816],[-61.05168,14.55783],[-61.05099,14.55705],[-61.05019,14.55776],[-61.05029,14.55786],[-61.05054,14.55815],[-61.05065,14.55824],[-61.0508,14.55845],[-61.0508,14.55856],[-61.05069,14.55888],[-61.05036,14.55926],[-61.04988,14.55964],[-61.04965,14.55973],[-61.0491,14.55954],[-61.04887,14.55949],[-61.04861,14.55948],[-61.04849,14.55924],[-61.04857,14.55918],[-61.04862,14.5593],[-61.04899,14.55901],[-61.04899,14.55882],[-61.04889,14.55866],[-61.04859,14.55871],[-61.04853,14.5586],[-61.04885,14.55851],[-61.04903,14.55844],[-61.04906,14.55816],[-61.04895,14.55784],[-61.04899,14.55773],[-61.04914,14.5575],[-61.0492,14.55717],[-61.04915,14.55687],[-61.04916,14.55674],[-61.04924,14.55649],[-61.04942,14.55616],[-61.04956,14.55604],[-61.04973,14.55597],[-61.04977,14.55588],[-61.04994,14.55574],[-61.05015,14.55571],[-61.05037,14.5555],[-61.05071,14.55537],[-61.05087,14.55535],[-61.05112,14.55515],[-61.05125,14.5551],[-61.0513,14.55503],[-61.05124,14.55495],[-61.05111,14.55484],[-61.05109,14.55474],[-61.05114,14.55445],[-61.05119,14.55436],[-61.05135,14.55418],[-61.05129,14.55415],[-61.05104,14.55431],[-61.05089,14.55447],[-61.05082,14.55463],[-61.05069,14.55473],[-61.05059,14.5547],[-61.05019,14.5547],[-61.05007,14.55464],[-61.05,14.55454],[-61.04997,14.55431],[-61.05002,14.55415],[-61.05021,14.55383],[-61.05051,14.55365],[-61.05079,14.55358],[-61.05088,14.55349],[-61.05123,14.55284],[-61.05117,14.55269],[-61.051,14.55256],[-61.05097,14.55248],[-61.05102,14.55225],[-61.05111,14.55214],[-61.05159,14.55185],[-61.05169,14.55176],[-61.05172,14.55163],[-61.05158,14.55142],[-61.05148,14.55123],[-61.05125,14.55119],[-61.05104,14.55125],[-61.05092,14.55121],[-61.05059,14.55093],[-61.05042,14.55103],[-61.05015,14.55104],[-61.04995,14.55118],[-61.04978,14.55126],[-61.04929,14.55139],[-61.04893,14.55153],[-61.04883,14.55164],[-61.04868,14.55158],[-61.04864,14.55167],[-61.04837,14.55188],[-61.04824,14.55196],[-61.04788,14.5521],[-61.04767,14.55221],[-61.0475,14.55226],[-61.04725,14.55228],[-61.04677,14.55248],[-61.04663,14.5525],[-61.04622,14.55251],[-61.04586,14.55236],[-61.04565,14.5523],[-61.04531,14.55228],[-61.04529,14.55217],[-61.04534,14.55203],[-61.04532,14.55192],[-61.04524,14.55181],[-61.045,14.5517],[-61.04491,14.55172],[-61.04441,14.55201],[-61.04391,14.55222],[-61.04364,14.55228],[-61.0435,14.55238],[-61.04344,14.55269],[-61.04329,14.55277],[-61.04316,14.55271],[-61.04305,14.55257],[-61.04305,14.55246],[-61.0431,14.55227],[-61.04301,14.55209],[-61.04277,14.55188],[-61.04269,14.55172],[-61.04264,14.55154],[-61.04253,14.5513],[-61.04228,14.55109],[-61.04221,14.55097],[-61.04216,14.55071],[-61.04203,14.5506],[-61.04177,14.55053],[-61.04153,14.55056],[-61.04134,14.55063],[-61.04123,14.55079],[-61.04136,14.551],[-61.04136,14.55116],[-61.04128,14.55145],[-61.04099,14.55196],[-61.04106,14.5521],[-61.04118,14.55211],[-61.04136,14.55203],[-61.04148,14.55208],[-61.04145,14.55228],[-61.0415,14.55254],[-61.04183,14.55295],[-61.0419,14.55325],[-61.042,14.55337],[-61.0422,14.55353],[-61.04216,14.55374],[-61.042,14.55398],[-61.04186,14.55406],[-61.04152,14.55404],[-61.0414,14.55408],[-61.04138,14.55427],[-61.04159,14.5546],[-61.04147,14.55483],[-61.04127,14.555],[-61.04109,14.55523],[-61.04078,14.55578],[-61.04064,14.55597],[-61.04022,14.55635],[-61.03989,14.55658],[-61.03965,14.55668],[-61.03952,14.5567],[-61.03934,14.55664],[-61.03891,14.55665],[-61.03866,14.55669],[-61.03838,14.55663],[-61.03826,14.55655],[-61.03812,14.55639],[-61.03798,14.55614],[-61.03788,14.55592],[-61.03775,14.55577],[-61.0375,14.55556],[-61.03743,14.55546],[-61.03735,14.55524],[-61.03732,14.55486],[-61.03737,14.55466],[-61.03743,14.55458],[-61.03748,14.55436],[-61.03746,14.55397],[-61.03737,14.55338],[-61.03736,14.5532],[-61.03747,14.5527],[-61.03752,14.55257],[-61.0378,14.55208],[-61.03789,14.55171],[-61.03798,14.55148],[-61.03808,14.55136],[-61.03824,14.55123],[-61.03834,14.5511],[-61.03854,14.55073],[-61.03883,14.55037],[-61.03885,14.55027],[-61.03877,14.55015],[-61.0386,14.5501],[-61.03827,14.55013],[-61.03795,14.55022],[-61.03757,14.55041],[-61.03722,14.55045],[-61.03704,14.55037],[-61.03701,14.55018],[-61.03706,14.55007],[-61.03724,14.54982],[-61.03753,14.54959],[-61.03799,14.54942],[-61.03813,14.54935],[-61.03834,14.54917],[-61.03852,14.54889],[-61.03871,14.54874],[-61.03921,14.54839],[-61.03952,14.54822],[-61.03964,14.54818],[-61.0399,14.54799],[-61.04003,14.54783],[-61.04037,14.54772],[-61.04046,14.54781],[-61.04064,14.54791],[-61.04088,14.54796],[-61.04103,14.54796],[-61.04127,14.54791],[-61.0415,14.54781],[-61.04163,14.54765],[-61.04182,14.54756],[-61.04203,14.54751],[-61.04227,14.54749],[-61.04287,14.54749],[-61.04294,14.54751],[-61.04313,14.54772],[-61.04334,14.54773],[-61.04349,14.54763],[-61.04361,14.5475],[-61.04393,14.54695],[-61.04392,14.54681],[-61.04396,14.54669],[-61.04409,14.54658],[-61.0441,14.54645],[-61.04403,14.54629],[-61.0436,14.54628],[-61.04319,14.54632],[-61.04301,14.54627],[-61.04308,14.54586],[-61.04317,14.54577],[-61.04301,14.54559],[-61.04295,14.54544],[-61.04295,14.54513],[-61.04304,14.54504],[-61.04327,14.54486],[-61.04319,14.54477],[-61.04302,14.54484],[-61.04282,14.54483],[-61.0427,14.54471],[-61.04264,14.54458],[-61.04251,14.54402],[-61.04239,14.54373],[-61.04224,14.54344],[-61.042,14.54314],[-61.04171,14.54286],[-61.04171,14.54272],[-61.04178,14.54259],[-61.04167,14.54258],[-61.04163,14.54271],[-61.04141,14.54291],[-61.04131,14.54296],[-61.0411,14.54291],[-61.04076,14.5429],[-61.04055,14.54287],[-61.04074,14.54277],[-61.04084,14.54267],[-61.04088,14.54255],[-61.04113,14.54243],[-61.04122,14.5423],[-61.04123,14.54217],[-61.04116,14.5419],[-61.04097,14.54157],[-61.04082,14.54142],[-61.04068,14.54146],[-61.04035,14.54134],[-61.04006,14.54133],[-61.03952,14.54146],[-61.0393,14.54145],[-61.03918,14.5414],[-61.03913,14.54148],[-61.03886,14.54151],[-61.03865,14.54149],[-61.03835,14.54154],[-61.03825,14.54149],[-61.03774,14.54162],[-61.0374,14.5416],[-61.03691,14.54171],[-61.03664,14.54179],[-61.03641,14.54171],[-61.03628,14.54151],[-61.03628,14.54129],[-61.03634,14.54112],[-61.03628,14.54069],[-61.03632,14.54053],[-61.0364,14.54051],[-61.03645,14.54032],[-61.03663,14.5402],[-61.03688,14.54026],[-61.03672,14.54006],[-61.03623,14.5403],[-61.03614,14.54031],[-61.03591,14.54017],[-61.03585,14.54002],[-61.03568,14.53997],[-61.03538,14.53997],[-61.03514,14.54007],[-61.03517,14.54023],[-61.03518,14.54061],[-61.03511,14.5408],[-61.03513,14.54095],[-61.03505,14.54111],[-61.03497,14.54118],[-61.03483,14.54159],[-61.03455,14.54175],[-61.03451,14.5419],[-61.03433,14.54192],[-61.03424,14.54203],[-61.03408,14.54204],[-61.03386,14.54191],[-61.03374,14.54178],[-61.03368,14.54166],[-61.03332,14.54144],[-61.03332,14.54131],[-61.03309,14.54122],[-61.03285,14.54121],[-61.03253,14.54107],[-61.03226,14.54105],[-61.03203,14.54089],[-61.03189,14.54084],[-61.03145,14.54073],[-61.03123,14.54072],[-61.0307,14.54075],[-61.03044,14.54073],[-61.03023,14.54077],[-61.03003,14.54075],[-61.02996,14.54061],[-61.03001,14.54042],[-61.03016,14.54033],[-61.03027,14.54006],[-61.03038,14.53992],[-61.03053,14.53947],[-61.03064,14.53927],[-61.0308,14.53903],[-61.03098,14.53886],[-61.03139,14.53839],[-61.03173,14.53805],[-61.03197,14.53774],[-61.03217,14.53763],[-61.03237,14.53747],[-61.03264,14.53733],[-61.03258,14.53725],[-61.03238,14.5373],[-61.03209,14.53698],[-61.03191,14.53671],[-61.03183,14.53663],[-61.0317,14.53663],[-61.03155,14.53669],[-61.03137,14.53671],[-61.03124,14.53667],[-61.03109,14.53677],[-61.03067,14.5368],[-61.03043,14.53684],[-61.03012,14.53673],[-61.02994,14.53671],[-61.02954,14.53673],[-61.02929,14.53682],[-61.02923,14.53688],[-61.02903,14.53719],[-61.02876,14.53723],[-61.02857,14.53721],[-61.0284,14.53708],[-61.0283,14.53705],[-61.02808,14.5371],[-61.02783,14.53704],[-61.02775,14.53699],[-61.02764,14.53666],[-61.02754,14.53647],[-61.02738,14.53637],[-61.02725,14.53616],[-61.02722,14.53603],[-61.02727,14.5358],[-61.02726,14.53564],[-61.02737,14.5354],[-61.02736,14.53531],[-61.02743,14.53524],[-61.02774,14.53506],[-61.02809,14.53495],[-61.0281,14.53487],[-61.02799,14.53467],[-61.02808,14.53445],[-61.02789,14.53445],[-61.02776,14.53454],[-61.02757,14.5346],[-61.02729,14.53461],[-61.02711,14.53472],[-61.02685,14.53476],[-61.02665,14.53465],[-61.02648,14.53468],[-61.0264,14.53484],[-61.02639,14.53514],[-61.02637,14.53535],[-61.02626,14.53541],[-61.02614,14.53542],[-61.02603,14.53548],[-61.02588,14.53576],[-61.02557,14.53623],[-61.02533,14.53652],[-61.02516,14.53668],[-61.02483,14.53708],[-61.0247,14.53745],[-61.02465,14.53779],[-61.02463,14.5381],[-61.02463,14.53831],[-61.02447,14.53858],[-61.02426,14.53871],[-61.02402,14.53881],[-61.02387,14.53891],[-61.02371,14.53908],[-61.02336,14.53935],[-61.02297,14.53955],[-61.0228,14.5397],[-61.02257,14.53953],[-61.02245,14.53952],[-61.02226,14.53942],[-61.02214,14.53939],[-61.02206,14.53931],[-61.02204,14.53913],[-61.02237,14.53873],[-61.02229,14.53863],[-61.02192,14.5385],[-61.02182,14.53843],[-61.0218,14.53831],[-61.02198,14.53795],[-61.022,14.53781],[-61.02195,14.53755],[-61.02196,14.53743],[-61.02208,14.53718],[-61.02221,14.53707],[-61.02243,14.53691],[-61.0226,14.53674],[-61.02266,14.53658],[-61.02265,14.53648],[-61.02253,14.5365],[-61.02225,14.5366],[-61.02185,14.53677],[-61.02159,14.5369],[-61.0211,14.53707],[-61.0207,14.53726],[-61.02062,14.53727],[-61.02019,14.53726],[-61.01989,14.5372],[-61.01983,14.5371],[-61.01986,14.53697],[-61.0201,14.53674],[-61.02065,14.5364],[-61.02086,14.53632],[-61.02117,14.53627],[-61.02133,14.53618],[-61.02169,14.5358],[-61.02191,14.5356],[-61.022,14.53557],[-61.02213,14.53562],[-61.0222,14.53553],[-61.02218,14.53511],[-61.02213,14.53507],[-61.02155,14.53501],[-61.02137,14.53503],[-61.02136,14.53494],[-61.0215,14.53478],[-61.02185,14.53451],[-61.02215,14.53424],[-61.02225,14.53417],[-61.0223,14.53401],[-61.02238,14.53386],[-61.02246,14.53357],[-61.02234,14.53352],[-61.02239,14.53325],[-61.02243,14.53288],[-61.02241,14.53273],[-61.02244,14.53265],[-61.0226,14.53251],[-61.02258,14.53218],[-61.02242,14.53212],[-61.02244,14.5323],[-61.02236,14.5325],[-61.02221,14.53255],[-61.02173,14.53259],[-61.02151,14.53263],[-61.02138,14.53269],[-61.02111,14.5329],[-61.02096,14.53297],[-61.02064,14.53307],[-61.02049,14.53318],[-61.02036,14.53339],[-61.0202,14.53373],[-61.01999,14.53407],[-61.02003,14.53419],[-61.01996,14.5344],[-61.01979,14.53448],[-61.01961,14.53482],[-61.01963,14.53503],[-61.01955,14.53511],[-61.01917,14.53509],[-61.01904,14.53505],[-61.01878,14.53514],[-61.01866,14.53523],[-61.0184,14.53529],[-61.01829,14.53543],[-61.01811,14.53557],[-61.01798,14.53563],[-61.01776,14.53582],[-61.01747,14.53587],[-61.01732,14.53585],[-61.01713,14.53587],[-61.01667,14.53601],[-61.01658,14.53576],[-61.01669,14.53544],[-61.0168,14.53522],[-61.01677,14.53499],[-61.01691,14.53482],[-61.01718,14.53466],[-61.01769,14.53447],[-61.01785,14.53436],[-61.01805,14.53415],[-61.01839,14.53385],[-61.01847,14.53366],[-61.01855,14.53357],[-61.01858,14.53343],[-61.01868,14.53326],[-61.01865,14.53318],[-61.01855,14.5331],[-61.01842,14.53294],[-61.01836,14.53304],[-61.0182,14.53309],[-61.01816,14.53333],[-61.01808,14.53343],[-61.01786,14.53349],[-61.01778,14.53339],[-61.01785,14.53305],[-61.01774,14.53283],[-61.01768,14.53265],[-61.01754,14.53241],[-61.0175,14.53257],[-61.01749,14.53287],[-61.01747,14.53303],[-61.01739,14.53324],[-61.01733,14.53328],[-61.01715,14.53329],[-61.01698,14.53346],[-61.01702,14.53382],[-61.01698,14.53402],[-61.01693,14.5341],[-61.01679,14.5342],[-61.01666,14.53423],[-61.01646,14.5342],[-61.0163,14.53425],[-61.01611,14.53437],[-61.01587,14.53443],[-61.01573,14.53455],[-61.01559,14.53479],[-61.01549,14.5349],[-61.01534,14.53497],[-61.0149,14.53485],[-61.01449,14.53476],[-61.01407,14.5347],[-61.01383,14.53457],[-61.01367,14.53456],[-61.01346,14.53461],[-61.0131,14.53486],[-61.01308,14.53514],[-61.01298,14.53529],[-61.01265,14.53535],[-61.01246,14.53547],[-61.01243,14.53557],[-61.01237,14.53585],[-61.01248,14.53635],[-61.01241,14.53655],[-61.01247,14.53665],[-61.01277,14.5369],[-61.01289,14.53705],[-61.01296,14.53724],[-61.01299,14.5375],[-61.01291,14.53758],[-61.0124,14.53774],[-61.01224,14.53771],[-61.01215,14.53776],[-61.01211,14.5379],[-61.01191,14.538],[-61.01182,14.53791],[-61.01166,14.5379],[-61.0114,14.53801],[-61.01127,14.53813],[-61.01099,14.53823],[-61.01054,14.5382],[-61.01042,14.53824],[-61.01019,14.53846],[-61.01009,14.53858],[-61.00987,14.53876],[-61.00968,14.539],[-61.00953,14.53912],[-61.0091,14.53942],[-61.00898,14.53964],[-61.00897,14.54003],[-61.00901,14.54017],[-61.009,14.54071],[-61.00903,14.54093],[-61.00891,14.54107],[-61.00849,14.54142],[-61.00844,14.54159],[-61.00819,14.5418],[-61.00784,14.5418],[-61.00756,14.5417],[-61.00743,14.54172],[-61.00738,14.54165],[-61.0072,14.54164],[-61.00702,14.54157],[-61.00678,14.54136],[-61.00648,14.5412],[-61.0063,14.541],[-61.00591,14.54047],[-61.00588,14.54033],[-61.00588,14.54012],[-61.00582,14.53983],[-61.00574,14.53965],[-61.00577,14.53955],[-61.00587,14.53946],[-61.00593,14.53925],[-61.0061,14.53905],[-61.00641,14.53896],[-61.00679,14.53889],[-61.00716,14.5389],[-61.00732,14.53885],[-61.00741,14.53876],[-61.00747,14.53837],[-61.00761,14.53798],[-61.00773,14.53755],[-61.00781,14.53736],[-61.00792,14.53723],[-61.00838,14.53681],[-61.0085,14.53672],[-61.00862,14.5367],[-61.00873,14.53674],[-61.00884,14.53669],[-61.0089,14.53658],[-61.00897,14.53615],[-61.00918,14.53586],[-61.00943,14.53565],[-61.00955,14.53559],[-61.00987,14.5355],[-61.00998,14.53544],[-61.01035,14.53532],[-61.01075,14.53499],[-61.01093,14.535],[-61.01131,14.53482],[-61.01136,14.53468],[-61.01129,14.53453],[-61.01116,14.53449],[-61.01123,14.53435],[-61.01131,14.5343],[-61.01131,14.53415],[-61.01146,14.53406],[-61.01146,14.53398],[-61.01136,14.53386],[-61.01121,14.53388],[-61.01098,14.53371],[-61.01087,14.5337],[-61.01057,14.53387],[-61.0101,14.53404],[-61.01,14.53401],[-61.00997,14.53391],[-61.01002,14.5337],[-61.00997,14.53358],[-61.00972,14.53364],[-61.00964,14.53372],[-61.00963,14.53383],[-61.00953,14.53393],[-61.00939,14.53397],[-61.00908,14.53389],[-61.00875,14.53383],[-61.00856,14.53384],[-61.00822,14.53381],[-61.00804,14.53383],[-61.00748,14.53393],[-61.007,14.5341],[-61.00677,14.53411],[-61.00665,14.53404],[-61.00639,14.5337],[-61.00624,14.53347],[-61.00615,14.5333],[-61.00594,14.53295],[-61.0066,14.53264],[-61.00673,14.53167],[-61.00681,14.53096],[-61.00671,14.53077],[-61.00659,14.53091],[-61.0064,14.53105],[-61.00622,14.53112],[-61.00599,14.53124],[-61.00575,14.53145],[-61.00549,14.53163],[-61.0052,14.53171],[-61.00489,14.5319],[-61.00467,14.53222],[-61.00451,14.53235],[-61.00428,14.53245],[-61.0039,14.53257],[-61.0036,14.53259],[-61.00312,14.53227],[-61.003,14.53224],[-61.00278,14.53228],[-61.00272,14.53266],[-61.00253,14.53266],[-61.0023,14.53292],[-61.00187,14.53293],[-61.00166,14.53268],[-61.00133,14.53216],[-61.00122,14.53219],[-61.00123,14.53208],[-61.00121,14.53167],[-61.00128,14.53009],[-61.00141,14.52853],[-61.00143,14.52812],[-61.0012,14.52807],[-61.00124,14.52689],[-61.00141,14.52681],[-61.00157,14.5268],[-61.00165,14.52685],[-61.00187,14.52466],[-61.002,14.52357],[-61.00199,14.52341],[-61.00215,14.522],[-61.00216,14.5219],[-61.00265,14.51736],[-61.00313,14.51316],[-61.00319,14.51242],[-61.00324,14.51165],[-61.00335,14.50886],[-61.00383,14.5089]]],[[[-61.03798,14.54326],[-61.0378,14.54336],[-61.03768,14.54338],[-61.0374,14.54334],[-61.03727,14.54328],[-61.03726,14.5432],[-61.03734,14.54309],[-61.03786,14.54304],[-61.038,14.54306],[-61.03804,14.54315],[-61.03798,14.54326]]],[[[-61.03527,14.5443],[-61.03503,14.54444],[-61.03483,14.54452],[-61.03469,14.54444],[-61.03472,14.54435],[-61.03493,14.54411],[-61.03503,14.54405],[-61.03532,14.544],[-61.03545,14.54403],[-61.03546,14.54409],[-61.03527,14.5443]]],[[[-61.03832,14.54505],[-61.03813,14.54518],[-61.038,14.54503],[-61.03799,14.54494],[-61.03826,14.54479],[-61.0384,14.5448],[-61.03842,14.54487],[-61.03832,14.54505]]],[[[-61.02181,14.54792],[-61.02177,14.54816],[-61.02169,14.54835],[-61.02153,14.54852],[-61.02159,14.54872],[-61.02134,14.54909],[-61.02114,14.54928],[-61.02096,14.54938],[-61.02059,14.54947],[-61.02036,14.54957],[-61.02013,14.5495],[-61.01998,14.54939],[-61.01989,14.54947],[-61.01974,14.54949],[-61.01971,14.54959],[-61.01939,14.54977],[-61.01923,14.54984],[-61.01891,14.54992],[-61.01843,14.55009],[-61.01821,14.55012],[-61.018,14.55012],[-61.01753,14.55016],[-61.0173,14.55008],[-61.01702,14.55005],[-61.01656,14.55014],[-61.01632,14.54998],[-61.01624,14.54968],[-61.01612,14.54943],[-61.01599,14.54927],[-61.01596,14.54917],[-61.01595,14.54894],[-61.01599,14.54879],[-61.01597,14.5486],[-61.01607,14.5484],[-61.01624,14.54832],[-61.01649,14.54809],[-61.01665,14.5479],[-61.01691,14.54773],[-61.01723,14.54759],[-61.01764,14.54764],[-61.01826,14.54766],[-61.01846,14.54768],[-61.01877,14.54762],[-61.01913,14.54746],[-61.01921,14.54731],[-61.01939,14.54718],[-61.01943,14.547],[-61.01953,14.54689],[-61.01976,14.54678],[-61.02032,14.54668],[-61.02051,14.54669],[-61.02078,14.54662],[-61.02091,14.54663],[-61.02106,14.54672],[-61.0215,14.54703],[-61.02163,14.54722],[-61.02178,14.54736],[-61.02187,14.54765],[-61.02181,14.54792]]],[[[-61.00438,14.55054],[-61.00424,14.55071],[-61.00393,14.55086],[-61.00349,14.55094],[-61.00337,14.55102],[-61.00329,14.55102],[-61.00307,14.55073],[-61.00303,14.55059],[-61.00312,14.55037],[-61.00312,14.55028],[-61.00328,14.55016],[-61.00358,14.55011],[-61.00383,14.54989],[-61.00396,14.54987],[-61.00407,14.54992],[-61.0044,14.55022],[-61.00443,14.5503],[-61.00438,14.55054]]]]}},{"type":"Feature","properties":{"nom":"Le Vauclin","code":"97232"},"geometry":{"type":"MultiPolygon","coordinates":[[[[-60.82579,14.52055],[-60.82578,14.52069],[-60.82568,14.52078],[-60.8256,14.52069],[-60.82555,14.52054],[-60.82554,14.52038],[-60.8256,14.52027],[-60.82577,14.52033],[-60.82579,14.52055]]],[[[-60.82789,14.5256],[-60.82771,14.52585],[-60.82765,14.52609],[-60.82737,14.52657],[-60.82716,14.52684],[-60.82701,14.52693],[-60.82672,14.527],[-60.82641,14.52679],[-60.82631,14.52679],[-60.82612,14.52671],[-60.82606,14.5266],[-60.82605,14.52646],[-60.82597,14.52617],[-60.82585,14.52582],[-60.82588,14.52563],[-60.82585,14.52539],[-60.82578,14.52522],[-60.82586,14.52502],[-60.8259,14.52473],[-60.82599,14.52418],[-60.82599,14.52385],[-60.82594,14.52359],[-60.82581,14.52302],[-60.82579,14.52276],[-60.82586,14.52242],[-60.82595,14.52227],[-60.82597,14.52201],[-60.82593,14.52195],[-60.82601,14.52164],[-60.82612,14.52151],[-60.82622,14.52151],[-60.82637,14.52165],[-60.82647,14.52182],[-60.82652,14.5221],[-60.82645,14.52232],[-60.82648,14.5224],[-60.82661,14.52243],[-60.82671,14.5225],[-60.8267,14.52257],[-60.82649,14.52271],[-60.82643,14.52287],[-60.82654,14.52307],[-60.82653,14.52338],[-60.82649,14.52355],[-60.82658,14.5237],[-60.82663,14.52388],[-60.82684,14.52419],[-60.82675,14.52431],[-60.82654,14.52445],[-60.82653,14.52456],[-60.82666,14.52468],[-60.82688,14.52465],[-60.82742,14.52476],[-60.82759,14.52482],[-60.82772,14.52496],[-60.82776,14.52509],[-60.8279,14.52533],[-60.82791,14.5255],[-60.82789,14.5256]]],[[[-60.84999,14.58541],[-60.84995,14.58544],[-60.84973,14.58511],[-60.84961,14.58495],[-60.84944,14.58485],[-60.849,14.58468],[-60.84879,14.58445],[-60.84845,14.58423],[-60.84809,14.5841],[-60.84793,14.58411],[-60.84777,14.58432],[-60.84763,14.58443],[-60.84737,14.58454],[-60.84686,14.58455],[-60.84648,14.58467],[-60.84639,14.58466],[-60.84607,14.5845],[-60.84587,14.58435],[-60.84578,14.58422],[-60.84574,14.58404],[-60.84579,14.58389],[-60.84587,14.58385],[-60.84619,14.58385],[-60.84633,14.58373],[-60.84633,14.58361],[-60.84619,14.58292],[-60.84604,14.5828],[-60.84601,14.58268],[-60.84603,14.58243],[-60.84614,14.58223],[-60.84634,14.58218],[-60.84649,14.58237],[-60.84662,14.58243],[-60.84676,14.5824],[-60.84727,14.58242],[-60.84737,14.58253],[-60.8475,14.58258],[-60.84789,14.58262],[-60.84824,14.58272],[-60.84842,14.5827],[-60.84864,14.58264],[-60.8491,14.5826],[-60.84956,14.58272],[-60.84953,14.58281],[-60.84976,14.58293],[-60.84985,14.5829],[-60.85035,14.58303],[-60.8505,14.58297],[-60.85084,14.58276],[-60.8511,14.58272],[-60.85136,14.58271],[-60.85151,14.58258],[-60.85146,14.58251],[-60.85132,14.58246],[-60.85102,14.5823],[-60.85113,14.58226],[-60.85124,14.58203],[-60.8513,14.58185],[-60.85158,14.5817],[-60.85181,14.58147],[-60.85231,14.58074],[-60.85249,14.58065],[-60.85277,14.58064],[-60.85296,14.58068],[-60.85311,14.58054],[-60.85323,14.58051],[-60.85345,14.58065],[-60.85367,14.5806],[-60.8538,14.58049],[-60.85385,14.5803],[-60.85395,14.58014],[-60.85403,14.57991],[-60.85403,14.5798],[-60.85383,14.57953],[-60.85366,14.5794],[-60.85339,14.57934],[-60.85313,14.57942],[-60.85289,14.5796],[-60.85257,14.57998],[-60.85252,14.58009],[-60.85238,14.58018],[-60.85207,14.58015],[-60.85185,14.5802],[-60.85162,14.58012],[-60.85128,14.58019],[-60.8511,14.58017],[-60.85092,14.58023],[-60.85081,14.58023],[-60.85078,14.58014],[-60.85085,14.5799],[-60.85091,14.57989],[-60.85089,14.57967],[-60.85097,14.57955],[-60.85109,14.57948],[-60.85128,14.57948],[-60.8514,14.57952],[-60.85158,14.57975],[-60.85184,14.57999],[-60.85198,14.57997],[-60.85196,14.57988],[-60.85198,14.57968],[-60.85188,14.57958],[-60.85193,14.57925],[-60.85188,14.57914],[-60.85169,14.57905],[-60.8516,14.57891],[-60.85151,14.57851],[-60.85158,14.57845],[-60.85152,14.57805],[-60.85116,14.57795],[-60.85039,14.57786],[-60.85019,14.57789],[-60.84988,14.57791],[-60.84953,14.57801],[-60.84919,14.57822],[-60.84905,14.57836],[-60.84894,14.57859],[-60.84904,14.57878],[-60.84959,14.57948],[-60.84957,14.57956],[-60.84935,14.57951],[-60.84918,14.57949],[-60.84893,14.57951],[-60.84872,14.57959],[-60.84861,14.57972],[-60.84835,14.57977],[-60.84804,14.57959],[-60.84795,14.57946],[-60.84781,14.57931],[-60.84722,14.57923],[-60.84717,14.57929],[-60.84694,14.57925],[-60.84688,14.57912],[-60.8467,14.57907],[-60.84641,14.5791],[-60.84619,14.57896],[-60.84605,14.57892],[-60.84575,14.57897],[-60.84551,14.57888],[-60.84536,14.57886],[-60.84526,14.57903],[-60.84508,14.57907],[-60.84492,14.57898],[-60.84461,14.57876],[-60.84438,14.57865],[-60.84405,14.57858],[-60.84387,14.57861],[-60.84353,14.57878],[-60.84297,14.579],[-60.84255,14.57905],[-60.84244,14.57903],[-60.84225,14.57907],[-60.84215,14.57899],[-60.84212,14.57858],[-60.84223,14.57823],[-60.8424,14.57801],[-60.84251,14.57794],[-60.84284,14.57787],[-60.84318,14.57782],[-60.84336,14.57774],[-60.84354,14.57767],[-60.84383,14.57752],[-60.84405,14.57737],[-60.84423,14.57735],[-60.84434,14.57727],[-60.84463,14.5772],[-60.84484,14.57724],[-60.8451,14.57745],[-60.84556,14.57768],[-60.84571,14.5777],[-60.84584,14.57762],[-60.84618,14.57731],[-60.84637,14.57711],[-60.84651,14.57691],[-60.8466,14.57684],[-60.84689,14.57672],[-60.84704,14.57657],[-60.84714,14.57657],[-60.84734,14.57641],[-60.84756,14.57645],[-60.84782,14.57646],[-60.84806,14.5764],[-60.84843,14.57653],[-60.84875,14.57653],[-60.84897,14.57636],[-60.84904,14.57647],[-60.84916,14.57653],[-60.84938,14.57658],[-60.84948,14.57665],[-60.84968,14.57692],[-60.84976,14.57683],[-60.84998,14.57675],[-60.85019,14.57657],[-60.85029,14.57654],[-60.85078,14.57688],[-60.85084,14.57697],[-60.85095,14.57701],[-60.85128,14.57699],[-60.85143,14.577],[-60.8516,14.57715],[-60.85172,14.57719],[-60.85185,14.57715],[-60.85197,14.57704],[-60.85234,14.5769],[-60.85247,14.5768],[-60.85254,14.57667],[-60.85268,14.5766],[-60.85298,14.57659],[-60.85346,14.57639],[-60.85361,14.57621],[-60.85363,14.57611],[-60.85373,14.57599],[-60.85381,14.57603],[-60.85394,14.57599],[-60.85411,14.57587],[-60.85439,14.57557],[-60.85443,14.57538],[-60.85466,14.57519],[-60.85451,14.5751],[-60.85437,14.57507],[-60.85428,14.57489],[-60.8541,14.57492],[-60.85405,14.57475],[-60.85416,14.57456],[-60.85457,14.57428],[-60.85475,14.5744],[-60.85481,14.57438],[-60.85491,14.57413],[-60.85473,14.57396],[-60.85471,14.57383],[-60.85476,14.57357],[-60.85462,14.5732],[-60.85481,14.57305],[-60.85522,14.5728],[-60.85521,14.57264],[-60.85528,14.57243],[-60.85556,14.57223],[-60.85559,14.57206],[-60.85549,14.572],[-60.85521,14.57189],[-60.85494,14.57182],[-60.85473,14.57168],[-60.85459,14.57169],[-60.85438,14.57174],[-60.8542,14.57167],[-60.85382,14.57115],[-60.85373,14.57095],[-60.85365,14.57071],[-60.85354,14.57009],[-60.85346,14.57002],[-60.85324,14.56996],[-60.85317,14.56989],[-60.85309,14.56971],[-60.85294,14.56947],[-60.85303,14.56927],[-60.85289,14.56914],[-60.85274,14.56877],[-60.85262,14.56859],[-60.85261,14.56851],[-60.85278,14.56816],[-60.85272,14.5681],[-60.85227,14.56811],[-60.85221,14.56804],[-60.85224,14.56772],[-60.8521,14.56748],[-60.85197,14.56744],[-60.85182,14.56747],[-60.85161,14.5676],[-60.85143,14.56767],[-60.85125,14.56778],[-60.85107,14.56794],[-60.8509,14.56838],[-60.85061,14.56855],[-60.85057,14.56861],[-60.85052,14.56901],[-60.85047,14.5691],[-60.85034,14.5692],[-60.85032,14.5691],[-60.8502,14.56911],[-60.85001,14.56924],[-60.84998,14.56937],[-60.85003,14.56946],[-60.84985,14.56969],[-60.84966,14.56972],[-60.84942,14.57009],[-60.84949,14.57018],[-60.84924,14.57031],[-60.84914,14.57041],[-60.84896,14.57053],[-60.84871,14.57063],[-60.8485,14.57062],[-60.84816,14.57053],[-60.84803,14.57038],[-60.84787,14.57002],[-60.84772,14.56983],[-60.84755,14.56969],[-60.84722,14.56949],[-60.847,14.56944],[-60.84689,14.56951],[-60.84679,14.56967],[-60.84665,14.5698],[-60.84659,14.56992],[-60.84634,14.5702],[-60.84614,14.57035],[-60.8458,14.57055],[-60.84536,14.57084],[-60.84525,14.57088],[-60.84513,14.57087],[-60.84507,14.57094],[-60.84507,14.57133],[-60.84502,14.57158],[-60.84484,14.57173],[-60.84473,14.57175],[-60.844,14.57162],[-60.8438,14.57163],[-60.84353,14.57171],[-60.84346,14.57165],[-60.84346,14.57154],[-60.84328,14.57141],[-60.84319,14.57139],[-60.8429,14.5715],[-60.84279,14.57146],[-60.84271,14.57135],[-60.84275,14.57127],[-60.84291,14.57117],[-60.84298,14.57104],[-60.84332,14.57081],[-60.84362,14.57064],[-60.84377,14.57047],[-60.84395,14.57021],[-60.84412,14.56992],[-60.84431,14.56946],[-60.84444,14.56926],[-60.84464,14.56902],[-60.84494,14.56873],[-60.84503,14.56854],[-60.84533,14.56804],[-60.84543,14.568],[-60.84556,14.56807],[-60.84565,14.56818],[-60.84576,14.56817],[-60.84575,14.56805],[-60.84586,14.56804],[-60.84591,14.56816],[-60.84581,14.5683],[-60.84592,14.56838],[-60.84611,14.56831],[-60.84632,14.56832],[-60.84654,14.56836],[-60.84676,14.56837],[-60.84709,14.56809],[-60.84743,14.5679],[-60.84764,14.5678],[-60.84793,14.56771],[-60.84803,14.56776],[-60.84814,14.56771],[-60.84837,14.56766],[-60.84834,14.5675],[-60.84856,14.56715],[-60.84888,14.56675],[-60.84898,14.56637],[-60.84901,14.56605],[-60.84909,14.56584],[-60.84905,14.56568],[-60.84903,14.56537],[-60.84899,14.56527],[-60.84902,14.56506],[-60.84896,14.56488],[-60.84869,14.56466],[-60.84855,14.56473],[-60.84843,14.56472],[-60.84826,14.56467],[-60.84782,14.56476],[-60.84748,14.56478],[-60.84722,14.56487],[-60.84689,14.56494],[-60.84601,14.56504],[-60.84578,14.56515],[-60.84538,14.56543],[-60.84523,14.56549],[-60.845,14.56553],[-60.84454,14.56588],[-60.844,14.5662],[-60.8433,14.56655],[-60.84304,14.56667],[-60.84282,14.56684],[-60.84256,14.56696],[-60.84236,14.567],[-60.84198,14.56702],[-60.84153,14.56698],[-60.84113,14.56704],[-60.84092,14.56702],[-60.84082,14.56694],[-60.84073,14.5668],[-60.8407,14.56655],[-60.84058,14.56638],[-60.84061,14.56618],[-60.84086,14.56601],[-60.84109,14.56569],[-60.84116,14.56547],[-60.84116,14.56532],[-60.8411,14.56519],[-60.84082,14.56492],[-60.84072,14.56479],[-60.84063,14.56445],[-60.84064,14.56419],[-60.84069,14.56402],[-60.8408,14.56388],[-60.84094,14.56376],[-60.8413,14.56337],[-60.84153,14.5631],[-60.8417,14.56294],[-60.84184,14.56274],[-60.84204,14.56259],[-60.84233,14.56248],[-60.84275,14.56216],[-60.84316,14.56187],[-60.84333,14.56186],[-60.84372,14.56178],[-60.84386,14.56172],[-60.84425,14.56167],[-60.84445,14.56169],[-60.84478,14.56182],[-60.84516,14.56187],[-60.8456,14.56189],[-60.84579,14.56187],[-60.84613,14.56178],[-60.8465,14.5616],[-60.84661,14.56133],[-60.84703,14.56092],[-60.84709,14.56072],[-60.84715,14.56065],[-60.84718,14.56042],[-60.8471,14.56022],[-60.84701,14.56007],[-60.84696,14.55995],[-60.84676,14.55967],[-60.84673,14.55954],[-60.84679,14.55942],[-60.84681,14.55919],[-60.84663,14.55904],[-60.84655,14.55886],[-60.84641,14.55867],[-60.84635,14.55854],[-60.84643,14.55819],[-60.84664,14.55801],[-60.84689,14.55788],[-60.8469,14.55779],[-60.8468,14.55764],[-60.84678,14.55731],[-60.84663,14.55715],[-60.84633,14.55713],[-60.84615,14.55714],[-60.84591,14.5571],[-60.84575,14.55716],[-60.84568,14.55726],[-60.84556,14.55733],[-60.84521,14.55734],[-60.84495,14.55744],[-60.84468,14.55746],[-60.84454,14.5575],[-60.84444,14.55757],[-60.84434,14.55785],[-60.84422,14.55793],[-60.84394,14.55797],[-60.84367,14.55819],[-60.84351,14.55822],[-60.84323,14.55807],[-60.84311,14.55815],[-60.84304,14.55828],[-60.84289,14.55837],[-60.84271,14.5584],[-60.84256,14.5585],[-60.8424,14.55858],[-60.8421,14.55856],[-60.84193,14.5586],[-60.84171,14.55854],[-60.84167,14.55865],[-60.84151,14.5589],[-60.84132,14.55906],[-60.8411,14.55919],[-60.84094,14.55923],[-60.84071,14.55935],[-60.84055,14.55937],[-60.84032,14.55945],[-60.84013,14.55947],[-60.83973,14.5594],[-60.83944,14.55922],[-60.83936,14.5591],[-60.8392,14.55901],[-60.83916,14.55886],[-60.83915,14.55859],[-60.83903,14.55873],[-60.8389,14.55873],[-60.8386,14.55851],[-60.83848,14.55848],[-60.83828,14.55837],[-60.8383,14.55824],[-60.83812,14.55809],[-60.8381,14.55795],[-60.83816,14.55771],[-60.83812,14.55756],[-60.83805,14.55753],[-60.83801,14.55769],[-60.83788,14.55781],[-60.83784,14.55809],[-60.8377,14.5582],[-60.83773,14.55843],[-60.83763,14.5586],[-60.83791,14.55861],[-60.83806,14.55866],[-60.83837,14.55882],[-60.83852,14.55893],[-60.83883,14.55927],[-60.83917,14.5597],[-60.83931,14.56001],[-60.83931,14.56013],[-60.8392,14.56075],[-60.83902,14.56149],[-60.83893,14.56171],[-60.83888,14.56193],[-60.83866,14.56229],[-60.83835,14.5627],[-60.83806,14.56299],[-60.83756,14.56339],[-60.83711,14.56378],[-60.83664,14.56416],[-60.83631,14.56435],[-60.83573,14.56463],[-60.83489,14.56515],[-60.83475,14.56522],[-60.83446,14.56542],[-60.83419,14.56556],[-60.83366,14.56588],[-60.8332,14.56612],[-60.83297,14.56626],[-60.83258,14.56656],[-60.83222,14.56688],[-60.83218,14.56732],[-60.83219,14.56755],[-60.83221,14.56773],[-60.83235,14.56788],[-60.83245,14.56791],[-60.83267,14.56788],[-60.83285,14.56775],[-60.83295,14.56762],[-60.83299,14.56743],[-60.83318,14.56727],[-60.8333,14.56728],[-60.83348,14.56735],[-60.83358,14.56744],[-60.83351,14.56761],[-60.83327,14.56766],[-60.83304,14.5679],[-60.83292,14.56798],[-60.83255,14.5681],[-60.83228,14.56809],[-60.83193,14.56804],[-60.83177,14.5681],[-60.8315,14.56843],[-60.83131,14.56857],[-60.83113,14.5688],[-60.83102,14.56906],[-60.83094,14.56919],[-60.83071,14.56938],[-60.83058,14.56943],[-60.83016,14.56944],[-60.82979,14.5694],[-60.82944,14.56926],[-60.82913,14.56923],[-60.82892,14.56917],[-60.82874,14.56908],[-60.82852,14.56888],[-60.82835,14.56877],[-60.82819,14.56873],[-60.82791,14.56874],[-60.82776,14.56872],[-60.82751,14.56862],[-60.82734,14.56859],[-60.82705,14.56847],[-60.82681,14.56848],[-60.82623,14.5686],[-60.82592,14.56861],[-60.82588,14.56852],[-60.82559,14.56855],[-60.82545,14.56837],[-60.82519,14.56826],[-60.82511,14.56813],[-60.82518,14.56799],[-60.82525,14.56798],[-60.82529,14.56784],[-60.82567,14.56794],[-60.82587,14.56794],[-60.82635,14.56788],[-60.82653,14.56783],[-60.82685,14.56781],[-60.82714,14.56764],[-60.8274,14.56753],[-60.82779,14.56725],[-60.82792,14.56702],[-60.82802,14.5666],[-60.82804,14.56633],[-60.82801,14.56623],[-60.82806,14.5661],[-60.82816,14.56597],[-60.82829,14.56591],[-60.82858,14.56587],[-60.82869,14.56595],[-60.82888,14.56597],[-60.8291,14.56595],[-60.82941,14.56565],[-60.82963,14.56555],[-60.82972,14.56545],[-60.82997,14.56483],[-60.83005,14.56449],[-60.8301,14.56408],[-60.83009,14.56378],[-60.82996,14.56377],[-60.82983,14.56331],[-60.8299,14.56314],[-60.8299,14.56301],[-60.82999,14.56285],[-60.82995,14.56223],[-60.83009,14.56185],[-60.83019,14.56182],[-60.83028,14.56146],[-60.83039,14.56125],[-60.83045,14.56097],[-60.83039,14.56075],[-60.83013,14.56064],[-60.83005,14.5605],[-60.83003,14.56031],[-60.83021,14.56015],[-60.83043,14.55983],[-60.83054,14.55962],[-60.83077,14.55932],[-60.83109,14.55906],[-60.83135,14.55894],[-60.83156,14.55903],[-60.83165,14.55899],[-60.83188,14.55884],[-60.8322,14.55885],[-60.83231,14.55876],[-60.83251,14.55867],[-60.83268,14.55848],[-60.83282,14.55814],[-60.83282,14.558],[-60.83289,14.55784],[-60.83296,14.55738],[-60.83306,14.55729],[-60.83315,14.5571],[-60.8333,14.55694],[-60.83335,14.55678],[-60.83349,14.55658],[-60.83374,14.55633],[-60.83397,14.55641],[-60.83411,14.55652],[-60.83427,14.55676],[-60.83458,14.55685],[-60.83478,14.55683],[-60.83509,14.55677],[-60.83527,14.55687],[-60.8356,14.55669],[-60.83574,14.55658],[-60.83586,14.55644],[-60.836,14.5562],[-60.83615,14.55581],[-60.83621,14.55556],[-60.83629,14.55537],[-60.83642,14.55518],[-60.83654,14.55511],[-60.83661,14.55485],[-60.83667,14.55427],[-60.83671,14.55373],[-60.83671,14.55325],[-60.83669,14.55296],[-60.83662,14.55253],[-60.83655,14.55246],[-60.83634,14.55239],[-60.83629,14.55227],[-60.83637,14.55203],[-60.83618,14.55161],[-60.83592,14.55149],[-60.83596,14.5514],[-60.83613,14.55137],[-60.83624,14.55126],[-60.83622,14.55114],[-60.83639,14.55107],[-60.83654,14.55106],[-60.83693,14.55089],[-60.83713,14.55091],[-60.83738,14.55101],[-60.83753,14.55117],[-60.8377,14.55114],[-60.83799,14.55122],[-60.8381,14.55119],[-60.83823,14.55103],[-60.83845,14.55064],[-60.83863,14.55011],[-60.83871,14.54979],[-60.83883,14.54969],[-60.83897,14.54978],[-60.83899,14.54989],[-60.83891,14.55007],[-60.83892,14.55032],[-60.83863,14.55067],[-60.83858,14.55088],[-60.83848,14.55107],[-60.83828,14.55118],[-60.83825,14.55124],[-60.83839,14.55139],[-60.83852,14.55141],[-60.83865,14.5516],[-60.83875,14.55186],[-60.8388,14.55208],[-60.83879,14.5522],[-60.83889,14.55234],[-60.83889,14.55245],[-60.83895,14.55262],[-60.83887,14.55274],[-60.83888,14.55284],[-60.83909,14.55292],[-60.83937,14.55281],[-60.83949,14.5528],[-60.83957,14.55265],[-60.83944,14.55231],[-60.83929,14.55215],[-60.83932,14.55193],[-60.83945,14.55176],[-60.83944,14.55151],[-60.83949,14.55136],[-60.83958,14.55122],[-60.83978,14.55106],[-60.83993,14.55091],[-60.84026,14.55091],[-60.8405,14.55096],[-60.84068,14.55088],[-60.8411,14.55118],[-60.84119,14.55137],[-60.84133,14.55145],[-60.84142,14.55145],[-60.84156,14.55135],[-60.8418,14.55129],[-60.84187,14.55108],[-60.84185,14.55104],[-60.84155,14.55089],[-60.84135,14.55091],[-60.84123,14.55101],[-60.84116,14.55102],[-60.84106,14.55094],[-60.84105,14.55081],[-60.84097,14.55076],[-60.84068,14.55048],[-60.84061,14.55036],[-60.84041,14.55014],[-60.84043,14.54996],[-60.8407,14.54975],[-60.84066,14.5496],[-60.84043,14.54955],[-60.84007,14.54952],[-60.83983,14.54959],[-60.83962,14.54956],[-60.83935,14.54964],[-60.8391,14.54943],[-60.83909,14.54934],[-60.83877,14.54945],[-60.83854,14.54942],[-60.83802,14.54916],[-60.83808,14.54897],[-60.83795,14.54855],[-60.83789,14.54825],[-60.83757,14.54765],[-60.83724,14.54739],[-60.837,14.54712],[-60.83681,14.5468],[-60.83673,14.54655],[-60.83662,14.54641],[-60.83623,14.54606],[-60.83597,14.5459],[-60.83577,14.5459],[-60.83557,14.54613],[-60.83553,14.54609],[-60.83575,14.54583],[-60.83578,14.54572],[-60.83562,14.54556],[-60.83537,14.54544],[-60.83506,14.54543],[-60.83492,14.54537],[-60.8346,14.54556],[-60.83473,14.54529],[-60.83439,14.54512],[-60.83408,14.54511],[-60.83393,14.54523],[-60.83368,14.54535],[-60.83383,14.54546],[-60.83334,14.54624],[-60.83385,14.54655],[-60.83417,14.54664],[-60.83432,14.54659],[-60.83443,14.54643],[-60.83442,14.54632],[-60.83449,14.54628],[-60.8346,14.54634],[-60.83455,14.5465],[-60.83435,14.54669],[-60.83421,14.54673],[-60.83396,14.5467],[-60.83381,14.54665],[-60.83331,14.54639],[-60.833,14.54619],[-60.8329,14.5461],[-60.8328,14.54615],[-60.83267,14.54606],[-60.8327,14.54595],[-60.83264,14.54585],[-60.83228,14.54568],[-60.83211,14.54561],[-60.83201,14.54549],[-60.832,14.54539],[-60.83189,14.54528],[-60.83194,14.54502],[-60.83193,14.54489],[-60.83184,14.54471],[-60.83154,14.54443],[-60.8315,14.54435],[-60.83147,14.54412],[-60.83125,14.54391],[-60.83105,14.54368],[-60.8309,14.54345],[-60.83074,14.54332],[-60.83055,14.54306],[-60.83037,14.54289],[-60.83025,14.54282],[-60.83008,14.54266],[-60.82982,14.54253],[-60.82964,14.54247],[-60.82943,14.54246],[-60.82926,14.54243],[-60.82908,14.54229],[-60.829,14.54206],[-60.8289,14.54191],[-60.82884,14.54176],[-60.82884,14.54147],[-60.82881,14.54134],[-60.82864,14.54105],[-60.82859,14.54081],[-60.82859,14.54056],[-60.82856,14.54024],[-60.82849,14.54007],[-60.82822,14.53994],[-60.82794,14.53997],[-60.82781,14.53995],[-60.82769,14.53988],[-60.82745,14.53981],[-60.82731,14.53966],[-60.8272,14.53947],[-60.82723,14.53929],[-60.82718,14.53904],[-60.8272,14.539],[-60.82746,14.53894],[-60.82754,14.53878],[-60.82769,14.53858],[-60.82769,14.53849],[-60.82755,14.53825],[-60.82751,14.53805],[-60.82697,14.53777],[-60.82667,14.53734],[-60.82661,14.53721],[-60.82666,14.53706],[-60.82677,14.53683],[-60.82687,14.53671],[-60.82701,14.53666],[-60.82737,14.53663],[-60.82762,14.53643],[-60.82784,14.53634],[-60.82807,14.53644],[-60.82823,14.53644],[-60.82861,14.53652],[-60.82894,14.53654],[-60.82914,14.53651],[-60.82941,14.53639],[-60.82955,14.5363],[-60.82988,14.53618],[-60.83026,14.53616],[-60.83068,14.53621],[-60.83106,14.5363],[-60.83122,14.53639],[-60.83135,14.53654],[-60.83158,14.53685],[-60.83166,14.53693],[-60.83191,14.537],[-60.8321,14.53689],[-60.83244,14.53652],[-60.8326,14.53647],[-60.83319,14.53651],[-60.83352,14.53659],[-60.83362,14.53664],[-60.8338,14.53682],[-60.83395,14.53692],[-60.83412,14.5371],[-60.83437,14.53754],[-60.83458,14.538],[-60.83498,14.53847],[-60.83507,14.53849],[-60.8352,14.53842],[-60.83532,14.5382],[-60.83552,14.53811],[-60.83575,14.53812],[-60.83576,14.53796],[-60.83568,14.53786],[-60.83549,14.53782],[-60.83538,14.53768],[-60.83537,14.53754],[-60.83542,14.53745],[-60.8353,14.53734],[-60.83518,14.53732],[-60.83507,14.53725],[-60.83497,14.53706],[-60.83497,14.53682],[-60.835,14.53657],[-60.83509,14.53618],[-60.83514,14.53576],[-60.8352,14.53553],[-60.83532,14.53524],[-60.8354,14.5351],[-60.83548,14.53482],[-60.83601,14.53464],[-60.83628,14.53452],[-60.83652,14.53445],[-60.83682,14.5344],[-60.83731,14.53437],[-60.83752,14.53434],[-60.83762,14.53439],[-60.83787,14.53439],[-60.83813,14.53432],[-60.83826,14.53425],[-60.8385,14.53405],[-60.83864,14.53381],[-60.83872,14.53358],[-60.83869,14.53346],[-60.83857,14.5333],[-60.83841,14.53319],[-60.83838,14.53304],[-60.83818,14.53306],[-60.83815,14.53286],[-60.8381,14.53281],[-60.83765,14.53257],[-60.83765,14.53246],[-60.83771,14.53221],[-60.83778,14.53202],[-60.83779,14.53183],[-60.83776,14.53168],[-60.83782,14.5315],[-60.83777,14.53144],[-60.83766,14.53144],[-60.83756,14.53151],[-60.83742,14.53167],[-60.83683,14.53223],[-60.83657,14.53221],[-60.83615,14.53233],[-60.8359,14.53244],[-60.83578,14.53243],[-60.83546,14.53222],[-60.83534,14.53203],[-60.83517,14.5322],[-60.83504,14.53239],[-60.83474,14.53259],[-60.8346,14.53276],[-60.83447,14.53276],[-60.83427,14.53268],[-60.83408,14.53271],[-60.83393,14.53285],[-60.83386,14.53299],[-60.83354,14.53289],[-60.83298,14.53258],[-60.83285,14.53243],[-60.8329,14.53206],[-60.83311,14.53169],[-60.83327,14.53114],[-60.83347,14.53089],[-60.83337,14.53086],[-60.83296,14.5311],[-60.8326,14.53125],[-60.83221,14.53136],[-60.83183,14.53158],[-60.83167,14.53163],[-60.83133,14.53185],[-60.83125,14.53187],[-60.83105,14.53185],[-60.83068,14.5319],[-60.83031,14.53193],[-60.83002,14.53185],[-60.82983,14.53177],[-60.8295,14.5316],[-60.82931,14.53153],[-60.82921,14.53153],[-60.82896,14.53145],[-60.82881,14.53136],[-60.8286,14.53114],[-60.82846,14.53109],[-60.82823,14.53106],[-60.82793,14.53117],[-60.82793,14.53131],[-60.82779,14.53144],[-60.82774,14.53163],[-60.82787,14.53176],[-60.82787,14.53183],[-60.82775,14.53198],[-60.82772,14.53216],[-60.82761,14.5323],[-60.82738,14.53244],[-60.82722,14.53242],[-60.82713,14.53231],[-60.82703,14.53177],[-60.827,14.53149],[-60.82692,14.53104],[-60.82664,14.53034],[-60.82661,14.53001],[-60.8265,14.52963],[-60.82648,14.52934],[-60.82637,14.52908],[-60.82612,14.5288],[-60.82581,14.52847],[-60.82567,14.52841],[-60.82541,14.52835],[-60.82524,14.52816],[-60.82523,14.52803],[-60.82529,14.52789],[-60.82553,14.52771],[-60.82595,14.52731],[-60.8261,14.52718],[-60.82626,14.52711],[-60.82652,14.52725],[-60.82659,14.52733],[-60.82659,14.52748],[-60.82655,14.52762],[-60.82652,14.52796],[-60.82665,14.52808],[-60.82708,14.52859],[-60.82734,14.52871],[-60.82755,14.52877],[-60.82769,14.52875],[-60.82796,14.5286],[-60.8282,14.52852],[-60.82847,14.52838],[-60.82874,14.52835],[-60.82894,14.52817],[-60.82902,14.52815],[-60.82941,14.52823],[-60.82975,14.52807],[-60.83003,14.52804],[-60.83013,14.52807],[-60.83052,14.52807],[-60.83066,14.52814],[-60.83076,14.52826],[-60.83082,14.52843],[-60.83095,14.5285],[-60.83109,14.52832],[-60.83118,14.52828],[-60.83127,14.52802],[-60.83132,14.52798],[-60.83167,14.52791],[-60.83209,14.5279],[-60.83227,14.52799],[-60.83249,14.52803],[-60.83269,14.528],[-60.83297,14.52801],[-60.83341,14.52794],[-60.83372,14.52796],[-60.83411,14.52804],[-60.83429,14.52817],[-60.83444,14.52812],[-60.83446,14.52798],[-60.83462,14.52767],[-60.83468,14.5275],[-60.83467,14.52738],[-60.83461,14.5272],[-60.83452,14.5271],[-60.83423,14.52686],[-60.83424,14.52676],[-60.83447,14.52664],[-60.83448,14.52656],[-60.8344,14.52647],[-60.83407,14.52623],[-60.83351,14.52574],[-60.83343,14.5257],[-60.83317,14.52569],[-60.83306,14.52566],[-60.83267,14.52526],[-60.83247,14.52494],[-60.83235,14.52486],[-60.83233,14.52474],[-60.83246,14.52454],[-60.83276,14.52437],[-60.83293,14.52415],[-60.83305,14.52411],[-60.83314,14.52402],[-60.83327,14.52383],[-60.83387,14.52351],[-60.83466,14.52325],[-60.83485,14.52314],[-60.83492,14.523],[-60.83507,14.52279],[-60.83525,14.52232],[-60.83533,14.52165],[-60.83533,14.5215],[-60.83526,14.52136],[-60.83534,14.52119],[-60.83528,14.52091],[-60.83517,14.52081],[-60.83517,14.52071],[-60.83528,14.52051],[-60.83533,14.52022],[-60.83543,14.51978],[-60.83532,14.51965],[-60.83512,14.51962],[-60.83503,14.51955],[-60.83491,14.51925],[-60.83484,14.51919],[-60.83459,14.51924],[-60.83434,14.51923],[-60.83417,14.51919],[-60.83373,14.51925],[-60.83365,14.51922],[-60.83359,14.5191],[-60.83355,14.51871],[-60.83349,14.51843],[-60.83343,14.51835],[-60.83334,14.51809],[-60.83323,14.51796],[-60.8332,14.51783],[-60.83327,14.51769],[-60.83336,14.51765],[-60.83357,14.51769],[-60.83386,14.51764],[-60.8341,14.51755],[-60.83445,14.51745],[-60.83464,14.51728],[-60.83522,14.5172],[-60.83547,14.51719],[-60.83603,14.51707],[-60.83639,14.51692],[-60.83658,14.51673],[-60.8367,14.51653],[-60.83683,14.51661],[-60.83717,14.51649],[-60.83734,14.51639],[-60.83744,14.51628],[-60.83763,14.51627],[-60.83768,14.51615],[-60.83741,14.51596],[-60.83729,14.51594],[-60.83707,14.51597],[-60.83704,14.5159],[-60.83684,14.51599],[-60.83662,14.516],[-60.83639,14.51611],[-60.83622,14.5161],[-60.83614,14.51605],[-60.83595,14.51585],[-60.83577,14.51569],[-60.83566,14.51544],[-60.83551,14.51535],[-60.83543,14.51505],[-60.8355,14.51487],[-60.83575,14.5146],[-60.83597,14.51453],[-60.83622,14.5144],[-60.83664,14.51422],[-60.83689,14.51401],[-60.83708,14.51378],[-60.83714,14.51365],[-60.83712,14.51344],[-60.83729,14.51301],[-60.83736,14.5127],[-60.83776,14.51242],[-60.83765,14.51224],[-60.83759,14.512],[-60.83759,14.51174],[-60.83757,14.51168],[-60.83741,14.51162],[-60.83727,14.51162],[-60.83698,14.51174],[-60.83675,14.51156],[-60.83641,14.5115],[-60.83608,14.51137],[-60.83586,14.51132],[-60.83571,14.5112],[-60.83555,14.51104],[-60.83551,14.51081],[-60.83534,14.51054],[-60.83504,14.51019],[-60.83484,14.51],[-60.83465,14.5099],[-60.83459,14.50981],[-60.83463,14.50969],[-60.83461,14.50937],[-60.83453,14.50933],[-60.83424,14.50945],[-60.83387,14.50956],[-60.83373,14.50952],[-60.83367,14.50945],[-60.83352,14.50943],[-60.83342,14.50947],[-60.83333,14.50961],[-60.83323,14.50999],[-60.83309,14.51018],[-60.83293,14.51027],[-60.8327,14.51036],[-60.83248,14.51038],[-60.83221,14.51034],[-60.83192,14.51019],[-60.83181,14.51023],[-60.83172,14.51019],[-60.8317,14.50998],[-60.83151,14.50991],[-60.8314,14.50975],[-60.83127,14.50967],[-60.83092,14.50958],[-60.83083,14.5096],[-60.83081,14.50972],[-60.83087,14.50991],[-60.83083,14.51002],[-60.83061,14.51018],[-60.83053,14.51038],[-60.83056,14.51056],[-60.83065,14.51072],[-60.83065,14.51098],[-60.83052,14.51141],[-60.83044,14.5115],[-60.8303,14.51155],[-60.83015,14.51156],[-60.82992,14.51151],[-60.82976,14.51141],[-60.82944,14.51127],[-60.82909,14.51126],[-60.82885,14.5112],[-60.82873,14.51106],[-60.82874,14.51094],[-60.82861,14.51083],[-60.82846,14.51085],[-60.82826,14.51113],[-60.82814,14.51125],[-60.8281,14.51149],[-60.82797,14.51188],[-60.82793,14.51195],[-60.82796,14.51208],[-60.8279,14.51223],[-60.82777,14.51234],[-60.82736,14.51257],[-60.82728,14.51262],[-60.827,14.51272],[-60.82682,14.51273],[-60.82655,14.51284],[-60.82648,14.51289],[-60.82641,14.51304],[-60.82633,14.51312],[-60.82622,14.51332],[-60.82597,14.51351],[-60.82578,14.51377],[-60.82571,14.51407],[-60.82579,14.51431],[-60.82597,14.51471],[-60.82592,14.5148],[-60.82572,14.51481],[-60.82539,14.51491],[-60.82523,14.51493],[-60.825,14.51488],[-60.82482,14.51487],[-60.82473,14.51481],[-60.82473,14.51467],[-60.8246,14.51431],[-60.82436,14.51387],[-60.82428,14.51366],[-60.82418,14.51352],[-60.82406,14.51345],[-60.82393,14.51328],[-60.82384,14.51319],[-60.8236,14.51324],[-60.82354,14.51311],[-60.82341,14.513],[-60.82348,14.5127],[-60.82349,14.51248],[-60.82344,14.51239],[-60.82343,14.51206],[-60.8233,14.51199],[-60.82317,14.51163],[-60.82319,14.51143],[-60.82312,14.51119],[-60.82305,14.5111],[-60.82288,14.51111],[-60.82282,14.51106],[-60.82279,14.51091],[-60.82262,14.51076],[-60.82257,14.51068],[-60.82241,14.51066],[-60.82214,14.5107],[-60.82203,14.51089],[-60.82194,14.51088],[-60.82197,14.51069],[-60.82209,14.51062],[-60.82233,14.51058],[-60.82249,14.51052],[-60.82258,14.51037],[-60.82267,14.50997],[-60.82267,14.50969],[-60.82264,14.50955],[-60.82254,14.50948],[-60.82249,14.50918],[-60.82247,14.50874],[-60.82247,14.50827],[-60.8225,14.5082],[-60.82263,14.50815],[-60.82268,14.50786],[-60.82274,14.50774],[-60.82288,14.50764],[-60.82299,14.50749],[-60.8232,14.5073],[-60.82334,14.50714],[-60.8236,14.50676],[-60.82377,14.50637],[-60.82395,14.50579],[-60.82399,14.50518],[-60.82399,14.50496],[-60.82403,14.50421],[-60.824,14.50399],[-60.82393,14.5037],[-60.82383,14.50359],[-60.82374,14.50338],[-60.82364,14.5033],[-60.82324,14.50325],[-60.82287,14.50316],[-60.82274,14.50308],[-60.82244,14.50295],[-60.8223,14.5028],[-60.82235,14.50265],[-60.82268,14.50236],[-60.8228,14.50211],[-60.823,14.50177],[-60.82315,14.50142],[-60.82326,14.50094],[-60.82335,14.50044],[-60.82357,14.49945],[-60.8236,14.49918],[-60.82361,14.49865],[-60.82409,14.49876],[-60.82431,14.49889],[-60.82461,14.4992],[-60.8247,14.49927],[-60.82504,14.49972],[-60.82566,14.50041],[-60.82592,14.50044],[-60.8262,14.50051],[-60.82638,14.50066],[-60.82655,14.50069],[-60.82674,14.50068],[-60.82723,14.50051],[-60.82756,14.50033],[-60.82769,14.50032],[-60.82794,14.50037],[-60.82836,14.5006],[-60.82853,14.50067],[-60.82905,14.50076],[-60.82919,14.50085],[-60.82928,14.50102],[-60.82942,14.50114],[-60.82979,14.50126],[-60.83009,14.50126],[-60.83056,14.50119],[-60.83082,14.5013],[-60.83103,14.50131],[-60.83133,14.50119],[-60.83144,14.50118],[-60.83214,14.50137],[-60.83276,14.50156],[-60.8334,14.5018],[-60.83379,14.50193],[-60.83443,14.50219],[-60.83481,14.50232],[-60.83509,14.50235],[-60.8353,14.50251],[-60.83552,14.50263],[-60.8358,14.50282],[-60.83588,14.50291],[-60.83616,14.50329],[-60.83624,14.50335],[-60.83645,14.50343],[-60.83682,14.50351],[-60.83712,14.50371],[-60.83731,14.50369],[-60.83756,14.50361],[-60.83771,14.50363],[-60.83841,14.5041],[-60.8386,14.50418],[-60.83879,14.50421],[-60.83977,14.50428],[-60.84011,14.50426],[-60.8404,14.50419],[-60.84049,14.50414],[-60.84067,14.50411],[-60.84114,14.50418],[-60.84143,14.50416],[-60.84204,14.50398],[-60.84222,14.50399],[-60.84247,14.50409],[-60.84286,14.5038],[-60.84305,14.50375],[-60.84336,14.50362],[-60.84369,14.50342],[-60.84394,14.50333],[-60.84418,14.5033],[-60.84441,14.50319],[-60.8447,14.50314],[-60.8448,14.5031],[-60.84526,14.50285],[-60.84554,14.50242],[-60.84586,14.50214],[-60.84599,14.50212],[-60.84614,14.50216],[-60.84636,14.50213],[-60.84642,14.50198],[-60.8463,14.50171],[-60.84638,14.50162],[-60.84659,14.50153],[-60.84678,14.50136],[-60.84699,14.50128],[-60.84719,14.50125],[-60.84725,14.5012],[-60.84725,14.50084],[-60.84728,14.50079],[-60.8476,14.50062],[-60.84767,14.50054],[-60.8485,14.50275],[-60.84855,14.50283],[-60.84913,14.50425],[-60.84965,14.50552],[-60.84977,14.50579],[-60.84982,14.50596],[-60.84994,14.50601],[-60.8501,14.50602],[-60.85029,14.50598],[-60.85054,14.50583],[-60.85071,14.50557],[-60.85086,14.50546],[-60.8511,14.50535],[-60.85122,14.50537],[-60.8514,14.5055],[-60.85147,14.50572],[-60.85156,14.50577],[-60.8518,14.50567],[-60.85202,14.50566],[-60.85224,14.50588],[-60.85243,14.50605],[-60.85263,14.50619],[-60.85275,14.5064],[-60.85285,14.50653],[-60.8531,14.50668],[-60.85327,14.50686],[-60.85348,14.50705],[-60.85376,14.50707],[-60.85403,14.50713],[-60.85415,14.50721],[-60.85445,14.50761],[-60.85462,14.50777],[-60.85478,14.50798],[-60.85483,14.50812],[-60.85527,14.5084],[-60.85546,14.50844],[-60.85561,14.50856],[-60.85584,14.50863],[-60.85622,14.50866],[-60.85653,14.50882],[-60.85678,14.50896],[-60.85697,14.50902],[-60.85717,14.50903],[-60.85671,14.50946],[-60.85762,14.50928],[-60.85775,14.50947],[-60.85819,14.50972],[-60.85878,14.50992],[-60.85876,14.51039],[-60.8578,14.51078],[-60.85811,14.51133],[-60.85736,14.51142],[-60.85697,14.51142],[-60.85682,14.51139],[-60.85711,14.51214],[-60.85753,14.51223],[-60.85795,14.5122],[-60.85832,14.5122],[-60.85899,14.51205],[-60.85925,14.51203],[-60.85965,14.51201],[-60.85989,14.51207],[-60.85961,14.51611],[-60.86067,14.51617],[-60.86068,14.5166],[-60.86141,14.51635],[-60.86144,14.51616],[-60.86445,14.51647],[-60.86454,14.51527],[-60.86667,14.51579],[-60.8666,14.51684],[-60.86685,14.51694],[-60.86681,14.51722],[-60.86677,14.51731],[-60.86659,14.51746],[-60.86618,14.51757],[-60.86599,14.51763],[-60.86581,14.51787],[-60.86563,14.51795],[-60.86546,14.51795],[-60.86538,14.5186],[-60.86532,14.51946],[-60.86533,14.51949],[-60.86519,14.52154],[-60.8652,14.52221],[-60.86665,14.52221],[-60.86653,14.52397],[-60.86645,14.52509],[-60.86641,14.52584],[-60.86823,14.52589],[-60.86851,14.526],[-60.8685,14.52689],[-60.86851,14.52777],[-60.86853,14.52924],[-60.8696,14.52946],[-60.86938,14.5315],[-60.87091,14.53086],[-60.87099,14.53106],[-60.87106,14.53108],[-60.87111,14.53124],[-60.87091,14.53177],[-60.87169,14.53226],[-60.87174,14.53249],[-60.87596,14.53308],[-60.87595,14.53317],[-60.87727,14.53319],[-60.87849,14.53269],[-60.87849,14.53242],[-60.87871,14.53241],[-60.87913,14.5325],[-60.87916,14.53349],[-60.88005,14.53358],[-60.88002,14.53381],[-60.88058,14.53416],[-60.88119,14.53459],[-60.88177,14.53408],[-60.88175,14.53449],[-60.88162,14.53577],[-60.88258,14.53603],[-60.88275,14.53544],[-60.88349,14.53569],[-60.88419,14.53641],[-60.8842,14.53659],[-60.88401,14.53682],[-60.88415,14.53835],[-60.88363,14.53814],[-60.8832,14.53825],[-60.88292,14.53853],[-60.88266,14.53872],[-60.88251,14.53887],[-60.8823,14.53903],[-60.8823,14.53927],[-60.88251,14.53969],[-60.88285,14.54008],[-60.8831,14.5403],[-60.88323,14.54047],[-60.88358,14.54099],[-60.88366,14.54123],[-60.88372,14.54148],[-60.88388,14.54177],[-60.88414,14.54195],[-60.88433,14.5421],[-60.88458,14.54225],[-60.88477,14.54232],[-60.88496,14.54244],[-60.88527,14.54266],[-60.88538,14.54283],[-60.88549,14.54294],[-60.88562,14.54301],[-60.88573,14.54312],[-60.88584,14.54331],[-60.88605,14.54343],[-60.88622,14.54364],[-60.88642,14.54376],[-60.88688,14.54425],[-60.88721,14.54463],[-60.8874,14.54479],[-60.88779,14.54504],[-60.88863,14.54421],[-60.88981,14.54488],[-60.88994,14.54677],[-60.89042,14.54675],[-60.89102,14.54768],[-60.89107,14.54773],[-60.8908,14.5478],[-60.89099,14.54828],[-60.89102,14.54843],[-60.8911,14.54842],[-60.8912,14.54887],[-60.89046,14.54903],[-60.8905,14.54911],[-60.89073,14.54907],[-60.89181,14.54894],[-60.89195,14.54932],[-60.89151,14.54972],[-60.89071,14.54982],[-60.89096,14.55062],[-60.89102,14.55078],[-60.89051,14.55075],[-60.89067,14.55128],[-60.89092,14.55193],[-60.8914,14.55189],[-60.8921,14.55388],[-60.89281,14.55603],[-60.89309,14.55669],[-60.89298,14.55723],[-60.89252,14.55775],[-60.89325,14.55772],[-60.89339,14.55816],[-60.89412,14.55874],[-60.8939,14.55892],[-60.89418,14.55919],[-60.89393,14.55944],[-60.89412,14.55966],[-60.89415,14.55965],[-60.89462,14.5598],[-60.89511,14.55968],[-60.89627,14.5602],[-60.89633,14.56059],[-60.89694,14.56051],[-60.89701,14.56128],[-60.89677,14.56134],[-60.89623,14.56144],[-60.89614,14.56143],[-60.89408,14.56193],[-60.89404,14.56206],[-60.89407,14.56216],[-60.89419,14.56216],[-60.89587,14.56191],[-60.89683,14.5631],[-60.89647,14.56309],[-60.89633,14.56308],[-60.89606,14.56315],[-60.8959,14.56302],[-60.89478,14.56341],[-60.89475,14.56358],[-60.89476,14.56377],[-60.89471,14.56396],[-60.89471,14.56423],[-60.89334,14.56418],[-60.89314,14.56447],[-60.89203,14.56444],[-60.89204,14.56416],[-60.89176,14.56423],[-60.89166,14.56427],[-60.89154,14.56446],[-60.89149,14.56459],[-60.89082,14.56464],[-60.89105,14.56537],[-60.89112,14.56574],[-60.89078,14.56598],[-60.89055,14.56613],[-60.89061,14.56674],[-60.89075,14.56699],[-60.89078,14.5672],[-60.8909,14.56741],[-60.89109,14.56766],[-60.89115,14.56784],[-60.89115,14.56811],[-60.8912,14.56822],[-60.89133,14.56826],[-60.89138,14.56835],[-60.89139,14.56856],[-60.89146,14.56874],[-60.89147,14.56885],[-60.88857,14.56893],[-60.88757,14.56896],[-60.88716,14.56891],[-60.88675,14.56884],[-60.88641,14.56875],[-60.88454,14.56856],[-60.88481,14.57134],[-60.88508,14.57289],[-60.88511,14.57339],[-60.88514,14.57353],[-60.88515,14.57384],[-60.8852,14.57428],[-60.88438,14.57449],[-60.88167,14.57463],[-60.88163,14.57435],[-60.88158,14.57416],[-60.88149,14.57399],[-60.88094,14.57391],[-60.88079,14.57391],[-60.8802,14.57391],[-60.87741,14.57417],[-60.87731,14.57478],[-60.87734,14.57514],[-60.87732,14.57564],[-60.87731,14.57629],[-60.87723,14.57639],[-60.87663,14.57646],[-60.87643,14.57652],[-60.87611,14.57657],[-60.87379,14.57434],[-60.87322,14.57423],[-60.87284,14.5745],[-60.87267,14.57473],[-60.87249,14.57495],[-60.87229,14.57514],[-60.87214,14.57525],[-60.87188,14.57538],[-60.87183,14.57551],[-60.87183,14.57573],[-60.87181,14.57582],[-60.87153,14.57625],[-60.87139,14.57635],[-60.87109,14.57649],[-60.87094,14.57652],[-60.87079,14.57652],[-60.87057,14.57646],[-60.87033,14.57644],[-60.87012,14.57648],[-60.86941,14.57675],[-60.86881,14.57691],[-60.86849,14.57701],[-60.86801,14.57726],[-60.86782,14.57743],[-60.86746,14.57787],[-60.86726,14.57795],[-60.86689,14.57794],[-60.86665,14.57801],[-60.86639,14.57804],[-60.86616,14.57812],[-60.86572,14.57838],[-60.86552,14.57848],[-60.8653,14.57854],[-60.86505,14.57856],[-60.86482,14.57859],[-60.86471,14.57865],[-60.86431,14.57897],[-60.86417,14.57905],[-60.86404,14.57903],[-60.86383,14.57878],[-60.86372,14.57892],[-60.86369,14.57903],[-60.86356,14.57918],[-60.86335,14.57932],[-60.86286,14.57957],[-60.86162,14.5802],[-60.86145,14.58028],[-60.86139,14.58035],[-60.86115,14.58048],[-60.86103,14.58052],[-60.86038,14.58064],[-60.86001,14.58067],[-60.85978,14.58067],[-60.85946,14.58071],[-60.85885,14.58083],[-60.85835,14.5809],[-60.8578,14.58092],[-60.85746,14.58099],[-60.857,14.58103],[-60.85691,14.58102],[-60.85661,14.58112],[-60.8563,14.58118],[-60.8559,14.58138],[-60.85548,14.58169],[-60.85474,14.5822],[-60.85448,14.58235],[-60.85418,14.58257],[-60.85387,14.58275],[-60.85345,14.58307],[-60.85342,14.58312],[-60.85314,14.58331],[-60.85298,14.58338],[-60.85253,14.58367],[-60.85183,14.58414],[-60.8517,14.58425],[-60.85128,14.58451],[-60.851,14.58472],[-60.85031,14.58518],[-60.84999,14.58541]]],[[[-60.83843,14.56731],[-60.83831,14.56756],[-60.83805,14.56794],[-60.83766,14.56827],[-60.83726,14.56867],[-60.83699,14.56901],[-60.8368,14.56932],[-60.83669,14.56944],[-60.83631,14.56967],[-60.83592,14.56999],[-60.8358,14.57015],[-60.83543,14.57036],[-60.83526,14.57034],[-60.83463,14.56992],[-60.83442,14.56991],[-60.83427,14.56984],[-60.83425,14.56963],[-60.83434,14.56955],[-60.83434,14.56893],[-60.83427,14.56862],[-60.8343,14.56833],[-60.83444,14.56794],[-60.83463,14.56774],[-60.83475,14.56773],[-60.83487,14.56778],[-60.83495,14.56769],[-60.83521,14.56732],[-60.83534,14.56722],[-60.8355,14.56721],[-60.83589,14.56725],[-60.8361,14.56724],[-60.83629,14.56718],[-60.83649,14.56708],[-60.83673,14.56691],[-60.83682,14.56689],[-60.83742,14.56686],[-60.83755,14.56679],[-60.8376,14.56666],[-60.83778,14.56649],[-60.83806,14.56639],[-60.83826,14.56664],[-60.83844,14.56659],[-60.83855,14.56661],[-60.83857,14.56684],[-60.83851,14.56714],[-60.83843,14.56731]]]]}},{"type":"Feature","properties":{"nom":"Le Morne-Vert","code":"97233"},"geometry":{"type":"Polygon","coordinates":[[[-61.11586,14.69063],[-61.11612,14.69064],[-61.11674,14.69056],[-61.11722,14.69052],[-61.11802,14.6907],[-61.11844,14.69074],[-61.11876,14.69065],[-61.11908,14.69046],[-61.11931,14.69029],[-61.11955,14.69018],[-61.11987,14.69006],[-61.1202,14.69001],[-61.1205,14.69002],[-61.12106,14.69008],[-61.12128,14.69013],[-61.12164,14.69027],[-61.12184,14.69027],[-61.12215,14.69032],[-61.12251,14.69031],[-61.12327,14.69034],[-61.12408,14.6902],[-61.12415,14.69021],[-61.12461,14.69034],[-61.12486,14.69038],[-61.12502,14.69038],[-61.12515,14.69034],[-61.12531,14.69023],[-61.12554,14.69003],[-61.12562,14.69002],[-61.12591,14.69006],[-61.12636,14.69006],[-61.12653,14.69003],[-61.12676,14.68991],[-61.12698,14.68984],[-61.12719,14.68983],[-61.12728,14.6899],[-61.12796,14.68986],[-61.12801,14.68982],[-61.1283,14.68972],[-61.12844,14.68974],[-61.12868,14.68986],[-61.12875,14.68995],[-61.12911,14.69016],[-61.12929,14.69019],[-61.1297,14.69022],[-61.13013,14.69021],[-61.13035,14.69015],[-61.13073,14.68994],[-61.13097,14.68975],[-61.1321,14.69004],[-61.13244,14.69022],[-61.13253,14.69023],[-61.13281,14.69014],[-61.13314,14.68994],[-61.13437,14.68948],[-61.13467,14.68949],[-61.13529,14.68963],[-61.1355,14.68972],[-61.13563,14.68965],[-61.13577,14.68974],[-61.13623,14.68975],[-61.13643,14.6898],[-61.13701,14.68974],[-61.13709,14.6898],[-61.1375,14.68988],[-61.13776,14.68987],[-61.13802,14.68992],[-61.13832,14.68992],[-61.13857,14.6899],[-61.1387,14.68992],[-61.13875,14.69016],[-61.13877,14.69044],[-61.13889,14.69063],[-61.1391,14.69082],[-61.13909,14.69056],[-61.13912,14.68991],[-61.13924,14.68982],[-61.13948,14.68956],[-61.13982,14.68885],[-61.14006,14.68879],[-61.14044,14.68863],[-61.14076,14.68846],[-61.141,14.68859],[-61.14122,14.68865],[-61.14142,14.68863],[-61.14127,14.68886],[-61.14115,14.68952],[-61.14111,14.69038],[-61.14117,14.69033],[-61.14177,14.69019],[-61.14206,14.69037],[-61.14242,14.69048],[-61.1427,14.68988],[-61.14277,14.68951],[-61.14302,14.68962],[-61.14333,14.68975],[-61.14366,14.68975],[-61.14406,14.68972],[-61.14442,14.6895],[-61.14477,14.68935],[-61.14519,14.68928],[-61.14549,14.68928],[-61.14621,14.6899],[-61.1467,14.68992],[-61.14686,14.68997],[-61.14713,14.69009],[-61.14747,14.69022],[-61.14762,14.69031],[-61.14782,14.69034],[-61.14799,14.6904],[-61.14812,14.69053],[-61.14825,14.69073],[-61.1484,14.69089],[-61.14852,14.69112],[-61.14863,14.69126],[-61.14867,14.69148],[-61.1489,14.69156],[-61.14915,14.69163],[-61.14986,14.69149],[-61.15022,14.69136],[-61.15048,14.69142],[-61.15074,14.69129],[-61.15111,14.69138],[-61.15132,14.69134],[-61.1515,14.69119],[-61.152,14.69163],[-61.15243,14.69203],[-61.15279,14.6924],[-61.15335,14.69309],[-61.15363,14.69335],[-61.15392,14.69367],[-61.15401,14.69372],[-61.15415,14.69372],[-61.15428,14.69365],[-61.15463,14.69412],[-61.15488,14.69444],[-61.15517,14.69485],[-61.15545,14.69533],[-61.15563,14.69587],[-61.15568,14.69627],[-61.15575,14.69685],[-61.1562,14.69693],[-61.15617,14.69727],[-61.15597,14.69741],[-61.1558,14.6979],[-61.15588,14.698],[-61.15612,14.69806],[-61.15639,14.6983],[-61.15666,14.69843],[-61.15677,14.69853],[-61.15683,14.69865],[-61.15691,14.6989],[-61.15706,14.69951],[-61.15704,14.69982],[-61.15699,14.69991],[-61.15726,14.70007],[-61.1575,14.70029],[-61.15789,14.70074],[-61.1579,14.70079],[-61.15851,14.70157],[-61.1588,14.70184],[-61.15868,14.70244],[-61.15852,14.70254],[-61.15854,14.70268],[-61.15865,14.70286],[-61.15863,14.70333],[-61.15857,14.70379],[-61.15852,14.70391],[-61.15835,14.70407],[-61.15852,14.70547],[-61.15862,14.70617],[-61.15897,14.70635],[-61.15923,14.70645],[-61.15913,14.70653],[-61.15897,14.7067],[-61.15882,14.70702],[-61.15878,14.70716],[-61.15871,14.70722],[-61.15852,14.7073],[-61.15852,14.70735],[-61.15834,14.70744],[-61.15799,14.70767],[-61.1579,14.70777],[-61.15787,14.70826],[-61.15802,14.70855],[-61.15797,14.71099],[-61.15795,14.71179],[-61.15785,14.71179],[-61.15787,14.71364],[-61.15778,14.71367],[-61.15746,14.71398],[-61.15732,14.71405],[-61.15716,14.71405],[-61.15694,14.71393],[-61.1568,14.71378],[-61.15678,14.71366],[-61.15679,14.71336],[-61.15675,14.71321],[-61.15667,14.71312],[-61.15651,14.71304],[-61.15633,14.71304],[-61.1559,14.71314],[-61.15569,14.71317],[-61.15548,14.71324],[-61.1553,14.7134],[-61.15513,14.71363],[-61.15506,14.71379],[-61.15501,14.71405],[-61.15484,14.71414],[-61.15466,14.71408],[-61.15456,14.71395],[-61.15448,14.71378],[-61.1545,14.71351],[-61.15439,14.71328],[-61.15429,14.7132],[-61.15423,14.71304],[-61.1543,14.71278],[-61.15428,14.71269],[-61.15415,14.71266],[-61.15403,14.7128],[-61.15386,14.71311],[-61.15366,14.71317],[-61.15356,14.71316],[-61.15312,14.71303],[-61.15276,14.71292],[-61.1524,14.71283],[-61.15217,14.71274],[-61.15196,14.71275],[-61.15185,14.71301],[-61.15188,14.7135],[-61.15185,14.71366],[-61.15175,14.71371],[-61.15154,14.71369],[-61.15139,14.71355],[-61.15128,14.71349],[-61.15108,14.7133],[-61.15087,14.71304],[-61.15052,14.71293],[-61.15037,14.71294],[-61.15013,14.71299],[-61.14993,14.71312],[-61.14984,14.7133],[-61.14983,14.71349],[-61.14985,14.71369],[-61.1498,14.71375],[-61.14958,14.71387],[-61.14942,14.71392],[-61.1493,14.71401],[-61.14928,14.71411],[-61.14932,14.71443],[-61.1493,14.71456],[-61.14916,14.71475],[-61.14904,14.71482],[-61.14887,14.71482],[-61.1486,14.71479],[-61.14842,14.71474],[-61.14829,14.71464],[-61.14804,14.71422],[-61.1479,14.71408],[-61.14776,14.71405],[-61.14763,14.71415],[-61.14754,14.71435],[-61.14748,14.71462],[-61.14752,14.71478],[-61.1475,14.71515],[-61.14745,14.71532],[-61.14737,14.71545],[-61.14733,14.71569],[-61.14722,14.71583],[-61.14702,14.71593],[-61.14678,14.71593],[-61.14663,14.71586],[-61.14645,14.7157],[-61.14632,14.71567],[-61.14602,14.71554],[-61.14565,14.71551],[-61.14544,14.71558],[-61.1452,14.71575],[-61.14494,14.71607],[-61.14478,14.71616],[-61.14461,14.71618],[-61.14442,14.71609],[-61.14431,14.71594],[-61.14416,14.71585],[-61.14389,14.71593],[-61.14377,14.71601],[-61.14368,14.71614],[-61.14362,14.71638],[-61.14353,14.7165],[-61.14332,14.71663],[-61.14317,14.71683],[-61.14298,14.71701],[-61.14287,14.71725],[-61.14266,14.7175],[-61.14254,14.71771],[-61.14241,14.71782],[-61.14213,14.71802],[-61.14199,14.7181],[-61.14183,14.71813],[-61.1416,14.71811],[-61.14145,14.71818],[-61.1413,14.7182],[-61.14115,14.71819],[-61.14084,14.71826],[-61.14064,14.71818],[-61.14053,14.718],[-61.14043,14.71794],[-61.14021,14.71784],[-61.13983,14.71788],[-61.1397,14.71786],[-61.13947,14.71772],[-61.13926,14.71758],[-61.13898,14.71752],[-61.13882,14.71743],[-61.1383,14.71727],[-61.13812,14.71733],[-61.13792,14.71734],[-61.1377,14.71739],[-61.13753,14.71738],[-61.13714,14.71756],[-61.13701,14.71768],[-61.13688,14.71775],[-61.13655,14.71776],[-61.13634,14.7177],[-61.13613,14.71768],[-61.1358,14.71794],[-61.13557,14.71811],[-61.13534,14.71822],[-61.13512,14.71828],[-61.13488,14.71838],[-61.13459,14.71854],[-61.13423,14.71868],[-61.13387,14.71887],[-61.13361,14.71903],[-61.13347,14.71914],[-61.1332,14.71953],[-61.13281,14.72013],[-61.13269,14.72018],[-61.13257,14.72013],[-61.13239,14.71998],[-61.13215,14.71998],[-61.13173,14.72016],[-61.13119,14.7203],[-61.13091,14.7204],[-61.13067,14.72039],[-61.1305,14.72042],[-61.13019,14.72055],[-61.13003,14.72058],[-61.12992,14.72053],[-61.12941,14.72067],[-61.1291,14.72072],[-61.12892,14.7208],[-61.12871,14.72079],[-61.12837,14.72083],[-61.12819,14.72077],[-61.12787,14.72061],[-61.12777,14.72058],[-61.1274,14.72057],[-61.12688,14.72044],[-61.12633,14.72017],[-61.126,14.71996],[-61.12572,14.71975],[-61.1239,14.71887],[-61.12201,14.71871],[-61.12167,14.71924],[-61.12141,14.71922],[-61.12125,14.71903],[-61.12111,14.71877],[-61.12098,14.71861],[-61.11963,14.7173],[-61.11896,14.71675],[-61.11852,14.71627],[-61.11837,14.71564],[-61.11843,14.71494],[-61.11845,14.71433],[-61.11823,14.7138],[-61.11812,14.71308],[-61.11782,14.71293],[-61.11767,14.7123],[-61.11735,14.71207],[-61.11719,14.71197],[-61.11682,14.71191],[-61.11687,14.71173],[-61.11682,14.71157],[-61.11681,14.71126],[-61.11692,14.71095],[-61.11687,14.71077],[-61.11668,14.71046],[-61.11651,14.71025],[-61.11635,14.70995],[-61.11621,14.70962],[-61.11606,14.70936],[-61.11606,14.70882],[-61.11593,14.70885],[-61.11578,14.70877],[-61.11576,14.70856],[-61.11569,14.70847],[-61.11569,14.70836],[-61.11558,14.70821],[-61.11558,14.70812],[-61.11549,14.70797],[-61.11525,14.7078],[-61.11496,14.70772],[-61.11492,14.70756],[-61.11484,14.70749],[-61.11473,14.7072],[-61.11447,14.70667],[-61.11442,14.70653],[-61.1144,14.70633],[-61.11431,14.70622],[-61.11421,14.70599],[-61.1142,14.70573],[-61.11402,14.70551],[-61.114,14.70541],[-61.11386,14.7052],[-61.11374,14.70481],[-61.11365,14.70468],[-61.1134,14.70441],[-61.11336,14.7042],[-61.11335,14.70397],[-61.11324,14.70356],[-61.11328,14.70344],[-61.11328,14.70323],[-61.11323,14.70306],[-61.11325,14.70269],[-61.11327,14.70255],[-61.11324,14.70243],[-61.11326,14.70204],[-61.11321,14.7019],[-61.11317,14.70171],[-61.11322,14.7013],[-61.1133,14.70116],[-61.11327,14.70089],[-61.11318,14.70049],[-61.1132,14.70024],[-61.11316,14.70014],[-61.11321,14.69984],[-61.11336,14.69966],[-61.11345,14.69947],[-61.11341,14.69928],[-61.11347,14.69919],[-61.11349,14.699],[-61.11355,14.69893],[-61.11342,14.69872],[-61.11358,14.69855],[-61.114,14.69792],[-61.11409,14.69768],[-61.11424,14.69746],[-61.11484,14.69728],[-61.11527,14.69682],[-61.11536,14.69661],[-61.11547,14.69612],[-61.1157,14.69558],[-61.11574,14.69538],[-61.11573,14.69481],[-61.1158,14.69461],[-61.11613,14.69391],[-61.11626,14.69373],[-61.11638,14.69367],[-61.11651,14.69353],[-61.11642,14.69327],[-61.11623,14.69302],[-61.1162,14.69279],[-61.11623,14.69259],[-61.11622,14.69227],[-61.11628,14.69196],[-61.11619,14.69172],[-61.11619,14.69157],[-61.11623,14.69138],[-61.11621,14.6912],[-61.11599,14.69086],[-61.11586,14.69063]]]}},{"type":"Feature","properties":{"nom":"Bellefontaine","code":"97234"},"geometry":{"type":"Polygon","coordinates":[[[-61.15428,14.69365],[-61.15415,14.69372],[-61.15401,14.69372],[-61.15392,14.69367],[-61.15363,14.69335],[-61.15335,14.69309],[-61.15279,14.6924],[-61.15243,14.69203],[-61.152,14.69163],[-61.1515,14.69119],[-61.15132,14.69134],[-61.15111,14.69138],[-61.15074,14.69129],[-61.15048,14.69142],[-61.15022,14.69136],[-61.14986,14.69149],[-61.14915,14.69163],[-61.1489,14.69156],[-61.14867,14.69148],[-61.14863,14.69126],[-61.14852,14.69112],[-61.1484,14.69089],[-61.14825,14.69073],[-61.14812,14.69053],[-61.14799,14.6904],[-61.14782,14.69034],[-61.14762,14.69031],[-61.14747,14.69022],[-61.14713,14.69009],[-61.14686,14.68997],[-61.1467,14.68992],[-61.14621,14.6899],[-61.14549,14.68928],[-61.14519,14.68928],[-61.14477,14.68935],[-61.14442,14.6895],[-61.14406,14.68972],[-61.14366,14.68975],[-61.14333,14.68975],[-61.14302,14.68962],[-61.14277,14.68951],[-61.1427,14.68988],[-61.14242,14.69048],[-61.14206,14.69037],[-61.14177,14.69019],[-61.14117,14.69033],[-61.14111,14.69038],[-61.14115,14.68952],[-61.14127,14.68886],[-61.14142,14.68863],[-61.14122,14.68865],[-61.141,14.68859],[-61.14076,14.68846],[-61.14044,14.68863],[-61.14006,14.68879],[-61.13982,14.68885],[-61.13948,14.68956],[-61.13924,14.68982],[-61.13912,14.68991],[-61.13909,14.69056],[-61.1391,14.69082],[-61.13889,14.69063],[-61.13877,14.69044],[-61.13875,14.69016],[-61.1387,14.68992],[-61.13857,14.6899],[-61.13832,14.68992],[-61.13802,14.68992],[-61.13776,14.68987],[-61.1375,14.68988],[-61.13709,14.6898],[-61.13701,14.68974],[-61.13643,14.6898],[-61.13623,14.68975],[-61.13577,14.68974],[-61.13563,14.68965],[-61.1355,14.68972],[-61.13529,14.68963],[-61.13467,14.68949],[-61.13437,14.68948],[-61.13314,14.68994],[-61.13281,14.69014],[-61.13253,14.69023],[-61.13244,14.69022],[-61.1321,14.69004],[-61.13097,14.68975],[-61.13073,14.68994],[-61.13035,14.69015],[-61.13013,14.69021],[-61.1297,14.69022],[-61.12929,14.69019],[-61.12911,14.69016],[-61.12875,14.68995],[-61.12868,14.68986],[-61.12844,14.68974],[-61.1283,14.68972],[-61.12801,14.68982],[-61.12796,14.68986],[-61.12728,14.6899],[-61.12719,14.68983],[-61.12698,14.68984],[-61.12676,14.68991],[-61.12653,14.69003],[-61.12636,14.69006],[-61.12591,14.69006],[-61.12562,14.69002],[-61.12554,14.69003],[-61.12531,14.69023],[-61.12515,14.69034],[-61.12502,14.69038],[-61.12486,14.69038],[-61.12461,14.69034],[-61.12415,14.69021],[-61.12436,14.68989],[-61.12467,14.68954],[-61.12531,14.68933],[-61.12555,14.68916],[-61.12597,14.689],[-61.12605,14.6889],[-61.12617,14.68862],[-61.12625,14.68847],[-61.1264,14.68836],[-61.12656,14.68804],[-61.12686,14.68774],[-61.12683,14.68755],[-61.12692,14.68742],[-61.12706,14.68738],[-61.12712,14.68723],[-61.12708,14.687],[-61.12725,14.68639],[-61.12723,14.68615],[-61.12711,14.68581],[-61.12727,14.68559],[-61.12736,14.68534],[-61.12753,14.68418],[-61.12756,14.68387],[-61.12762,14.68369],[-61.12766,14.6832],[-61.1276,14.68288],[-61.12759,14.68248],[-61.12752,14.68221],[-61.12751,14.68206],[-61.12731,14.68172],[-61.12736,14.68149],[-61.12727,14.6812],[-61.12722,14.68092],[-61.12713,14.68078],[-61.12705,14.6806],[-61.127,14.68016],[-61.12712,14.68002],[-61.12726,14.67996],[-61.12761,14.67999],[-61.12778,14.67998],[-61.12803,14.67985],[-61.12816,14.67973],[-61.12828,14.67957],[-61.12833,14.67938],[-61.12831,14.67909],[-61.12819,14.6788],[-61.12816,14.6786],[-61.12825,14.6783],[-61.12835,14.67813],[-61.12849,14.67799],[-61.12868,14.67777],[-61.12884,14.67765],[-61.12902,14.67757],[-61.12924,14.67752],[-61.12964,14.67758],[-61.13017,14.67746],[-61.13033,14.67737],[-61.1305,14.6771],[-61.13058,14.6769],[-61.13071,14.67674],[-61.131,14.67658],[-61.13122,14.67657],[-61.13168,14.67662],[-61.1319,14.67663],[-61.13208,14.67658],[-61.13223,14.67645],[-61.13235,14.67606],[-61.13242,14.67594],[-61.13261,14.67567],[-61.13278,14.67553],[-61.13304,14.67533],[-61.13354,14.67462],[-61.13343,14.67453],[-61.13327,14.67447],[-61.13281,14.6742],[-61.13228,14.67394],[-61.13203,14.67375],[-61.13164,14.67385],[-61.13088,14.6737],[-61.13007,14.67339],[-61.12997,14.67337],[-61.12962,14.67353],[-61.12948,14.67344],[-61.12858,14.67314],[-61.12844,14.67298],[-61.12749,14.67269],[-61.12731,14.67268],[-61.1269,14.67247],[-61.12708,14.67221],[-61.12714,14.67193],[-61.12723,14.67182],[-61.12752,14.6716],[-61.12759,14.67148],[-61.1276,14.67125],[-61.12797,14.67096],[-61.12804,14.67081],[-61.12808,14.67057],[-61.12818,14.67044],[-61.12837,14.67027],[-61.12846,14.67012],[-61.12851,14.66986],[-61.12855,14.6698],[-61.12876,14.66962],[-61.12882,14.66954],[-61.12899,14.66911],[-61.12922,14.6689],[-61.12928,14.66865],[-61.12939,14.66844],[-61.12957,14.66832],[-61.13012,14.66819],[-61.1305,14.66799],[-61.13067,14.66792],[-61.13089,14.66774],[-61.1312,14.66751],[-61.13155,14.66744],[-61.1318,14.6672],[-61.1319,14.66715],[-61.13218,14.66713],[-61.13239,14.66698],[-61.1325,14.66695],[-61.13277,14.66679],[-61.13307,14.6668],[-61.13333,14.6665],[-61.1336,14.66629],[-61.13388,14.66615],[-61.13422,14.66615],[-61.13446,14.66598],[-61.13484,14.66588],[-61.13514,14.66586],[-61.13563,14.66565],[-61.13581,14.66565],[-61.1359,14.66554],[-61.13593,14.66532],[-61.136,14.66505],[-61.13606,14.66493],[-61.13628,14.66485],[-61.13658,14.66491],[-61.13667,14.66491],[-61.13686,14.66465],[-61.13703,14.66458],[-61.13716,14.66439],[-61.13734,14.66424],[-61.13749,14.66419],[-61.13767,14.66408],[-61.13796,14.66378],[-61.13812,14.66373],[-61.13836,14.66352],[-61.13853,14.66318],[-61.13865,14.66308],[-61.13882,14.66301],[-61.13889,14.66264],[-61.13905,14.6624],[-61.13948,14.66206],[-61.13978,14.66196],[-61.13987,14.6619],[-61.13999,14.6617],[-61.14022,14.66158],[-61.14036,14.66154],[-61.14066,14.66152],[-61.14091,14.66144],[-61.14105,14.66126],[-61.14115,14.66109],[-61.14126,14.66105],[-61.14157,14.66106],[-61.14177,14.66099],[-61.14198,14.66073],[-61.1424,14.66038],[-61.14293,14.66023],[-61.14305,14.66019],[-61.14326,14.66001],[-61.14339,14.65983],[-61.14364,14.65976],[-61.14377,14.65964],[-61.14386,14.65946],[-61.14408,14.65934],[-61.14433,14.65913],[-61.14452,14.65906],[-61.14466,14.65895],[-61.14484,14.6589],[-61.14501,14.65905],[-61.14526,14.65911],[-61.14537,14.65906],[-61.14552,14.65878],[-61.14568,14.65865],[-61.14577,14.65864],[-61.14609,14.65871],[-61.14629,14.6588],[-61.14658,14.65887],[-61.14684,14.65883],[-61.14711,14.65882],[-61.14748,14.65885],[-61.148,14.65881],[-61.14825,14.65876],[-61.14867,14.65859],[-61.149,14.65833],[-61.14914,14.65819],[-61.14929,14.65796],[-61.14942,14.65764],[-61.1495,14.65736],[-61.14959,14.65723],[-61.1498,14.65706],[-61.15006,14.65689],[-61.15037,14.65679],[-61.15068,14.65661],[-61.15109,14.65653],[-61.1513,14.65642],[-61.15155,14.65636],[-61.15194,14.65644],[-61.15222,14.65647],[-61.15249,14.65639],[-61.1533,14.65607],[-61.15354,14.65601],[-61.15381,14.65588],[-61.15398,14.65577],[-61.15407,14.65594],[-61.1542,14.6561],[-61.15446,14.6563],[-61.15464,14.65636],[-61.15501,14.65628],[-61.15523,14.65629],[-61.15542,14.65619],[-61.15558,14.65616],[-61.15585,14.65626],[-61.15617,14.65634],[-61.15627,14.65634],[-61.15642,14.65626],[-61.15658,14.65634],[-61.15679,14.65656],[-61.15696,14.65662],[-61.15697,14.65678],[-61.15702,14.65692],[-61.15712,14.65711],[-61.15713,14.65737],[-61.15721,14.65766],[-61.15734,14.65779],[-61.15738,14.65806],[-61.15745,14.6583],[-61.15758,14.6585],[-61.15761,14.65862],[-61.15758,14.65912],[-61.15752,14.65943],[-61.15773,14.65945],[-61.15791,14.65962],[-61.15798,14.65981],[-61.15795,14.65992],[-61.15778,14.66007],[-61.15796,14.66026],[-61.15803,14.66039],[-61.15789,14.66049],[-61.15815,14.66067],[-61.15827,14.6608],[-61.15829,14.66092],[-61.15822,14.66124],[-61.15834,14.66124],[-61.15852,14.66138],[-61.15871,14.66148],[-61.15893,14.66149],[-61.15902,14.66156],[-61.15902,14.6617],[-61.15896,14.66188],[-61.15888,14.66203],[-61.15877,14.66212],[-61.15863,14.66215],[-61.15851,14.66222],[-61.15845,14.66249],[-61.15849,14.66282],[-61.15859,14.66306],[-61.15867,14.66346],[-61.15896,14.66388],[-61.15907,14.66402],[-61.1592,14.66425],[-61.15938,14.66448],[-61.15959,14.66464],[-61.15993,14.66441],[-61.16043,14.66411],[-61.16058,14.66398],[-61.16056,14.66392],[-61.16069,14.66383],[-61.16094,14.66421],[-61.1608,14.66427],[-61.16027,14.66462],[-61.16019,14.66469],[-61.16027,14.6648],[-61.16043,14.66515],[-61.1607,14.6654],[-61.16085,14.66558],[-61.16098,14.66567],[-61.16108,14.66581],[-61.16122,14.66582],[-61.16133,14.66589],[-61.16146,14.66605],[-61.16159,14.66633],[-61.16171,14.66648],[-61.16187,14.66684],[-61.16197,14.66723],[-61.16211,14.6677],[-61.16241,14.66818],[-61.16253,14.66831],[-61.16288,14.6688],[-61.16313,14.66911],[-61.16322,14.66932],[-61.16336,14.66952],[-61.16405,14.67069],[-61.1642,14.67101],[-61.16421,14.6712],[-61.16409,14.67145],[-61.16389,14.67163],[-61.16379,14.67181],[-61.16382,14.67196],[-61.16393,14.67217],[-61.16428,14.67259],[-61.16468,14.67283],[-61.16497,14.67308],[-61.16529,14.67325],[-61.16553,14.67331],[-61.16567,14.67324],[-61.16586,14.67331],[-61.16615,14.67346],[-61.16631,14.67358],[-61.16663,14.67387],[-61.16688,14.67417],[-61.16701,14.67436],[-61.1672,14.67473],[-61.16732,14.67485],[-61.16764,14.67508],[-61.16779,14.67524],[-61.16771,14.67526],[-61.16687,14.67566],[-61.16651,14.67591],[-61.16635,14.67612],[-61.16622,14.67634],[-61.1661,14.67677],[-61.16589,14.67715],[-61.16567,14.67768],[-61.16541,14.67816],[-61.16526,14.67855],[-61.16509,14.67893],[-61.16491,14.67918],[-61.16465,14.67939],[-61.16422,14.67965],[-61.16403,14.67983],[-61.16397,14.67994],[-61.16396,14.68013],[-61.16383,14.68045],[-61.16377,14.68086],[-61.16374,14.68124],[-61.16379,14.68168],[-61.16379,14.68194],[-61.16377,14.6823],[-61.16376,14.68259],[-61.16367,14.68302],[-61.16348,14.68324],[-61.16327,14.68336],[-61.16273,14.68355],[-61.16249,14.68357],[-61.16217,14.68352],[-61.16172,14.68342],[-61.16158,14.68346],[-61.16135,14.68364],[-61.16119,14.68381],[-61.16103,14.68413],[-61.16082,14.68447],[-61.16067,14.6849],[-61.16065,14.68553],[-61.16068,14.68567],[-61.16076,14.68588],[-61.1608,14.68615],[-61.16071,14.68649],[-61.16046,14.68684],[-61.16015,14.68717],[-61.16,14.68725],[-61.15983,14.68726],[-61.15954,14.68723],[-61.15946,14.68725],[-61.15919,14.68743],[-61.15905,14.68765],[-61.15903,14.68785],[-61.15911,14.68818],[-61.15927,14.68853],[-61.1593,14.68876],[-61.15916,14.689],[-61.15898,14.68919],[-61.15862,14.68947],[-61.15834,14.6896],[-61.15816,14.68964],[-61.15787,14.68963],[-61.15772,14.68972],[-61.1574,14.69016],[-61.15718,14.6906],[-61.15711,14.69071],[-61.15689,14.69093],[-61.15668,14.69105],[-61.15663,14.69113],[-61.15665,14.69127],[-61.15657,14.69155],[-61.1566,14.69174],[-61.15655,14.69197],[-61.15636,14.69216],[-61.15619,14.6922],[-61.15593,14.69214],[-61.15573,14.69206],[-61.15553,14.69204],[-61.15535,14.69209],[-61.15511,14.69213],[-61.15498,14.69221],[-61.15481,14.69226],[-61.15458,14.69245],[-61.15449,14.69261],[-61.15445,14.69293],[-61.15447,14.69333],[-61.15443,14.69349],[-61.15428,14.69365]]]}}]}